-- MySQL dump 10.13  Distrib 5.1.37, for debian-linux-gnu (i486)
--
-- Host: localhost    Database: uniqsystems_development
-- ------------------------------------------------------
-- Server version	5.1.37-1ubuntu5.1-log

/*!40101 SET @OLD_CHARACTER_SET_CLIENT=@@CHARACTER_SET_CLIENT */;
/*!40101 SET @OLD_CHARACTER_SET_RESULTS=@@CHARACTER_SET_RESULTS */;
/*!40101 SET @OLD_COLLATION_CONNECTION=@@COLLATION_CONNECTION */;
/*!40101 SET NAMES utf8 */;
/*!40103 SET @OLD_TIME_ZONE=@@TIME_ZONE */;
/*!40103 SET TIME_ZONE='+00:00' */;
/*!40014 SET @OLD_UNIQUE_CHECKS=@@UNIQUE_CHECKS, UNIQUE_CHECKS=0 */;
/*!40014 SET @OLD_FOREIGN_KEY_CHECKS=@@FOREIGN_KEY_CHECKS, FOREIGN_KEY_CHECKS=0 */;
/*!40101 SET @OLD_SQL_MODE=@@SQL_MODE, SQL_MODE='NO_AUTO_VALUE_ON_ZERO' */;
/*!40111 SET @OLD_SQL_NOTES=@@SQL_NOTES, SQL_NOTES=0 */;

--
-- Table structure for table `assets`
--

DROP TABLE IF EXISTS `assets`;
/*!40101 SET @saved_cs_client     = @@character_set_client */;
/*!40101 SET character_set_client = utf8 */;
CREATE TABLE `assets` (
  `id` int(11) NOT NULL AUTO_INCREMENT,
  `data_file_name` varchar(255) COLLATE utf8_unicode_ci DEFAULT NULL,
  `data_content_type` varchar(255) COLLATE utf8_unicode_ci DEFAULT NULL,
  `data_file_size` int(11) DEFAULT NULL,
  `assetable_id` int(11) DEFAULT NULL,
  `assetable_type` varchar(25) COLLATE utf8_unicode_ci DEFAULT NULL,
  `type` varchar(25) COLLATE utf8_unicode_ci DEFAULT NULL,
  `user_id` int(11) DEFAULT NULL,
  `created_at` datetime DEFAULT NULL,
  `updated_at` datetime DEFAULT NULL,
  PRIMARY KEY (`id`),
  KEY `ndx_type_assetable` (`assetable_id`,`assetable_type`,`type`),
  KEY `fk_assets` (`assetable_id`,`assetable_type`),
  KEY `fk_user` (`user_id`)
) ENGINE=InnoDB DEFAULT CHARSET=utf8 COLLATE=utf8_unicode_ci;
/*!40101 SET character_set_client = @saved_cs_client */;

--
-- Dumping data for table `assets`
--

LOCK TABLES `assets` WRITE;
/*!40000 ALTER TABLE `assets` DISABLE KEYS */;
/*!40000 ALTER TABLE `assets` ENABLE KEYS */;
UNLOCK TABLES;

--
-- Table structure for table `assignments`
--

DROP TABLE IF EXISTS `assignments`;
/*!40101 SET @saved_cs_client     = @@character_set_client */;
/*!40101 SET character_set_client = utf8 */;
CREATE TABLE `assignments` (
  `id` int(11) NOT NULL AUTO_INCREMENT,
  `role_id` int(11) DEFAULT NULL,
  `user_id` int(11) DEFAULT NULL,
  `created_at` datetime DEFAULT NULL,
  `updated_at` datetime DEFAULT NULL,
  PRIMARY KEY (`id`)
) ENGINE=InnoDB AUTO_INCREMENT=3 DEFAULT CHARSET=utf8 COLLATE=utf8_unicode_ci;
/*!40101 SET character_set_client = @saved_cs_client */;

--
-- Dumping data for table `assignments`
--

LOCK TABLES `assignments` WRITE;
/*!40000 ALTER TABLE `assignments` DISABLE KEYS */;
INSERT INTO `assignments` VALUES (1,1,1,'2010-05-25 22:01:11','2010-05-25 22:01:11'),(2,2,2,'2010-05-26 23:17:50','2010-05-26 23:17:50');
/*!40000 ALTER TABLE `assignments` ENABLE KEYS */;
UNLOCK TABLES;

--
-- Table structure for table `captcha_tests`
--

DROP TABLE IF EXISTS `captcha_tests`;
/*!40101 SET @saved_cs_client     = @@character_set_client */;
/*!40101 SET character_set_client = utf8 */;
CREATE TABLE `captcha_tests` (
  `id` int(11) NOT NULL AUTO_INCREMENT,
  `name` varchar(255) COLLATE utf8_unicode_ci DEFAULT NULL,
  `created_at` datetime DEFAULT NULL,
  `updated_at` datetime DEFAULT NULL,
  PRIMARY KEY (`id`)
) ENGINE=InnoDB DEFAULT CHARSET=utf8 COLLATE=utf8_unicode_ci;
/*!40101 SET character_set_client = @saved_cs_client */;

--
-- Dumping data for table `captcha_tests`
--

LOCK TABLES `captcha_tests` WRITE;
/*!40000 ALTER TABLE `captcha_tests` DISABLE KEYS */;
/*!40000 ALTER TABLE `captcha_tests` ENABLE KEYS */;
UNLOCK TABLES;

--
-- Table structure for table `categories`
--

DROP TABLE IF EXISTS `categories`;
/*!40101 SET @saved_cs_client     = @@character_set_client */;
/*!40101 SET character_set_client = utf8 */;
CREATE TABLE `categories` (
  `id` int(11) NOT NULL AUTO_INCREMENT,
  `name` varchar(255) COLLATE utf8_unicode_ci DEFAULT NULL,
  `parent_id` int(11) DEFAULT NULL,
  `lft` int(11) DEFAULT NULL,
  `rgt` int(11) DEFAULT NULL,
  `created_at` datetime DEFAULT NULL,
  `updated_at` datetime DEFAULT NULL,
  PRIMARY KEY (`id`)
) ENGINE=InnoDB AUTO_INCREMENT=32 DEFAULT CHARSET=utf8 COLLATE=utf8_unicode_ci;
/*!40101 SET character_set_client = @saved_cs_client */;

--
-- Dumping data for table `categories`
--

LOCK TABLES `categories` WRITE;
/*!40000 ALTER TABLE `categories` DISABLE KEYS */;
INSERT INTO `categories` VALUES (1,'Ruby on Rails',NULL,1,2,'2010-05-25 22:02:38','2010-05-25 22:02:38'),(2,'О жизни',NULL,3,4,'2010-05-25 23:06:51','2010-05-25 23:06:51'),(3,'iPhone',NULL,5,22,'2010-05-26 00:45:21','2010-05-26 00:45:21'),(4,'Twitter',3,6,7,'2010-05-26 00:49:12','2010-05-26 00:49:12'),(5,'Что это за песня',3,8,9,'2010-05-26 00:56:02','2010-05-26 00:56:02'),(6,'Игры',3,10,13,'2010-05-26 01:06:24','2010-05-26 01:06:24'),(7,'Покер',6,11,12,'2010-05-26 01:06:41','2010-05-26 01:06:41'),(8,'SSH',3,14,15,'2010-05-26 01:09:27','2010-05-26 01:09:27'),(9,'On-Line Радио',3,16,17,'2010-05-26 01:13:32','2010-05-26 01:13:32'),(10,'GPS',3,18,19,'2010-05-26 01:20:17','2010-05-26 01:20:17'),(11,'RDP Клиенты',3,20,21,'2010-05-26 01:21:35','2010-05-26 01:21:35'),(13,'О сайте',NULL,23,24,'2010-05-26 02:15:32','2010-05-26 02:15:32'),(14,'vi',NULL,25,26,'2010-05-26 22:48:06','2010-05-26 22:48:06');
/*!40000 ALTER TABLE `categories` ENABLE KEYS */;
UNLOCK TABLES;

--
-- Table structure for table `comments`
--

DROP TABLE IF EXISTS `comments`;
/*!40101 SET @saved_cs_client     = @@character_set_client */;
/*!40101 SET character_set_client = utf8 */;
CREATE TABLE `comments` (
  `id` int(11) NOT NULL AUTO_INCREMENT,
  `post_id` int(11) DEFAULT NULL,
  `user_id` int(11) DEFAULT NULL,
  `body` text COLLATE utf8_unicode_ci,
  `created_at` datetime DEFAULT NULL,
  `updated_at` datetime DEFAULT NULL,
  PRIMARY KEY (`id`)
) ENGINE=InnoDB AUTO_INCREMENT=3 DEFAULT CHARSET=utf8 COLLATE=utf8_unicode_ci;
/*!40101 SET character_set_client = @saved_cs_client */;

--
-- Dumping data for table `comments`
--

LOCK TABLES `comments` WRITE;
/*!40000 ALTER TABLE `comments` DISABLE KEYS */;
INSERT INTO `comments` VALUES (1,47,NULL,'Первый комментарий','2010-05-31 00:44:15','2010-05-31 00:44:15'),(2,47,NULL,'Второй комментарий','2010-05-31 00:44:36','2010-05-31 00:44:36');
/*!40000 ALTER TABLE `comments` ENABLE KEYS */;
UNLOCK TABLES;

--
-- Table structure for table `posts`
--

DROP TABLE IF EXISTS `posts`;
/*!40101 SET @saved_cs_client     = @@character_set_client */;
/*!40101 SET character_set_client = utf8 */;
CREATE TABLE `posts` (
  `id` int(11) NOT NULL AUTO_INCREMENT,
  `title` varchar(255) COLLATE utf8_unicode_ci DEFAULT NULL,
  `intro` text COLLATE utf8_unicode_ci,
  `body` text COLLATE utf8_unicode_ci,
  `visible` tinyint(1) DEFAULT NULL,
  `date` datetime DEFAULT NULL,
  `user_id` int(11) DEFAULT NULL,
  `category_id` int(11) DEFAULT NULL,
  `created_at` datetime DEFAULT NULL,
  `updated_at` datetime DEFAULT NULL,
  `cached_slug` varchar(255) COLLATE utf8_unicode_ci DEFAULT NULL,
  `comments_count` int(11) DEFAULT '0',
  `cached_tag_list` varchar(255) COLLATE utf8_unicode_ci DEFAULT NULL,
  `cached_category` text COLLATE utf8_unicode_ci,
  PRIMARY KEY (`id`)
) ENGINE=InnoDB AUTO_INCREMENT=53 DEFAULT CHARSET=utf8 COLLATE=utf8_unicode_ci;
/*!40101 SET character_set_client = @saved_cs_client */;

--
-- Dumping data for table `posts`
--

LOCK TABLES `posts` WRITE;
/*!40000 ALTER TABLE `posts` DISABLE KEYS */;
INSERT INTO `posts` VALUES (1,'RJS и работа с связными объектами','','<p>\r\n	Спасибо Ryan&#39;у за&nbsp;<a href=\"http://www.railsforum.com/viewtopic.php?id=1065\">его пост</a>, благодаря его туториалу на сайте появилась возможность при публикации поста выбирать имеющуюся категорию или создавать новую прямо на лету. Кто-то может хыкнуть и сказать что это делается влет. Да, но задумайтесь будет ли ваше решение портабильно на другие проекты? Наверняка нет. Ruby on Rails позаботился и об этом. Ваши контроллеры по-прежнему остаются тонкими и понятными. Если вы находитесь в выборе инструмента для веб разработки и уже умеете запускать приложения с github&#39;а, взгляните на проект&nbsp;<a href=\"http://github.com/search?q=complex-form-examples\">complex-form-examples</a>, за это я полюбил Ruby on Rails. Да простят меня поклонники, но Zend Framework рядом не валялся.</p>\r\n',1,'2010-05-25 22:01:00',1,1,'2010-05-25 22:02:38','2010-05-26 02:55:58','rjs-и-работа-с-связными-объектами',0,'rjs, form_for, formtastic, semantic_form_for, fields_for, semantic_fields_for','--- \n- !ruby/object:Category \n  attributes: \n    name: Ruby on Rails\n    created_at: 2010-05-25 22:02:38\n    updated_at: 2010-05-25 22:02:38\n    lft: \"1\"\n    id: \"1\"\n    parent_id: \n    rgt: \"2\"\n  attributes_cache: {}\n\n'),(2,'Wi-Fi от Билайн, Yota 4G и бесплатный интернет','','<p>\r\n	Билайн, молодцы, ребята сделали бесплатный Wi-Fi после просмотра двухминутного рекламного ролика практически в любой точке Москвы (ну по крайней мере где я бывал). Надеюсь эта акция будет постоянной. Прямо сейчас ситуация - наличности нет, на карточке тоже пусто (хотя можно было бы оплатить и электронным платежом, за что тоже спасибо) А интернет нужен позарез. Такому умению ведения бизнеса нужно завидовать. Сколько раз была ситуация когда на улице нужен был интернет. Убивают двух зайцев, мало того, что напоминают о себе (кто сказал что реклама на Первом была бы дешевле?), так и самое главное демонстрируют услугу за которую вы будете платить.</p>\r\n<p>\r\n	Кстати покупал нетбук EeePC 1001 HAG (с 4g на борту) так маркетологи из Yota каким-то образом сговорились с Asus&#39;ом, что будут засовывать туда свои рекламные материалы и карточки с регистрационными данными. Велико было мое удивление, когда пройдя все шаги регистрации/активации мне даже не предложили попробовать интернет бесплатно - дибилизм?! Ну и ешьте сами свой интернет.</p>\r\n<p>\r\n	А вообще ситуации в Москве с интернетом бывают вполне парадоксальны, в одном месте бесплатно, через дорогу за 80р. с своим ноутбуком...</p>\r\n',1,'2010-05-25 22:48:00',1,2,'2010-05-25 23:06:51','2010-05-25 23:12:01','wi-fi-от-билайн-yota-4g-и-бесплатный-интернет',0,'Москва, Wi-Fi, Yota, Beeline, Билайн, Йота, 4G','--- \n- !ruby/object:Category \n  attributes: \n    name: !binary |\n      0J4g0LbQuNC30L3QuA==\n\n    created_at: 2010-05-25 23:06:51\n    updated_at: 2010-05-25 23:06:51\n    lft: \"3\"\n    id: \"2\"\n    parent_id: \n    rgt: \"4\"\n  attributes_cache: {}\n\n'),(3,'Tweetie 2','<p style=\"text-align: center;\">\r\n	<img alt=\"\" src=\"http://cdn.geardiary.com/wp-content/uploads/2009/09/tweetie-2.jpg\" style=\"cursor: default;\" /></p>\r\n<p>\r\n	Клиент для Twitter который заставляет пересмотреть взгляд на клиенты для Twitter&#39;а вернулся, став еще лучше. Переписанный с нуля с быстрым и мощным ядром, Tweetie 2 что-то там предлагает :).</p>\r\n','<p style=\"text-align: center;\">\r\n	<img alt=\"\" src=\"http://cdn.geardiary.com/wp-content/uploads/2009/09/tweetie-2.jpg\" style=\"cursor: default;\" /></p>\r\n<p>\r\n	The Twitter client that redefined Twitter clients is back, and it&#39;s even better. Rewritten from the ground up with a fast and powerful new core, Tweetie 2 offers the most polished mobile Twitter experience around.</p>\r\n<ul>\r\n	<li>\r\n		<p>\r\n			Seamlessly handle multiple Twitter accounts</p>\r\n	</li>\r\n	<li>\r\n		<p>\r\n			Explore all of Twitter, from your own timeline and mentions, to the favorite tweets of your followers and friends</p>\r\n	</li>\r\n	<li>\r\n		<p>\r\n			Full persistence: more than just caching tweets, Tweetie 2 restores your entire UI if you quit or get a phone call</p>\r\n	</li>\r\n	<li>\r\n		<p>\r\n			Fantastic new offline mode. Read, tweet, favorite, follow, save to Instapaper and more even when you don&#39;t have a connection. Your actions will be synced as soon as you go back online</p>\r\n	</li>\r\n	<li>\r\n		<p>\r\n			Full landscape support (configurable of course)</p>\r\n	</li>\r\n	<li>\r\n		<p>\r\n			Live-filter your tweet stream</p>\r\n	</li>\r\n	<li>\r\n		<p>\r\n			Post photos and videos, even configure your own custom image host</p>\r\n	</li>\r\n	<li>\r\n		<p>\r\n			Vastly improved compose screen with recent hashtags, @people picker, URL shortening and more</p>\r\n	</li>\r\n	<li>\r\n		<p>\r\n			Compose screen multiple-attachments manager</p>\r\n	</li>\r\n	<li>\r\n		<p>\r\n			Drafts manager ensures you never lose a tweet (and you can even send drafts to Birdhouse)</p>\r\n	</li>\r\n	<li>\r\n		<p>\r\n			Link Twitter contacts to Address Book contacts</p>\r\n	</li>\r\n	<li>\r\n		<p>\r\n			Follow, unfollow, block and unblock from multiple accounts simultaneously</p>\r\n	</li>\r\n	<li>\r\n		<p>\r\n			Saved searches sync with Twitter.com and the upcoming Tweetie 2 for Mac</p>\r\n	</li>\r\n	<li>\r\n		<p>\r\n			Autocomplete recent searches and Go-to-user</p>\r\n	</li>\r\n	<li>\r\n		<p>\r\n			Threaded Direct Messages and improved conversation navigation</p>\r\n	</li>\r\n	<li>\r\n		<p>\r\n			TextExpander integration</p>\r\n	</li>\r\n	<li>\r\n		<p>\r\n			Rich integration with Follow Cost, Tweet Blocker, Favstar.fm and more</p>\r\n	</li>\r\n	<li>\r\n		<p>\r\n			Edit your own Twitter profile</p>\r\n	</li>\r\n	<li>\r\n		<p>\r\n			Specify custom API roots on a per-account basis</p>\r\n	</li>\r\n	<li>\r\n		<p>\r\n			Nearby map view</p>\r\n	</li>\r\n	<li>\r\n		<p>\r\n			Translate tweets</p>\r\n	</li>\r\n	<li>\r\n		<p>\r\n			Preview short URLs</p>\r\n	</li>\r\n	<li>\r\n		<p>\r\n			Safari bookmarklet support for easily sharing links</p>\r\n	</li>\r\n	<li>\r\n		<p>\r\n			In-app rich text email composition</p>\r\n	</li>\r\n	<li>\r\n		<p>\r\n			Tons of little things, including improved avatar caching, auto-refresh, refresh-all, seamless Twitlonger support, hashtag definitions and more</p>\r\n	</li>\r\n	<li>\r\n		<p>\r\n			This is just the beginning. Tweetie 2 is already built to take advantage of great new features coming from Twitter, so expect updates turning them on soon!</p>\r\n	</li>\r\n</ul>\r\n',1,'2010-05-26 00:33:00',1,4,'2010-05-26 00:45:21','2010-05-30 12:18:12','tweetie-2',0,'Твиттер, Twitter, геолокация, geolocation, mail','--- \n- !ruby/object:Category \n  attributes: \n    name: iPhone\n    created_at: 2010-05-26 00:45:21\n    updated_at: 2010-05-26 00:45:21\n    lft: \"5\"\n    id: \"3\"\n    parent_id: \n    rgt: \"22\"\n  attributes_cache: {}\n\n- !ruby/object:Category \n  attributes: \n    name: Twitter\n    created_at: 2010-05-26 00:49:12\n    updated_at: 2010-05-26 00:49:12\n    lft: \"6\"\n    id: \"4\"\n    parent_id: \"3\"\n    rgt: \"7\"\n  attributes_cache: {}\n\n'),(4,'Shazam','<p style=\"text-align: center; \">\r\n	<img alt=\"\" src=\"http://bestfromappstore.files.wordpress.com/2009/02/shazam_iphone_ipod_touch_00.jpg\" style=\"cursor: default; \" /></p>\r\n<p>\r\n	К примеру, Вы случайно услышали песню по радио, которая сразу пришлась по вкусу, но к сожалению, не знаете, как она правильно называется? Здесь на помощь придет приложение Shazam для iPhone 2.0 Software Update.</p>\r\n','<p style=\"text-align: center; \">\r\n	<img alt=\"\" src=\"http://bestfromappstore.files.wordpress.com/2009/02/shazam_iphone_ipod_touch_00.jpg\" /></p>\r\n<p>\r\n	К примеру, Вы случайно услышали песню по радио, которая сразу пришлась по вкусу, но к сожалению, не знаете, как она правильно называется? Здесь на помощь придет приложение Shazam для iPhone 2.0 Software Update.</p>\r\n<p>\r\n	Данная программа абсолютно бесплатная испособна без проблем определить альбом, название песни и её исполнителя. Для этого Вам понадобится лишь поднести iPhone к колонке музыкально устройства.</p>\r\n<p>\r\n	С помощью приложения Shazam для iPhone 2.0 Software Update у Вас есть возможность сохранять теги, идентифицировать треки отовсюду, например, ТВ, радио, фильмы; просматривать видео в youtube, сохранять теги с фотографиями, а так же отправлять из другим пользователям через мейл.</p>\r\n',1,'2010-05-26 00:49:00',1,5,'2010-05-26 00:56:02','2010-05-27 00:55:41','shazam',0,'shazam, аудио, audio, распознавание','--- \n- !ruby/object:Category \n  attributes: \n    name: iPhone\n    created_at: 2010-05-26 00:45:21\n    updated_at: 2010-05-26 00:45:21\n    lft: \"5\"\n    id: \"3\"\n    parent_id: \n    rgt: \"24\"\n  attributes_cache: {}\n\n- !ruby/object:Category \n  attributes: \n    name: !binary |\n      0KfRgtC+INGN0YLQviDQt9CwINC/0LXRgdC90Y8=\n\n    created_at: 2010-05-26 00:56:02\n    updated_at: 2010-05-26 00:56:02\n    lft: \"8\"\n    id: \"5\"\n    parent_id: \"3\"\n    rgt: \"9\"\n  attributes_cache: {}\n\n'),(6,'pTerm','','<p>\r\n	Описание pTerm</p>\r\n',1,'2010-05-26 01:08:00',1,8,'2010-05-26 01:09:27','2010-05-26 01:09:27','pterm',0,'ssh, консольный клиент, Linux','--- \n- !ruby/object:Category \n  attributes: \n    name: iPhone\n    created_at: 2010-05-26 00:45:21\n    updated_at: 2010-05-26 00:45:21\n    lft: \"5\"\n    id: \"3\"\n    parent_id: \n    rgt: \"16\"\n  attributes_cache: {}\n\n- !ruby/object:Category \n  attributes: \n    name: SSH\n    created_at: 2010-05-26 01:09:27\n    updated_at: 2010-05-26 01:09:27\n    lft: \"14\"\n    id: \"8\"\n    parent_id: \"3\"\n    rgt: \"15\"\n  attributes_cache: {}\n\n'),(7,'iSSH','','<p>\r\n	Описание iSSH</p>\r\n',1,'2010-05-26 01:10:00',1,8,'2010-05-26 01:10:51','2010-05-26 01:10:51','issh',0,'консольный клиент, Linux, ssh','--- \n- !ruby/object:Category \n  attributes: \n    name: iPhone\n    created_at: 2010-05-26 00:45:21\n    updated_at: 2010-05-26 00:45:21\n    lft: \"5\"\n    id: \"3\"\n    parent_id: \n    rgt: \"16\"\n  attributes_cache: {}\n\n- !ruby/object:Category \n  attributes: \n    name: SSH\n    created_at: 2010-05-26 01:09:27\n    updated_at: 2010-05-26 01:09:27\n    lft: \"14\"\n    id: \"8\"\n    parent_id: \"3\"\n    rgt: \"15\"\n  attributes_cache: {}\n\n'),(8,'iRusRadio','<br />\r\n','<p>\r\n	Описание iRusRadio</p>\r\n',1,'2010-05-26 01:12:00',1,2,'2010-05-26 01:13:32','2010-05-31 07:33:20','irusradio',0,'Wi-Fi, audio, аудио, радио, Интернет, музыкаftfrf','--- \n- !ruby/object:Category \n  attributes: \n    name: !binary |\n      0J4g0LbQuNC30L3QuA==\n\n    created_at: 2010-05-25 23:06:51\n    updated_at: 2010-05-25 23:06:51\n    lft: \"3\"\n    id: \"2\"\n    parent_id: \n    rgt: \"4\"\n  attributes_cache: {}\n\n'),(9,'SHOUTcast','','<p style=\"text-align: center; \">\r\n	<img alt=\"\" src=\"http://images.intomobile.com/wp-content/uploads/2009/01/shoutcast-iphone.jpg\" /></p>\r\n<p>\r\n	If you own an iPhone and love Internet radio, you probably already have some of the related apps like&nbsp;<a href=\"http://www.intomobile.com/2008/09/12/flycast-goes-native-on-iphone.html\" rel=\"nofollow\" title=\"FlyCast goes native on iPhone\">FlyCast</a>&nbsp;or&nbsp;<a href=\"http://click.linksynergy.com/fs-bin/stat?id=CHSMTSmDpXI&amp;offerid=146261&amp;type=3&amp;subid=0&amp;tmpid=1826&amp;RD_PARM1=http%253A%252F%252Fitunes.apple.com%252FWebObjects%252FMZStore.woa%252Fwa%252FviewSoftware%253Fid%253D293225131%2526mt%253D8%2526uo%253D6%2526partnerId%253D30\" target=\"_blank\">Radiolicious</a>&nbsp;installed on your device. Now we&rsquo;ve spotted that AOL-owned SHOUTcast is joining the &ldquo;iPhone party,&rdquo; too, hence providing users with more choice than ever.</p>\r\n<p>\r\n	With a dedicated SHOUTcast app, you can:</p>\r\n<ul>\r\n	<li>\r\n		<p>\r\n			Access to over 25,000 SHOUTcast radio stations</p>\r\n	</li>\r\n	<li>\r\n		<p>\r\n			Organize a list of your favorite stations</p>\r\n	</li>\r\n	<li>\r\n		<p>\r\n			Listen to the random station by simply shaking your iPhone/iPod Touch</p>\r\n	</li>\r\n</ul>\r\n<p>\r\n	Now, you may ask which Internet radio app is the right one for you. TO be perfectly honest &ndash; I&rsquo;ve no clue. All of them &ldquo;do the job&rdquo; perfectly and at the end it&rsquo;s your call which user interface or which stations you prefer listening. So, you may want to have as many of them installed on your device, try them all out and find the one that suits your needs best. Here&rsquo;s an&nbsp;<a href=\"http://click.linksynergy.com/fs-bin/stat?id=CHSMTSmDpXI&amp;offerid=146261&amp;type=3&amp;subid=0&amp;tmpid=1826&amp;RD_PARM1=http%253A%252F%252Fitunes.apple.com%252FWebObjects%252FMZStore.woa%252Fwa%252FviewSoftware%253Fid%253D299647180%2526mt%253D8%2526uo%253D6%2526partnerId%253D30\" rel=\"nofollow\" target=\"_blank\">AppStore link</a>&nbsp;for SHOUTcast, in the meantime. Enjoy it!</p>\r\n',1,'2010-05-27 08:13:00',1,3,'2010-05-26 01:14:54','2010-05-30 08:17:45','shoutcast',0,'Wi-Fi, audio, радио, Интернет, музыка, On-Line, shoutcast, winamp','--- \n- !ruby/object:Category \n  attributes: \n    name: iPhone\n    created_at: 2010-05-26 00:45:21\n    updated_at: 2010-05-26 00:45:21\n    lft: \"5\"\n    id: \"3\"\n    parent_id: \n    rgt: \"24\"\n  attributes_cache: {}\n\n'),(10,'RadioBox','','<p style=\"text-align: center; \">\r\n	<img alt=\"\" src=\"http://3.bp.blogspot.com/_jLeGTWts6ww/S0st809CxPI/AAAAAAAABsY/wOCJ5QI2BJU/s400/radioBOX_iphone.jpg\" /></p>\r\n<p>\r\n	Radio application for your iPhone, with Internet Radio Box you can feel the power internet radio on your iPhone and iPod Touch!</p>\r\n<p>\r\n	Listen to your favorite MP3 radio stations from all over the internet right on your iPhone or iPod Touch. The free radio directories offer you thousands of radio stations! Internet RadioBOX is easy and fun to use with its Shake-To-Shuffle feature which makes our application very unique! Internet RadioBOX is using iPhone &amp; iPod Touch MP3 hardware support for audio processing to extend the battery life of your device. We don&rsquo;t have any CPU intensive processes running.</p>\r\n<p>\r\n	Supports:</p>\r\n<ul>\r\n	<li>\r\n		SHOUTcast&trade; Radio</li>\r\n	<li>\r\n		Icecast Directory</li>\r\n	<li>\r\n		MP3/AAC(+) Streaming</li>\r\n	<li>\r\n		PLS/M3U playlist</li>\r\n	<li>\r\n		Beautiful &amp; user friendly Interface</li>\r\n	<li>\r\n		Add your own radio stations</li>\r\n	<li>\r\n		Goto favorites, hit edit and &ldquo;+&rdquo; will appear</li>\r\n	<li>\r\n		Easy favorites management</li>\r\n	<li>\r\n		Web-Interface to manage your favorites from your MAC/PC</li>\r\n	<li>\r\n		Change wallpaper</li>\r\n	<li>\r\n		Shake-To-Shuffle to select a radio station</li>\r\n	<li>\r\n		Watch your network traffic</li>\r\n	<li>\r\n		List recent radio stations you have played</li>\r\n	<li>\r\n		Works great with WiFi, 3G and EDGE</li>\r\n	<li>\r\n		Plays even when Locked (use USB connector to extend WLAN activity)</li>\r\n</ul>\r\n',1,'2010-05-26 01:15:00',1,3,'2010-05-26 01:16:17','2010-05-31 03:53:52','radiobox',0,'Wi-Fi, аудио, audio, Интернет, музыка, winamp','--- \n- !ruby/object:Category \n  attributes: \n    name: iPhone\n    created_at: 2010-05-26 00:45:21\n    updated_at: 2010-05-26 00:45:21\n    lft: \"5\"\n    id: \"3\"\n    parent_id: \n    rgt: \"22\"\n  attributes_cache: {}\n\n'),(11,'iGO My way','','<p>\r\n	Описание iGO My way</p>\r\n',1,'2010-05-26 01:19:00',1,10,'2010-05-26 01:20:17','2010-05-26 01:20:17','igo-my-way',0,'gps, машина, геолокация','--- \n- !ruby/object:Category \n  attributes: \n    name: iPhone\n    created_at: 2010-05-26 00:45:21\n    updated_at: 2010-05-26 00:45:21\n    lft: \"5\"\n    id: \"3\"\n    parent_id: \n    rgt: \"20\"\n  attributes_cache: {}\n\n- !ruby/object:Category \n  attributes: \n    name: GPS\n    created_at: 2010-05-26 01:20:17\n    updated_at: 2010-05-26 01:20:17\n    lft: \"18\"\n    id: \"10\"\n    parent_id: \"3\"\n    rgt: \"19\"\n  attributes_cache: {}\n\n'),(12,'RDP','','<p>\r\n	Описание RDP</p>\r\n',1,'2010-05-26 01:20:00',1,11,'2010-05-26 01:21:35','2010-05-26 01:21:35','rdp',0,'windows, администрирование, терминальный клиент, удаленное управление','--- \n- !ruby/object:Category \n  attributes: \n    name: iPhone\n    created_at: 2010-05-26 00:45:21\n    updated_at: 2010-05-26 00:45:21\n    lft: \"5\"\n    id: \"3\"\n    parent_id: \n    rgt: \"22\"\n  attributes_cache: {}\n\n- !ruby/object:Category \n  attributes: \n    name: !binary |\n      UkRQINCa0LvQuNC10L3RgtGL\n\n    created_at: 2010-05-26 01:21:35\n    updated_at: 2010-05-26 01:21:35\n    lft: \"20\"\n    id: \"11\"\n    parent_id: \"3\"\n    rgt: \"21\"\n  attributes_cache: {}\n\n'),(13,'Jaddu VNC','','<p style=\"text-align: center; \">\r\n	<img alt=\"\" src=\"http://www.tipb.com/images/stories/2008/10/img_0004.png\" /></p>\r\n<p>\r\n	Jaadu VNC: Sells in the&nbsp;<a href=\"http://phobos.apple.com/WebObjects/MZStore.woa/wa/viewSoftware?id=286470485&amp;mt=8\" target=\"_blank\">App Store for $24.99</a>. Though this may seem steep, it offers ease of use its rivals do not match (more on this later). This application is very professional looking. The mixture of black and blue as well as animations while loading really give a good aura of slickness to the user, I was impressed.&nbsp;</p>\r\n',1,'2010-05-23 00:21:00',1,3,'2010-05-26 01:23:21','2010-05-30 08:34:14','jaddu-vnc',0,'Linux, администрирование, терминальный клиент, удаленное управление, vnc','--- \n- !ruby/object:Category \n  attributes: \n    name: iPhone\n    created_at: 2010-05-26 00:45:21\n    updated_at: 2010-05-26 00:45:21\n    lft: \"5\"\n    id: \"3\"\n    parent_id: \n    rgt: \"22\"\n  attributes_cache: {}\n\n'),(14,'Digg','','<p>\r\n	Описание Digg</p>\r\n',1,'2010-05-26 01:24:00',1,3,'2010-05-26 01:25:24','2010-05-26 01:30:55','digg',0,'новости, социальная сеть, популярное','--- \n- !ruby/object:Category \n  attributes: \n    name: iPhone\n    created_at: 2010-05-26 00:45:21\n    updated_at: 2010-05-26 00:45:21\n    lft: \"5\"\n    id: \"3\"\n    parent_id: \n    rgt: \"24\"\n  attributes_cache: {}\n\n'),(15,'Facebook','','<p>\r\n	Описание Facebook</p>\r\n',1,'2010-05-26 01:25:00',1,3,'2010-05-26 01:26:01','2010-05-26 01:31:17','facebook',0,'социальная сеть, друзья, знакомства','--- \n- !ruby/object:Category \n  attributes: \n    name: iPhone\n    created_at: 2010-05-26 00:45:21\n    updated_at: 2010-05-26 00:45:21\n    lft: \"5\"\n    id: \"3\"\n    parent_id: \n    rgt: \"24\"\n  attributes_cache: {}\n\n'),(16,'Foursquare','','<p>\r\n	Описание Foursquare</p>\r\n',1,'2010-05-26 01:29:00',1,3,'2010-05-26 01:26:36','2010-05-26 01:30:00','foursquare',0,'social, социальная сеть, геолокация, позиционирование','--- \n- !ruby/object:Category \n  attributes: \n    name: iPhone\n    created_at: 2010-05-26 00:45:21\n    updated_at: 2010-05-26 00:45:21\n    lft: \"5\"\n    id: \"3\"\n    parent_id: \n    rgt: \"24\"\n  attributes_cache: {}\n\n'),(17,'Я.Карты','','<p>\r\n	Описание&nbsp;Я.Карты</p>\r\n',1,'2010-05-26 01:26:00',1,3,'2010-05-26 01:27:19','2010-05-26 01:27:19','якарты',0,'карты, Москва, Яндекс','--- \n- !ruby/object:Category \n  attributes: \n    name: iPhone\n    created_at: 2010-05-26 00:45:21\n    updated_at: 2010-05-26 00:45:21\n    lft: \"5\"\n    id: \"3\"\n    parent_id: \n    rgt: \"24\"\n  attributes_cache: {}\n\n'),(18,'Flickr','','<p>\r\n	Описание Flickr</p>\r\n',1,'2010-05-26 01:31:00',1,3,'2010-05-26 01:32:12','2010-05-26 01:32:12','flickr',0,'социальная сеть, фотохостинг, фото, фотографии','--- \n- !ruby/object:Category \n  attributes: \n    name: iPhone\n    created_at: 2010-05-26 00:45:21\n    updated_at: 2010-05-26 00:45:21\n    lft: \"5\"\n    id: \"3\"\n    parent_id: \n    rgt: \"24\"\n  attributes_cache: {}\n\n'),(19,'Alter Geo','','<p>\r\n	Описание Alter Geo</p>\r\n',1,'2010-05-26 01:32:00',1,3,'2010-05-26 01:34:19','2010-05-26 01:34:19','alter-geo',0,'геолокация, позиционирование, дополненная реальность, социальная сеть, русская','--- \n- !ruby/object:Category \n  attributes: \n    name: iPhone\n    created_at: 2010-05-26 00:45:21\n    updated_at: 2010-05-26 00:45:21\n    lft: \"5\"\n    id: \"3\"\n    parent_id: \n    rgt: \"24\"\n  attributes_cache: {}\n\n'),(20,'Opera Mini','','<p>\r\n	Описание&nbsp;Opera Mini</p>\r\n',1,'2010-05-26 01:39:00',1,3,'2010-05-26 01:40:27','2010-05-26 01:40:27','opera-mini',0,'браузер','--- \n- !ruby/object:Category \n  attributes: \n    name: iPhone\n    created_at: 2010-05-26 00:45:21\n    updated_at: 2010-05-26 00:45:21\n    lft: \"5\"\n    id: \"3\"\n    parent_id: \n    rgt: \"24\"\n  attributes_cache: {}\n\n'),(21,'Instapaper','','<p>\r\n	Описание Instapaper</p>\r\n<p>\r\n	Instapaper Free?</p>\r\n',1,'2010-05-26 01:40:00',1,3,'2010-05-26 01:41:34','2010-05-26 01:41:34','instapaper',0,'заладки, дочитать, прочитать позже','--- \n- !ruby/object:Category \n  attributes: \n    name: iPhone\n    created_at: 2010-05-26 00:45:21\n    updated_at: 2010-05-26 00:45:21\n    lft: \"5\"\n    id: \"3\"\n    parent_id: \n    rgt: \"24\"\n  attributes_cache: {}\n\n'),(22,'Yummy','','<p>\r\n	Описание Yummy</p>\r\n',1,'2010-05-26 01:41:00',1,3,'2010-05-26 01:42:57','2010-05-26 01:42:58','yummy',0,'Delicio.us, социальная сеть, закладки, браузер','--- \n- !ruby/object:Category \n  attributes: \n    name: iPhone\n    created_at: 2010-05-26 00:45:21\n    updated_at: 2010-05-26 00:45:21\n    lft: \"5\"\n    id: \"3\"\n    parent_id: \n    rgt: \"24\"\n  attributes_cache: {}\n\n'),(23,'Free Wi-Fi','','<p>\r\n	Описание Free Wi-Fi</p>\r\n',1,'2010-05-26 01:45:00',1,3,'2010-05-26 01:46:11','2010-05-26 01:46:11','free-wi-fi',0,'геолокация, Wi-Fi, Интернет','--- \n- !ruby/object:Category \n  attributes: \n    name: iPhone\n    created_at: 2010-05-26 00:45:21\n    updated_at: 2010-05-26 00:45:21\n    lft: \"5\"\n    id: \"3\"\n    parent_id: \n    rgt: \"24\"\n  attributes_cache: {}\n\n'),(24,'Oz WiFi','','<p>\r\n	Описание Oz WiFi</p>\r\n',1,'2010-05-26 01:46:00',1,3,'2010-05-26 01:47:18','2010-05-26 01:47:18','oz-wifi',0,'Wi-Fi, геолокация, Интернет','--- \n- !ruby/object:Category \n  attributes: \n    name: iPhone\n    created_at: 2010-05-26 00:45:21\n    updated_at: 2010-05-26 00:45:21\n    lft: \"5\"\n    id: \"3\"\n    parent_id: \n    rgt: \"24\"\n  attributes_cache: {}\n\n'),(25,'QIWI Wallet','','<p>\r\n	QIWI Wallet</p>\r\n',1,'2010-05-26 01:47:00',1,3,'2010-05-26 01:48:18','2010-05-26 01:48:18','qiwi-wallet',0,'электронный кошелек, электронные деньги','--- \n- !ruby/object:Category \n  attributes: \n    name: iPhone\n    created_at: 2010-05-26 00:45:21\n    updated_at: 2010-05-26 00:45:21\n    lft: \"5\"\n    id: \"3\"\n    parent_id: \n    rgt: \"24\"\n  attributes_cache: {}\n\n'),(26,'KeeperMobile','','<p>\r\n	KeeperMobile</p>\r\n',1,'2010-05-26 01:48:00',1,3,'2010-05-26 01:49:41','2010-05-30 19:40:39','keepermobile',0,'электронный кошелек, электронные деньги, Webmoney, Интернет','--- \n- !ruby/object:Category \n  attributes: \n    name: iPhone\n    created_at: 2010-05-26 00:45:21\n    updated_at: 2010-05-26 00:45:21\n    lft: \"5\"\n    id: \"3\"\n    parent_id: \n    rgt: \"22\"\n  attributes_cache: {}\n\n'),(27,'iFitness','','<p>\r\n	iFitness</p>\r\n',1,'2010-05-26 01:49:00',1,3,'2010-05-26 01:50:58','2010-05-26 01:50:58','ifitness',0,'бодибилдинг, спорт','--- \n- !ruby/object:Category \n  attributes: \n    name: iPhone\n    created_at: 2010-05-26 00:45:21\n    updated_at: 2010-05-26 00:45:21\n    lft: \"5\"\n    id: \"3\"\n    parent_id: \n    rgt: \"24\"\n  attributes_cache: {}\n\n'),(28,'PayPal','','<p>\r\n	PayPal</p>\r\n',1,'2010-05-26 01:51:00',1,3,'2010-05-26 01:52:29','2010-05-26 01:52:29','paypal',0,'PayPal, электронный кошелек, электронные деньги, On-Line, Интернет','--- \n- !ruby/object:Category \n  attributes: \n    name: iPhone\n    created_at: 2010-05-26 00:45:21\n    updated_at: 2010-05-26 00:45:21\n    lft: \"5\"\n    id: \"3\"\n    parent_id: \n    rgt: \"24\"\n  attributes_cache: {}\n\n'),(29,'Shout It','','<p>\r\n	Shout It</p>\r\n',1,'2010-05-26 01:52:00',1,3,'2010-05-26 01:53:14','2010-05-26 01:53:14','shout-it',0,'','--- \n- !ruby/object:Category \n  attributes: \n    name: iPhone\n    created_at: 2010-05-26 00:45:21\n    updated_at: 2010-05-26 00:45:21\n    lft: \"5\"\n    id: \"3\"\n    parent_id: \n    rgt: \"24\"\n  attributes_cache: {}\n\n'),(30,'iBlackList','','<p>\r\n	iBlackList</p>\r\n',1,'2010-05-26 02:04:00',1,3,'2010-05-26 02:06:31','2010-05-26 02:06:31','iblacklist',0,'черный список, нежелательные звонки','--- \n- !ruby/object:Category \n  attributes: \n    name: iPhone\n    created_at: 2010-05-26 00:45:21\n    updated_at: 2010-05-26 00:45:21\n    lft: \"5\"\n    id: \"3\"\n    parent_id: \n    rgt: \"24\"\n  attributes_cache: {}\n\n'),(31,'Installous','','<p>\r\n	Installous</p>\r\n',1,'2010-05-26 02:07:00',1,3,'2010-05-26 02:08:26','2010-05-26 02:08:26','installous',0,'hack, warez, Appstore, софт','--- \n- !ruby/object:Category \n  attributes: \n    name: iPhone\n    created_at: 2010-05-26 00:45:21\n    updated_at: 2010-05-26 00:45:21\n    lft: \"5\"\n    id: \"3\"\n    parent_id: \n    rgt: \"24\"\n  attributes_cache: {}\n\n'),(32,'Написать о походе в мирбис','','<p>\r\n	28 марта с 15 до 19 институт мирбис, ул. марксистская 34, корп 7, этаж 7</p>\r\n',1,'2010-05-26 02:09:00',1,2,'2010-05-26 02:10:45','2010-05-26 02:20:15','написать-о-походе-в-мирбис',0,'стартап, startuppoint, Москва','--- \n- !ruby/object:Category \n  attributes: \n    name: !binary |\n      0J4g0LbQuNC30L3QuA==\n\n    created_at: 2010-05-25 23:06:51\n    updated_at: 2010-05-25 23:06:51\n    lft: \"3\"\n    id: \"2\"\n    parent_id: \n    rgt: \"4\"\n  attributes_cache: {}\n\n'),(33,'vlc remote','','<p>\r\n	vlc remote</p>\r\n',1,'2010-05-26 02:12:00',1,3,'2010-05-26 02:13:12','2010-05-26 23:44:05','vlc-remote',0,'audio, музыка, vlc','--- \n- !ruby/object:Category \n  attributes: \n    name: iPhone\n    created_at: 2010-05-26 00:45:21\n    updated_at: 2010-05-26 00:45:21\n    lft: \"5\"\n    id: \"3\"\n    parent_id: \n    rgt: \"24\"\n  attributes_cache: {}\n\n'),(34,'Подумать...','','<p>\r\n	Сделать:</p>\r\n<ul>\r\n	<li>\r\n		Что-то сообразить с админкой</li>\r\n	<li>\r\n		Причесать детальный просмотр публикации, комментарии и т.д.</li>\r\n</ul>\r\n<p>\r\n	Подумать что можно сделать с массовым редактированием</p>\r\n<p>\r\n	Подумать что можно сделать с закачкой и указанием ссылок на другие сайты и т.д.</p>\r\n',1,'2010-05-26 02:13:00',1,13,'2010-05-26 02:15:32','2010-05-26 02:15:32','подумать',0,'todo, сделать','--- \n- !ruby/object:Category \n  attributes: \n    name: !binary |\n      0J4g0YHQsNC50YLQtQ==\n\n    created_at: 2010-05-26 02:15:32\n    updated_at: 2010-05-26 02:15:32\n    lft: \"25\"\n    id: \"13\"\n    parent_id: \n    rgt: \"26\"\n  attributes_cache: {}\n\n'),(35,'Сохранение фильтров выборки при публикации','','<p>\r\n	Сделать так чтобы фильтры выборки при публикации сохранялись</p>\r\n<p>\r\n	дата<br />\r\n	категория<br />\r\n	теги</p>\r\n',1,'2010-05-26 02:25:00',1,13,'2010-05-26 02:26:20','2010-05-26 02:26:59','сохранение-фильтров-выборки-при-публикации',0,'todo','--- \n- !ruby/object:Category \n  attributes: \n    name: !binary |\n      0J4g0YHQsNC50YLQtQ==\n\n    created_at: 2010-05-26 02:15:32\n    updated_at: 2010-05-26 02:15:32\n    lft: \"25\"\n    id: \"13\"\n    parent_id: \n    rgt: \"26\"\n  attributes_cache: {}\n\n'),(37,'Заметки vim','','<p>\r\n	Возврат назад&nbsp;</p>\r\n<ul>\r\n	<li>\r\n		Ctrl + O, Ctrl + T, Ctrl + L, ``</li>\r\n	<li>\r\n		<p>\r\n			I&#39;ve always done by it setting a mark.</p>\r\n		<ol>\r\n			<li>\r\n				<p>\r\n					In command-mode, press&nbsp;m [letter]. For example,&nbsp;m a&nbsp;sets a mark at the current line using&nbsp;a&nbsp;as the mark indentifier.</p>\r\n			</li>\r\n			<li>\r\n				<p>\r\n					To get back to the mark press&nbsp;&#39; [letter]. For example,&nbsp;&#39; a&nbsp;takes you back to the mark set in step 1.</p>\r\n			</li>\r\n		</ol>\r\n		<p>\r\n			To see all of the marks that currently set, type&nbsp;:marks.</p>\r\n	</li>\r\n	<li>\r\n		<p>\r\n			:help jumplist</p>\r\n	</li>\r\n</ul>\r\n<p>\r\n	Обновить экран -&nbsp;Ctrl + l</p>\r\n',1,'2010-05-26 22:47:00',1,14,'2010-05-26 22:48:07','2010-05-30 10:03:31','заметки-vim',0,'vi, vim, gvim, заметки','--- \n- !ruby/object:Category \n  attributes: \n    name: vi\n    created_at: 2010-05-26 22:48:06\n    updated_at: 2010-05-26 22:48:06\n    lft: \"25\"\n    id: \"14\"\n    parent_id: \n    rgt: \"26\"\n  attributes_cache: {}\n\n'),(38,'World Series of Poker Hold ‘Em Legend','<div id=\"attachment_3481\">\r\n	<p style=\"text-align: center; \">\r\n		<img alt=\"World Series of Poker Hold em Legend Mobile Game\" src=\"http://touchreviews.net/wp-content/uploads/2009/11/World-Series-of-Poker-Hold-em-Legend-Mobile-Game-480x263-custom.jpg\" style=\"cursor: default; \" title=\"World Series of Poker Hold em Legend Mobile Game\" /></p>\r\n	<p>\r\n		World Series of Poker &ndash; Hold &lsquo;Em&nbsp;рейтинг:&nbsp;<img alt=\"★\" src=\"http://touchreviews.net/wp-content/plugins/star-rating-for-reviews/images/star.png\" style=\"cursor: default; \" title=\"World Series of Poker Hold Em Legend: High Quality Poker Game Photo\" /><img alt=\"★\" src=\"http://touchreviews.net/wp-content/plugins/star-rating-for-reviews/images/star.png\" style=\"cursor: default; \" title=\"World Series of Poker Hold Em Legend: High Quality Poker Game Photo\" /><img alt=\"★\" src=\"http://touchreviews.net/wp-content/plugins/star-rating-for-reviews/images/star.png\" style=\"cursor: default; \" title=\"World Series of Poker Hold Em Legend: High Quality Poker Game Photo\" /><img alt=\"★\" src=\"http://touchreviews.net/wp-content/plugins/star-rating-for-reviews/images/star.png\" style=\"cursor: default; \" title=\"World Series of Poker Hold Em Legend: High Quality Poker Game Photo\" /><img alt=\"½\" src=\"http://touchreviews.net/wp-content/plugins/star-rating-for-reviews/images/halfstar.png\" style=\"cursor: default; \" title=\"World Series of Poker Hold Em Legend: High Quality Poker Game Photo\" /></p>\r\n</div>\r\n<p>\r\n	Texas Hold &lsquo;Em Poker наиболее популярная разновидность покера в США, Европе и конечно он-лайн казино. В нее легко научиться играть, но очень сложно стать мастером. Тем не менее вы можете легко научиться играть или повысить свое мастерство на своем iPhone/iPod touch купив &nbsp;App&nbsp;<a href=\"http://touchreviews.net/store/\" title=\"Store\">Store</a>&nbsp;игру&nbsp;World Series of Poker &ndash; Hold &lsquo;Em.</p>\r\n','<div id=\"attachment_3481\">\r\n	<p style=\"text-align: center; \">\r\n		<img alt=\"World Series of Poker Hold em Legend Mobile Game\" src=\"http://touchreviews.net/wp-content/uploads/2009/11/World-Series-of-Poker-Hold-em-Legend-Mobile-Game-480x263-custom.jpg\" title=\"World Series of Poker Hold em Legend Mobile Game\" /></p>\r\n	<p>\r\n		World Series of Poker Hold em Legend Mobile Game</p>\r\n</div>\r\n<p>\r\n	World Series of Poker &ndash; Hold &lsquo;Em&nbsp;Rating:&nbsp;<img alt=\"★\" src=\"http://touchreviews.net/wp-content/plugins/star-rating-for-reviews/images/star.png\" title=\"World Series of Poker Hold Em Legend: High Quality Poker Game Photo\" /><img alt=\"★\" src=\"http://touchreviews.net/wp-content/plugins/star-rating-for-reviews/images/star.png\" title=\"World Series of Poker Hold Em Legend: High Quality Poker Game Photo\" /><img alt=\"★\" src=\"http://touchreviews.net/wp-content/plugins/star-rating-for-reviews/images/star.png\" title=\"World Series of Poker Hold Em Legend: High Quality Poker Game Photo\" /><img alt=\"★\" src=\"http://touchreviews.net/wp-content/plugins/star-rating-for-reviews/images/star.png\" title=\"World Series of Poker Hold Em Legend: High Quality Poker Game Photo\" /><img alt=\"½\" src=\"http://touchreviews.net/wp-content/plugins/star-rating-for-reviews/images/halfstar.png\" title=\"World Series of Poker Hold Em Legend: High Quality Poker Game Photo\" /></p>\r\n<p>\r\n	Texas Hold &lsquo;Em Poker is the most popular of the poker varieties across America, Europe and of course online. It&rsquo;s easy to pick up but as in all classic games it is difficult to master. However now you can learn to play or feed your addiction via this latest addition to the iPhone/iPod touch App&nbsp;<a href=\"http://touchreviews.net/store/\" title=\"Store\">Store</a>, World Series of Poker &ndash; Hold &lsquo;Em.</p>\r\n<p>\r\n	&nbsp;</p>\r\n<p>\r\n	There are two huge poker tournaments that use this form of the game,&nbsp;<a href=\"http://en.wikipedia.org/wiki/World%20Series%20of%20Poker\">World Series of Poker&nbsp;</a>(WSOP) and the&nbsp;&nbsp;<a href=\"http://en.wikipedia.org/wiki/World%20Poker%20Tour\">World Poker Tour&nbsp;</a>(WPT) and it is from the former that this title takes its name.</p>\r\n<p>\r\n	Knowing that the game is from&nbsp;&nbsp;<a href=\"http://twitter.com/glumobile\">Glu mobile</a>, the makers of Deer Hunter 3D,&nbsp;&nbsp;<a href=\"http://touchreviews.net/index.php/touch-reviews-iphone-apps-glyder-high-score/\">Glyder</a>,&nbsp;&nbsp;<a href=\"http://touchreviews.net/index.php/super-ko-boxing-2-winner-glu-mobile/\">Super KO Boxing 2</a>&nbsp;and&nbsp;&nbsp;<a href=\"http://touchreviews.net/index.php/iphone-app-reviews-app-review-build-a-lot/\">Build-a-lot</a>&nbsp;to name but a few, it&rsquo;s no surprise that first moment you launch the game the app oozes quality and class. The game starts with a video to set the scene of the poker tournament, all glitz and glamor around the&nbsp;&nbsp;<a href=\"http://www.flickr.com/photos/kenlund/3712929701/\">poker tables of Las Vegas</a>&nbsp;and this quality continues through-out the application from the in game menu&rsquo;s to the game itself.</p>\r\n<p>\r\n	The game play itself is the same whether you are playing a quick cash game, career mode or multi-player over the internet or via Bluetooth and you&rsquo;ll find yourself looking down on the poker table with 8 opponents. Depending on which mode you have chosen the opponents will either be computer opponents or live people.</p>\r\n<p style=\"text-align: center; \">\r\n	<img alt=\"World Series of Poker Hold em Legend Mobile Game_2\" src=\"http://touchreviews.net/wp-content/uploads/2009/11/World-Series-of-Poker-Hold-em-Legend-Mobile-Game_2.jpg\" title=\"World Series of Poker Hold em Legend Mobile Game_2\" /></p>\r\n<p>\r\n	If you know the&nbsp;&nbsp;<a href=\"http://www.youtube.com/watch?v=-iQ9pNpxCX4\">rules of poker</a>, and specifically Texas Hold &lsquo;Em, the game is easy to play. You can drag and drop you cards and click directly on your pile of chips to raise the steaks when you feel you have a good hand. When you are initially dealt your hand a guide will show you how strong your cards are helping you decide how much to bet or if you should fold.</p>\r\n<p>\r\n	As the subsequent cards are dealt this guide will update accordingly, keeping you up to date on the strength of your hand at all times. The computer controlled players will also give &lsquo;tells&rsquo; that will suggest to you whether or not they are holding a strong or weak hand. These &lsquo;tells&rsquo; must be used with caution as just like in the real world the &lsquo;tells&rsquo; aren&rsquo;t always as they seem.</p>\r\n<p>\r\n	The single player options will keep you going for hours especially the career mode where you aim to earn/win as much money as possible moving from city too city while unlocking achievements. But it&rsquo;s the online multi-player mode that could lose you many hours as you attempt to climb the global leaderboards and test you guile against real people.</p>\r\n<p style=\"text-align: center; \">\r\n	<img alt=\"World Series of Poker Hold em Legend Mobile Game_5\" src=\"http://touchreviews.net/wp-content/uploads/2009/11/World-Series-of-Poker-Hold-em-Legend-Mobile-Game_5.jpg\" title=\"World Series of Poker Hold em Legend Mobile Game_5\" /></p>\r\n<p>\r\n	The real people that you get to play against are selected randomly and there is no option to select who you wish to play against. The online mode is time based so you&rsquo;ll only have 30 seconds to make your move which ensures the game keeps moving and in my playing there has never been a shortage of players to make the numbers at the table. It would be nice also if it was possible to boast about your wins via&nbsp;<a href=\"http://twitter.com/Touch_Reviews\">Twitter</a>&nbsp;or&nbsp;<a href=\"http://facebook.com/TouchReviewsPage\" target=\"_blank\" title=\"Facebook\">Facebook</a>&nbsp;but that&rsquo;s not possible either.</p>\r\n<p>\r\n	At $6.99 World Series of Poker &ndash; Hold &lsquo;Em is at the high end of app price market, however the quality that Glu have put into this application makes it worth it. If you are looking for a high quality poker app that will keep you entertained (or addicted) then this is the one for you.</p>\r\n<p>\r\n	The Good</p>\r\n<ul type=\"DISC\">\r\n	<li>\r\n		<p>\r\n			Professional Look &amp; Feel</p>\r\n	</li>\r\n	<li>\r\n		<p>\r\n			Simple online integration</p>\r\n	</li>\r\n	<li>\r\n		<p>\r\n			Hours and Hours of Gameplay</p>\r\n	</li>\r\n</ul>\r\n<p>\r\n	The Not So Good</p>\r\n<ul type=\"DISC\">\r\n	<li>\r\n		<p>\r\n			No option to chose your online opponents</p>\r\n	</li>\r\n	<li>\r\n		<p>\r\n			No social network options</p>\r\n	</li>\r\n</ul>\r\n',1,'2010-05-26 01:00:00',1,7,'2010-05-27 00:29:31','2010-06-01 02:45:18','world-series-of-poker-hold-‘em-legend--2',0,'Покер, Pocker, Texas Hold `Em','--- \n- !ruby/object:Category \n  attributes: \n    name: iPhone\n    created_at: 2010-05-26 00:45:21\n    updated_at: 2010-05-26 00:45:21\n    lft: \"5\"\n    id: \"3\"\n    parent_id: \n    rgt: \"22\"\n  attributes_cache: {}\n\n- !ruby/object:Category \n  attributes: \n    name: !binary |\n      0JjQs9GA0Ys=\n\n    created_at: 2010-05-26 01:06:24\n    updated_at: 2010-05-26 01:06:24\n    lft: \"10\"\n    id: \"6\"\n    parent_id: \"3\"\n    rgt: \"13\"\n  attributes_cache: {}\n\n- !ruby/object:Category \n  attributes: \n    name: !binary |\n      0J/QvtC60LXRgA==\n\n    created_at: 2010-05-26 01:06:41\n    updated_at: 2010-05-26 01:06:41\n    lft: \"11\"\n    id: \"7\"\n    parent_id: \"6\"\n    rgt: \"12\"\n  attributes_cache: {}\n\n'),(39,'123','','<p>\r\n	123</p>\r\n',0,'2003-02-01 01:05:00',1,23,'2010-05-27 07:05:21','2010-06-01 07:04:43','123',0,'','--- \n- !ruby/object:Category \n  attributes: \n    name: zzz\n    created_at: 2010-06-01 06:16:30\n    updated_at: 2010-06-01 06:16:30\n    lft: \"27\"\n    id: \"23\"\n    parent_id: \n    rgt: \"28\"\n  attributes_cache: {}\n\n');
/*!40000 ALTER TABLE `posts` ENABLE KEYS */;
UNLOCK TABLES;

--
-- Table structure for table `roles`
--

DROP TABLE IF EXISTS `roles`;
/*!40101 SET @saved_cs_client     = @@character_set_client */;
/*!40101 SET character_set_client = utf8 */;
CREATE TABLE `roles` (
  `id` int(11) NOT NULL AUTO_INCREMENT,
  `name` varchar(255) COLLATE utf8_unicode_ci DEFAULT NULL,
  `created_at` datetime DEFAULT NULL,
  `updated_at` datetime DEFAULT NULL,
  PRIMARY KEY (`id`)
) ENGINE=InnoDB AUTO_INCREMENT=3 DEFAULT CHARSET=utf8 COLLATE=utf8_unicode_ci;
/*!40101 SET character_set_client = @saved_cs_client */;

--
-- Dumping data for table `roles`
--

LOCK TABLES `roles` WRITE;
/*!40000 ALTER TABLE `roles` DISABLE KEYS */;
INSERT INTO `roles` VALUES (1,'admin','2010-05-25 22:01:11','2010-05-25 22:01:11'),(2,'user','2010-05-26 23:17:50','2010-05-26 23:17:50');
/*!40000 ALTER TABLE `roles` ENABLE KEYS */;
UNLOCK TABLES;

--
-- Table structure for table `rpx_identifiers`
--

DROP TABLE IF EXISTS `rpx_identifiers`;
/*!40101 SET @saved_cs_client     = @@character_set_client */;
/*!40101 SET character_set_client = utf8 */;
CREATE TABLE `rpx_identifiers` (
  `id` int(11) NOT NULL AUTO_INCREMENT,
  `identifier` varchar(255) COLLATE utf8_unicode_ci NOT NULL,
  `provider_name` varchar(255) COLLATE utf8_unicode_ci DEFAULT NULL,
  `user_id` int(11) NOT NULL,
  `created_at` datetime DEFAULT NULL,
  `updated_at` datetime DEFAULT NULL,
  PRIMARY KEY (`id`),
  UNIQUE KEY `index_rpx_identifiers_on_identifier` (`identifier`),
  KEY `index_rpx_identifiers_on_user_id` (`user_id`)
) ENGINE=InnoDB AUTO_INCREMENT=3 DEFAULT CHARSET=utf8 COLLATE=utf8_unicode_ci;
/*!40101 SET character_set_client = @saved_cs_client */;

--
-- Dumping data for table `rpx_identifiers`
--

LOCK TABLES `rpx_identifiers` WRITE;
/*!40000 ALTER TABLE `rpx_identifiers` DISABLE KEYS */;
INSERT INTO `rpx_identifiers` VALUES (1,'https://www.google.com/accounts/o8/id?id=AItOawmJxHOJY2r31hJgmtOxedlyYS_ZjtygkRI','Google',1,'2010-05-25 22:42:46','2010-05-25 22:42:46'),(2,'http://twitter.com/account/profile?user_id=76902768','Twitter',1,'2010-05-30 10:37:43','2010-05-30 10:37:43');
/*!40000 ALTER TABLE `rpx_identifiers` ENABLE KEYS */;
UNLOCK TABLES;

--
-- Table structure for table `schema_migrations`
--

DROP TABLE IF EXISTS `schema_migrations`;
/*!40101 SET @saved_cs_client     = @@character_set_client */;
/*!40101 SET character_set_client = utf8 */;
CREATE TABLE `schema_migrations` (
  `version` varchar(255) COLLATE utf8_unicode_ci NOT NULL,
  UNIQUE KEY `unique_schema_migrations` (`version`)
) ENGINE=InnoDB DEFAULT CHARSET=utf8 COLLATE=utf8_unicode_ci;
/*!40101 SET character_set_client = @saved_cs_client */;

--
-- Dumping data for table `schema_migrations`
--

LOCK TABLES `schema_migrations` WRITE;
/*!40000 ALTER TABLE `schema_migrations` DISABLE KEYS */;
INSERT INTO `schema_migrations` VALUES ('20100414144425'),('20100414163435'),('20100415183559'),('20100415183658'),('20100419144150'),('20100420191422'),('20100420225159'),('20100424163028'),('20100426223543'),('20100504083610'),('20100511195646'),('20100512085634'),('20100515150125'),('20100515214044'),('20100515225620'),('20100520121932');
/*!40000 ALTER TABLE `schema_migrations` ENABLE KEYS */;
UNLOCK TABLES;

--
-- Table structure for table `sessions`
--

DROP TABLE IF EXISTS `sessions`;
/*!40101 SET @saved_cs_client     = @@character_set_client */;
/*!40101 SET character_set_client = utf8 */;
CREATE TABLE `sessions` (
  `id` int(11) NOT NULL AUTO_INCREMENT,
  `session_id` varchar(255) COLLATE utf8_unicode_ci NOT NULL,
  `data` text COLLATE utf8_unicode_ci,
  `created_at` datetime DEFAULT NULL,
  `updated_at` datetime DEFAULT NULL,
  PRIMARY KEY (`id`),
  KEY `index_sessions_on_session_id` (`session_id`),
  KEY `index_sessions_on_updated_at` (`updated_at`)
) ENGINE=InnoDB DEFAULT CHARSET=utf8 COLLATE=utf8_unicode_ci;
/*!40101 SET character_set_client = @saved_cs_client */;

--
-- Dumping data for table `sessions`
--

LOCK TABLES `sessions` WRITE;
/*!40000 ALTER TABLE `sessions` DISABLE KEYS */;
/*!40000 ALTER TABLE `sessions` ENABLE KEYS */;
UNLOCK TABLES;

--
-- Table structure for table `slugs`
--

DROP TABLE IF EXISTS `slugs`;
/*!40101 SET @saved_cs_client     = @@character_set_client */;
/*!40101 SET character_set_client = utf8 */;
CREATE TABLE `slugs` (
  `id` int(11) NOT NULL AUTO_INCREMENT,
  `name` varchar(255) COLLATE utf8_unicode_ci DEFAULT NULL,
  `sluggable_id` int(11) DEFAULT NULL,
  `sequence` int(11) NOT NULL DEFAULT '1',
  `sluggable_type` varchar(40) COLLATE utf8_unicode_ci DEFAULT NULL,
  `scope` varchar(255) COLLATE utf8_unicode_ci DEFAULT NULL,
  `created_at` datetime DEFAULT NULL,
  PRIMARY KEY (`id`),
  UNIQUE KEY `index_slugs_on_n_s_s_and_s` (`name`,`sluggable_type`,`sequence`,`scope`),
  KEY `index_slugs_on_sluggable_id` (`sluggable_id`)
) ENGINE=InnoDB AUTO_INCREMENT=55 DEFAULT CHARSET=utf8 COLLATE=utf8_unicode_ci;
/*!40101 SET character_set_client = @saved_cs_client */;

--
-- Dumping data for table `slugs`
--

LOCK TABLES `slugs` WRITE;
/*!40000 ALTER TABLE `slugs` DISABLE KEYS */;
INSERT INTO `slugs` VALUES (1,'rjs-и-работа-с-связными-объектами',1,1,'Post',NULL,'2010-05-25 22:02:38'),(2,'wi-fi-от-билайн-yota-4g-и-бесплатный-интернет',2,1,'Post',NULL,'2010-05-25 23:06:51'),(3,'tweetie-2',3,1,'Post',NULL,'2010-05-26 00:45:22'),(4,'shazam',4,1,'Post',NULL,'2010-05-26 00:56:02'),(6,'pterm',6,1,'Post',NULL,'2010-05-26 01:09:27'),(7,'issh',7,1,'Post',NULL,'2010-05-26 01:10:51'),(9,'shoutcast',9,1,'Post',NULL,'2010-05-26 01:14:54'),(10,'radiobox',10,1,'Post',NULL,'2010-05-26 01:16:18'),(11,'igo-my-way',11,1,'Post',NULL,'2010-05-26 01:20:17'),(12,'rdp',12,1,'Post',NULL,'2010-05-26 01:21:35'),(13,'jaddu-vnc',13,1,'Post',NULL,'2010-05-26 01:23:21'),(14,'digg',14,1,'Post',NULL,'2010-05-26 01:25:24'),(15,'facebook',15,1,'Post',NULL,'2010-05-26 01:26:02'),(16,'foursquare',16,1,'Post',NULL,'2010-05-26 01:26:36'),(17,'якарты',17,1,'Post',NULL,'2010-05-26 01:27:19'),(18,'flickr',18,1,'Post',NULL,'2010-05-26 01:32:12'),(19,'alter-geo',19,1,'Post',NULL,'2010-05-26 01:34:19'),(20,'opera-mini',20,1,'Post',NULL,'2010-05-26 01:40:27'),(21,'instapaper',21,1,'Post',NULL,'2010-05-26 01:41:34'),(22,'yummy',22,1,'Post',NULL,'2010-05-26 01:42:58'),(23,'free-wi-fi',23,1,'Post',NULL,'2010-05-26 01:46:11'),(24,'oz-wifi',24,1,'Post',NULL,'2010-05-26 01:47:18'),(25,'qiwi-wallet',25,1,'Post',NULL,'2010-05-26 01:48:18'),(26,'keepermobile',26,1,'Post',NULL,'2010-05-26 01:49:41'),(27,'ifitness',27,1,'Post',NULL,'2010-05-26 01:50:58'),(28,'paypal',28,1,'Post',NULL,'2010-05-26 01:52:29'),(29,'shout-it',29,1,'Post',NULL,'2010-05-26 01:53:14'),(30,'iblacklist',30,1,'Post',NULL,'2010-05-26 02:06:31'),(31,'installous',31,1,'Post',NULL,'2010-05-26 02:08:26'),(32,'написать-о-походе-в-мирбис',32,1,'Post',NULL,'2010-05-26 02:10:45'),(33,'vlc-remote',33,1,'Post',NULL,'2010-05-26 02:13:12'),(34,'подумать',34,1,'Post',NULL,'2010-05-26 02:15:32'),(35,'сохранение-фильтров-выборки-при-публикации',35,1,'Post',NULL,'2010-05-26 02:26:20'),(37,'заметки-vim',37,1,'Post',NULL,'2010-05-26 22:48:07'),(38,'world-series-of-poker-hold-‘em-legend',38,2,'Post',NULL,'2010-05-27 00:29:31'),(39,'123',39,1,'Post',NULL,'2010-05-27 07:05:22'),(48,'irusradiof',8,1,'Post',NULL,'2010-05-31 05:05:15'),(49,'irusradio',8,1,'Post',NULL,'2010-05-31 05:29:08');
/*!40000 ALTER TABLE `slugs` ENABLE KEYS */;
UNLOCK TABLES;

--
-- Table structure for table `taggings`
--

DROP TABLE IF EXISTS `taggings`;
/*!40101 SET @saved_cs_client     = @@character_set_client */;
/*!40101 SET character_set_client = utf8 */;
CREATE TABLE `taggings` (
  `id` int(11) NOT NULL AUTO_INCREMENT,
  `tag_id` int(11) DEFAULT NULL,
  `taggable_id` int(11) DEFAULT NULL,
  `tagger_id` int(11) DEFAULT NULL,
  `tagger_type` varchar(255) COLLATE utf8_unicode_ci DEFAULT NULL,
  `taggable_type` varchar(255) COLLATE utf8_unicode_ci DEFAULT NULL,
  `context` varchar(255) COLLATE utf8_unicode_ci DEFAULT NULL,
  `created_at` datetime DEFAULT NULL,
  PRIMARY KEY (`id`),
  KEY `index_taggings_on_tag_id` (`tag_id`),
  KEY `index_taggings_on_taggable_id_and_taggable_type_and_context` (`taggable_id`,`taggable_type`,`context`)
) ENGINE=InnoDB AUTO_INCREMENT=159 DEFAULT CHARSET=utf8 COLLATE=utf8_unicode_ci;
/*!40101 SET character_set_client = @saved_cs_client */;

--
-- Dumping data for table `taggings`
--

LOCK TABLES `taggings` WRITE;
/*!40000 ALTER TABLE `taggings` DISABLE KEYS */;
INSERT INTO `taggings` VALUES (1,1,1,NULL,NULL,'Post','tags','2010-05-25 22:02:38'),(2,2,1,NULL,NULL,'Post','tags','2010-05-25 22:02:39'),(3,3,1,NULL,NULL,'Post','tags','2010-05-25 22:02:39'),(4,4,1,NULL,NULL,'Post','tags','2010-05-25 22:02:40'),(5,5,1,NULL,NULL,'Post','tags','2010-05-25 22:02:40'),(6,6,1,NULL,NULL,'Post','tags','2010-05-25 22:02:40'),(7,7,2,NULL,NULL,'Post','tags','2010-05-25 23:06:52'),(8,8,2,NULL,NULL,'Post','tags','2010-05-25 23:06:53'),(9,9,2,NULL,NULL,'Post','tags','2010-05-25 23:06:53'),(10,10,2,NULL,NULL,'Post','tags','2010-05-25 23:06:53'),(11,11,2,NULL,NULL,'Post','tags','2010-05-25 23:06:54'),(12,12,2,NULL,NULL,'Post','tags','2010-05-25 23:06:54'),(13,13,2,NULL,NULL,'Post','tags','2010-05-25 23:06:55'),(14,14,3,NULL,NULL,'Post','tags','2010-05-26 00:45:22'),(15,15,3,NULL,NULL,'Post','tags','2010-05-26 00:45:22'),(16,16,3,NULL,NULL,'Post','tags','2010-05-26 00:45:22'),(17,17,3,NULL,NULL,'Post','tags','2010-05-26 00:45:23'),(18,18,3,NULL,NULL,'Post','tags','2010-05-26 00:45:23'),(19,19,4,NULL,NULL,'Post','tags','2010-05-26 00:56:02'),(20,20,4,NULL,NULL,'Post','tags','2010-05-26 00:59:00'),(21,21,4,NULL,NULL,'Post','tags','2010-05-26 00:59:00'),(22,22,4,NULL,NULL,'Post','tags','2010-05-26 00:59:00'),(26,26,6,NULL,NULL,'Post','tags','2010-05-26 01:09:28'),(27,27,6,NULL,NULL,'Post','tags','2010-05-26 01:09:28'),(28,28,6,NULL,NULL,'Post','tags','2010-05-26 01:09:29'),(29,26,7,NULL,NULL,'Post','tags','2010-05-26 01:10:51'),(30,27,7,NULL,NULL,'Post','tags','2010-05-26 01:10:51'),(31,28,7,NULL,NULL,'Post','tags','2010-05-26 01:10:51'),(32,8,8,NULL,NULL,'Post','tags','2010-05-26 01:13:34'),(34,21,8,NULL,NULL,'Post','tags','2010-05-26 01:13:35'),(38,8,9,NULL,NULL,'Post','tags','2010-05-26 01:14:54'),(39,21,9,NULL,NULL,'Post','tags','2010-05-26 01:14:54'),(40,29,9,NULL,NULL,'Post','tags','2010-05-26 01:14:54'),(41,30,9,NULL,NULL,'Post','tags','2010-05-26 01:14:54'),(42,31,9,NULL,NULL,'Post','tags','2010-05-26 01:14:55'),(43,32,9,NULL,NULL,'Post','tags','2010-05-26 01:14:55'),(44,33,9,NULL,NULL,'Post','tags','2010-05-26 01:14:56'),(45,34,9,NULL,NULL,'Post','tags','2010-05-26 01:14:56'),(46,8,10,NULL,NULL,'Post','tags','2010-05-26 01:16:18'),(47,20,10,NULL,NULL,'Post','tags','2010-05-26 01:16:18'),(48,21,10,NULL,NULL,'Post','tags','2010-05-26 01:16:18'),(49,30,10,NULL,NULL,'Post','tags','2010-05-26 01:16:18'),(50,31,10,NULL,NULL,'Post','tags','2010-05-26 01:16:18'),(51,34,10,NULL,NULL,'Post','tags','2010-05-26 01:16:18'),(52,16,11,NULL,NULL,'Post','tags','2010-05-26 01:20:18'),(53,35,11,NULL,NULL,'Post','tags','2010-05-26 01:20:18'),(54,36,11,NULL,NULL,'Post','tags','2010-05-26 01:20:19'),(55,37,12,NULL,NULL,'Post','tags','2010-05-26 01:21:36'),(56,38,12,NULL,NULL,'Post','tags','2010-05-26 01:21:37'),(57,39,12,NULL,NULL,'Post','tags','2010-05-26 01:21:37'),(58,40,12,NULL,NULL,'Post','tags','2010-05-26 01:21:38'),(59,28,13,NULL,NULL,'Post','tags','2010-05-26 01:23:22'),(60,38,13,NULL,NULL,'Post','tags','2010-05-26 01:23:22'),(61,39,13,NULL,NULL,'Post','tags','2010-05-26 01:23:22'),(62,40,13,NULL,NULL,'Post','tags','2010-05-26 01:23:23'),(63,41,13,NULL,NULL,'Post','tags','2010-05-26 01:23:23'),(64,7,17,NULL,NULL,'Post','tags','2010-05-26 01:27:19'),(65,42,17,NULL,NULL,'Post','tags','2010-05-26 01:27:19'),(66,43,17,NULL,NULL,'Post','tags','2010-05-26 01:27:19'),(67,16,16,NULL,NULL,'Post','tags','2010-05-26 01:30:00'),(68,44,16,NULL,NULL,'Post','tags','2010-05-26 01:30:00'),(69,45,16,NULL,NULL,'Post','tags','2010-05-26 01:30:00'),(70,46,16,NULL,NULL,'Post','tags','2010-05-26 01:30:00'),(71,45,14,NULL,NULL,'Post','tags','2010-05-26 01:30:56'),(72,47,14,NULL,NULL,'Post','tags','2010-05-26 01:30:56'),(73,48,14,NULL,NULL,'Post','tags','2010-05-26 01:30:56'),(74,45,15,NULL,NULL,'Post','tags','2010-05-26 01:31:17'),(75,49,15,NULL,NULL,'Post','tags','2010-05-26 01:31:17'),(76,50,15,NULL,NULL,'Post','tags','2010-05-26 01:31:17'),(77,45,18,NULL,NULL,'Post','tags','2010-05-26 01:32:13'),(78,51,18,NULL,NULL,'Post','tags','2010-05-26 01:32:13'),(79,52,18,NULL,NULL,'Post','tags','2010-05-26 01:32:13'),(80,53,18,NULL,NULL,'Post','tags','2010-05-26 01:32:13'),(81,16,19,NULL,NULL,'Post','tags','2010-05-26 01:34:19'),(82,45,19,NULL,NULL,'Post','tags','2010-05-26 01:34:19'),(83,46,19,NULL,NULL,'Post','tags','2010-05-26 01:34:19'),(84,54,19,NULL,NULL,'Post','tags','2010-05-26 01:34:19'),(85,55,19,NULL,NULL,'Post','tags','2010-05-26 01:34:19'),(86,56,20,NULL,NULL,'Post','tags','2010-05-26 01:40:27'),(87,57,21,NULL,NULL,'Post','tags','2010-05-26 01:41:34'),(88,58,21,NULL,NULL,'Post','tags','2010-05-26 01:41:34'),(89,59,21,NULL,NULL,'Post','tags','2010-05-26 01:41:34'),(90,45,22,NULL,NULL,'Post','tags','2010-05-26 01:42:58'),(91,56,22,NULL,NULL,'Post','tags','2010-05-26 01:42:58'),(92,60,22,NULL,NULL,'Post','tags','2010-05-26 01:42:58'),(93,61,22,NULL,NULL,'Post','tags','2010-05-26 01:42:58'),(94,8,23,NULL,NULL,'Post','tags','2010-05-26 01:46:11'),(95,16,23,NULL,NULL,'Post','tags','2010-05-26 01:46:11'),(96,30,23,NULL,NULL,'Post','tags','2010-05-26 01:46:11'),(97,8,24,NULL,NULL,'Post','tags','2010-05-26 01:47:18'),(98,16,24,NULL,NULL,'Post','tags','2010-05-26 01:47:18'),(99,30,24,NULL,NULL,'Post','tags','2010-05-26 01:47:18'),(100,62,25,NULL,NULL,'Post','tags','2010-05-26 01:48:18'),(101,63,25,NULL,NULL,'Post','tags','2010-05-26 01:48:18'),(102,62,26,NULL,NULL,'Post','tags','2010-05-26 01:49:41'),(103,63,26,NULL,NULL,'Post','tags','2010-05-26 01:49:41'),(104,64,26,NULL,NULL,'Post','tags','2010-05-26 01:49:41'),(105,65,27,NULL,NULL,'Post','tags','2010-05-26 01:50:59'),(106,66,27,NULL,NULL,'Post','tags','2010-05-26 01:50:59'),(107,30,28,NULL,NULL,'Post','tags','2010-05-26 01:52:29'),(108,32,28,NULL,NULL,'Post','tags','2010-05-26 01:52:29'),(109,62,28,NULL,NULL,'Post','tags','2010-05-26 01:52:29'),(110,63,28,NULL,NULL,'Post','tags','2010-05-26 01:52:29'),(111,67,28,NULL,NULL,'Post','tags','2010-05-26 01:52:29'),(112,68,30,NULL,NULL,'Post','tags','2010-05-26 02:06:31'),(113,69,30,NULL,NULL,'Post','tags','2010-05-26 02:06:31'),(114,70,31,NULL,NULL,'Post','tags','2010-05-26 02:08:26'),(115,71,31,NULL,NULL,'Post','tags','2010-05-26 02:08:26'),(116,72,31,NULL,NULL,'Post','tags','2010-05-26 02:08:27'),(117,73,31,NULL,NULL,'Post','tags','2010-05-26 02:08:27'),(118,74,32,NULL,NULL,'Post','tags','2010-05-26 02:10:45'),(119,21,33,NULL,NULL,'Post','tags','2010-05-26 02:13:12'),(120,31,33,NULL,NULL,'Post','tags','2010-05-26 02:13:12'),(121,75,33,NULL,NULL,'Post','tags','2010-05-26 02:13:12'),(122,76,34,NULL,NULL,'Post','tags','2010-05-26 02:15:32'),(123,77,34,NULL,NULL,'Post','tags','2010-05-26 02:15:32'),(124,7,32,NULL,NULL,'Post','tags','2010-05-26 02:20:15'),(125,78,32,NULL,NULL,'Post','tags','2010-05-26 02:20:15'),(126,76,35,NULL,NULL,'Post','tags','2010-05-26 02:26:59'),(128,79,37,NULL,NULL,'Post','tags','2010-05-26 23:22:59'),(129,80,37,NULL,NULL,'Post','tags','2010-05-26 23:22:59'),(130,81,37,NULL,NULL,'Post','tags','2010-05-26 23:22:59'),(131,82,37,NULL,NULL,'Post','tags','2010-05-26 23:22:59'),(132,23,38,NULL,NULL,'Post','tags','2010-05-27 00:29:31'),(133,24,38,NULL,NULL,'Post','tags','2010-05-27 00:29:31'),(134,25,38,NULL,NULL,'Post','tags','2010-05-27 00:29:32'),(135,30,26,NULL,NULL,'Post','tags','2010-05-30 19:40:39'),(150,20,8,NULL,NULL,'Post','tags','2010-05-31 07:06:59'),(151,29,8,NULL,NULL,'Post','tags','2010-05-31 07:06:59'),(152,30,8,NULL,NULL,'Post','tags','2010-05-31 07:06:59'),(155,107,8,NULL,NULL,'Post','tags','2010-05-31 07:33:20');
/*!40000 ALTER TABLE `taggings` ENABLE KEYS */;
UNLOCK TABLES;

--
-- Table structure for table `tags`
--

DROP TABLE IF EXISTS `tags`;
/*!40101 SET @saved_cs_client     = @@character_set_client */;
/*!40101 SET character_set_client = utf8 */;
CREATE TABLE `tags` (
  `id` int(11) NOT NULL AUTO_INCREMENT,
  `name` varchar(255) COLLATE utf8_unicode_ci DEFAULT NULL,
  PRIMARY KEY (`id`)
) ENGINE=InnoDB AUTO_INCREMENT=109 DEFAULT CHARSET=utf8 COLLATE=utf8_unicode_ci;
/*!40101 SET character_set_client = @saved_cs_client */;

--
-- Dumping data for table `tags`
--

LOCK TABLES `tags` WRITE;
/*!40000 ALTER TABLE `tags` DISABLE KEYS */;
INSERT INTO `tags` VALUES (1,'rjs'),(2,'form_for'),(3,'formtastic'),(4,'semantic_form_for'),(5,'fields_for'),(6,'semantic_fields_for'),(7,'Москва'),(8,'Wi-Fi'),(9,'Yota'),(10,'Beeline'),(11,'Билайн'),(12,'Йота'),(13,'4G'),(14,'Твиттер'),(15,'Twitter'),(16,'геолокация'),(17,'geolocation'),(18,'mail'),(19,'shazam'),(20,'аудио'),(21,'audio'),(22,'распознавание'),(23,'Покер'),(24,'Pocker'),(25,'Texas Hold `Em'),(26,'ssh'),(27,'консольный клиент'),(28,'Linux'),(29,'радио'),(30,'Интернет'),(31,'музыка'),(32,'On-Line'),(33,'shoutcast'),(34,'winamp'),(35,'gps'),(36,'машина'),(37,'windows'),(38,'администрирование'),(39,'терминальный клиент'),(40,'удаленное управление'),(41,'vnc'),(42,'карты'),(43,'Яндекс'),(44,'social'),(45,'социальная сеть'),(46,'позиционирование'),(47,'новости'),(48,'популярное'),(49,'друзья'),(50,'знакомства'),(51,'фотохостинг'),(52,'фото'),(53,'фотографии'),(54,'дополненная реальность'),(55,'русская'),(56,'браузер'),(57,'заладки'),(58,'дочитать'),(59,'прочитать позже'),(60,'Delicio.us'),(61,'закладки'),(62,'электронный кошелек'),(63,'электронные деньги'),(64,'Webmoney'),(65,'бодибилдинг'),(66,'спорт'),(67,'PayPal'),(68,'черный список'),(69,'нежелательные звонки'),(70,'hack'),(71,'warez'),(72,'Appstore'),(73,'софт'),(74,'стартап'),(75,'vlc'),(76,'todo'),(77,'сделать'),(78,'startuppoint'),(79,'vi'),(80,'vim'),(81,'gvim'),(82,'заметки'),(83,'новый тег!'),(84,'гамно'),(85,'новейший тег'),(86,'другой тег'),(87,'еще одна проверка'),(88,'когда же я устроюсь на работу :)'),(89,'jkh|jhh|'),(90,'asdf'),(91,'тест'),(92,'f|a'),(93,'jkh'),(94,'проверка'),(95,'r аудио'),(96,'радиrо'),(97,'Интернетr'),(98,'аудиоо'),(99,'ароадио'),(100,'Интернетrоооа'),(101,'лароадио'),(102,'Интернетrоооалд'),(103,'Интернетrоооалдd'),(104,'аудиооf'),(105,'музыкаft'),(106,'музыкаftf'),(107,'музыкаftfrf'),(108,'воронка');
/*!40000 ALTER TABLE `tags` ENABLE KEYS */;
UNLOCK TABLES;

--
-- Table structure for table `users`
--

DROP TABLE IF EXISTS `users`;
/*!40101 SET @saved_cs_client     = @@character_set_client */;
/*!40101 SET character_set_client = utf8 */;
CREATE TABLE `users` (
  `id` int(11) NOT NULL AUTO_INCREMENT,
  `created_at` datetime DEFAULT NULL,
  `updated_at` datetime DEFAULT NULL,
  `login` varchar(255) COLLATE utf8_unicode_ci NOT NULL,
  `crypted_password` varchar(255) COLLATE utf8_unicode_ci DEFAULT NULL,
  `password_salt` varchar(255) COLLATE utf8_unicode_ci DEFAULT NULL,
  `persistence_token` varchar(255) COLLATE utf8_unicode_ci NOT NULL,
  `perishable_token` varchar(255) COLLATE utf8_unicode_ci NOT NULL,
  `email` varchar(255) COLLATE utf8_unicode_ci DEFAULT NULL,
  PRIMARY KEY (`id`),
  KEY `index_users_on_login` (`login`),
  KEY `index_users_on_persistence_token` (`persistence_token`),
  KEY `index_users_on_perishable_token` (`perishable_token`),
  KEY `index_users_on_email` (`email`)
) ENGINE=InnoDB AUTO_INCREMENT=3 DEFAULT CHARSET=utf8 COLLATE=utf8_unicode_ci;
/*!40101 SET character_set_client = @saved_cs_client */;

--
-- Dumping data for table `users`
--

LOCK TABLES `users` WRITE;
/*!40000 ALTER TABLE `users` DISABLE KEYS */;
INSERT INTO `users` VALUES (1,'2010-05-25 22:01:11','2010-05-31 03:32:34','woto','e20fa35ce2f94a6b9ebc6ae1aa4b0c16c32162c4574e1b4f132a6dcb1667daac30328a5fb5bab35932e561a29eea13e6c75c640e4896cd513349cfee667bea36','MaVzIorMkJwWcROb_p15','a41c53753d1c04229ff055aa470393f18a2d620840e6e1c6c194e5535ae9132877dd08dcab1598243972cc42c77dfdd76c7292a588972b008303b18c18fc85ce','psYjN-Zt_H6rqtPfqxAJ','oganer@gmail.com'),(2,'2010-05-26 23:17:50','2010-05-26 23:18:31','woto2','0d6b1138b18c09c7dfaa93246def7fe21c1872a4afeea6a906f7d8b46ed03bf502a6f731a467b6b41aac03b1cddac66fabfde4bb7525a87554b176a5501e5753','Dtx6NGXCw3WC0-5M5GaX','a1e6c8164b75fdbf49779c9d59a13315a422895666f8e391e66f579275b3b272ff73efc3c0766e04b3c0c717e45d0dade0436773dfda6ebfe163b41165a1fa1d','GGHQ2sNg7SPMcEuXXmfq','woto@mail.ru');
/*!40000 ALTER TABLE `users` ENABLE KEYS */;
UNLOCK TABLES;
/*!40103 SET TIME_ZONE=@OLD_TIME_ZONE */;

/*!40101 SET SQL_MODE=@OLD_SQL_MODE */;
/*!40014 SET FOREIGN_KEY_CHECKS=@OLD_FOREIGN_KEY_CHECKS */;
/*!40014 SET UNIQUE_CHECKS=@OLD_UNIQUE_CHECKS */;
/*!40101 SET CHARACTER_SET_CLIENT=@OLD_CHARACTER_SET_CLIENT */;
/*!40101 SET CHARACTER_SET_RESULTS=@OLD_CHARACTER_SET_RESULTS */;
/*!40101 SET COLLATION_CONNECTION=@OLD_COLLATION_CONNECTION */;
/*!40111 SET SQL_NOTES=@OLD_SQL_NOTES */;

-- Dump completed on 2010-06-01 14:42:53
