-- MySQL dump 10.13  Distrib 5.1.37, for debian-linux-gnu (i486)
--
-- Host: localhost    Database: uniqsystems_development
-- ------------------------------------------------------
-- Server version	5.1.37-1ubuntu5.1-log

/*!40101 SET @OLD_CHARACTER_SET_CLIENT=@@CHARACTER_SET_CLIENT */;
/*!40101 SET @OLD_CHARACTER_SET_RESULTS=@@CHARACTER_SET_RESULTS */;
/*!40101 SET @OLD_COLLATION_CONNECTION=@@COLLATION_CONNECTION */;
/*!40101 SET NAMES utf8 */;
/*!40103 SET @OLD_TIME_ZONE=@@TIME_ZONE */;
/*!40103 SET TIME_ZONE='+00:00' */;
/*!40014 SET @OLD_UNIQUE_CHECKS=@@UNIQUE_CHECKS, UNIQUE_CHECKS=0 */;
/*!40014 SET @OLD_FOREIGN_KEY_CHECKS=@@FOREIGN_KEY_CHECKS, FOREIGN_KEY_CHECKS=0 */;
/*!40101 SET @OLD_SQL_MODE=@@SQL_MODE, SQL_MODE='NO_AUTO_VALUE_ON_ZERO' */;
/*!40111 SET @OLD_SQL_NOTES=@@SQL_NOTES, SQL_NOTES=0 */;

--
-- Table structure for table `assets`
--

DROP TABLE IF EXISTS `assets`;
/*!40101 SET @saved_cs_client     = @@character_set_client */;
/*!40101 SET character_set_client = utf8 */;
CREATE TABLE `assets` (
  `id` int(11) NOT NULL AUTO_INCREMENT,
  `data_file_name` varchar(255) COLLATE utf8_unicode_ci DEFAULT NULL,
  `data_content_type` varchar(255) COLLATE utf8_unicode_ci DEFAULT NULL,
  `data_file_size` int(11) DEFAULT NULL,
  `assetable_id` int(11) DEFAULT NULL,
  `assetable_type` varchar(25) COLLATE utf8_unicode_ci DEFAULT NULL,
  `type` varchar(25) COLLATE utf8_unicode_ci DEFAULT NULL,
  `user_id` int(11) DEFAULT NULL,
  `created_at` datetime DEFAULT NULL,
  `updated_at` datetime DEFAULT NULL,
  PRIMARY KEY (`id`),
  KEY `ndx_type_assetable` (`assetable_id`,`assetable_type`,`type`),
  KEY `fk_assets` (`assetable_id`,`assetable_type`),
  KEY `fk_user` (`user_id`)
) ENGINE=InnoDB AUTO_INCREMENT=4 DEFAULT CHARSET=utf8 COLLATE=utf8_unicode_ci;
/*!40101 SET character_set_client = @saved_cs_client */;

--
-- Dumping data for table `assets`
--

LOCK TABLES `assets` WRITE;
/*!40000 ALTER TABLE `assets` DISABLE KEYS */;
INSERT INTO `assets` VALUES (1,'_.png','application/octet-stream',180331,NULL,NULL,'Picture',NULL,'2010-06-01 13:18:52','2010-06-01 13:18:52'),(2,'_.png','application/octet-stream',205695,NULL,NULL,'Picture',NULL,'2010-06-02 04:54:26','2010-06-02 04:54:26'),(3,'_.png','application/octet-stream',96392,NULL,NULL,'Picture',NULL,'2010-06-03 06:37:28','2010-06-03 06:37:28');
/*!40000 ALTER TABLE `assets` ENABLE KEYS */;
UNLOCK TABLES;

--
-- Table structure for table `assignments`
--

DROP TABLE IF EXISTS `assignments`;
/*!40101 SET @saved_cs_client     = @@character_set_client */;
/*!40101 SET character_set_client = utf8 */;
CREATE TABLE `assignments` (
  `id` int(11) NOT NULL AUTO_INCREMENT,
  `role_id` int(11) DEFAULT NULL,
  `user_id` int(11) DEFAULT NULL,
  `created_at` datetime DEFAULT NULL,
  `updated_at` datetime DEFAULT NULL,
  PRIMARY KEY (`id`)
) ENGINE=InnoDB AUTO_INCREMENT=3 DEFAULT CHARSET=utf8 COLLATE=utf8_unicode_ci;
/*!40101 SET character_set_client = @saved_cs_client */;

--
-- Dumping data for table `assignments`
--

LOCK TABLES `assignments` WRITE;
/*!40000 ALTER TABLE `assignments` DISABLE KEYS */;
INSERT INTO `assignments` VALUES (1,1,1,'2010-05-25 22:01:11','2010-05-25 22:01:11'),(2,2,2,'2010-05-26 23:17:50','2010-05-26 23:17:50');
/*!40000 ALTER TABLE `assignments` ENABLE KEYS */;
UNLOCK TABLES;

--
-- Table structure for table `captcha_tests`
--

DROP TABLE IF EXISTS `captcha_tests`;
/*!40101 SET @saved_cs_client     = @@character_set_client */;
/*!40101 SET character_set_client = utf8 */;
CREATE TABLE `captcha_tests` (
  `id` int(11) NOT NULL AUTO_INCREMENT,
  `name` varchar(255) COLLATE utf8_unicode_ci DEFAULT NULL,
  `created_at` datetime DEFAULT NULL,
  `updated_at` datetime DEFAULT NULL,
  PRIMARY KEY (`id`)
) ENGINE=InnoDB DEFAULT CHARSET=utf8 COLLATE=utf8_unicode_ci;
/*!40101 SET character_set_client = @saved_cs_client */;

--
-- Dumping data for table `captcha_tests`
--

LOCK TABLES `captcha_tests` WRITE;
/*!40000 ALTER TABLE `captcha_tests` DISABLE KEYS */;
/*!40000 ALTER TABLE `captcha_tests` ENABLE KEYS */;
UNLOCK TABLES;

--
-- Table structure for table `categories`
--

DROP TABLE IF EXISTS `categories`;
/*!40101 SET @saved_cs_client     = @@character_set_client */;
/*!40101 SET character_set_client = utf8 */;
CREATE TABLE `categories` (
  `id` int(11) NOT NULL AUTO_INCREMENT,
  `name` varchar(255) COLLATE utf8_unicode_ci DEFAULT NULL,
  `parent_id` int(11) DEFAULT NULL,
  `lft` int(11) DEFAULT NULL,
  `rgt` int(11) DEFAULT NULL,
  `created_at` datetime DEFAULT NULL,
  `updated_at` datetime DEFAULT NULL,
  PRIMARY KEY (`id`)
) ENGINE=InnoDB AUTO_INCREMENT=28 DEFAULT CHARSET=utf8 COLLATE=utf8_unicode_ci;
/*!40101 SET character_set_client = @saved_cs_client */;

--
-- Dumping data for table `categories`
--

LOCK TABLES `categories` WRITE;
/*!40000 ALTER TABLE `categories` DISABLE KEYS */;
INSERT INTO `categories` VALUES (1,'Ruby on Rails',20,14,15,'2010-05-25 22:02:38','2010-06-02 12:50:43'),(2,'О жизни',NULL,1,2,'2010-05-25 23:06:51','2010-05-25 23:06:51'),(3,'iPhone',NULL,3,4,'2010-05-26 00:45:21','2010-05-26 00:45:21'),(13,'О сайте',NULL,5,6,'2010-05-26 02:15:32','2010-05-26 02:15:32'),(14,'vi',20,8,9,'2010-05-26 22:48:06','2010-06-02 12:46:05'),(20,'О работе',NULL,7,16,'2010-06-02 12:45:49','2010-06-02 12:45:49'),(21,'Javascript',20,10,13,'2010-06-02 12:47:28','2010-06-02 12:47:39'),(22,'Google Reader',25,22,23,'2010-06-02 13:17:00','2010-06-02 13:53:44'),(23,'Github',25,20,21,'2010-06-02 13:27:24','2010-06-02 13:53:36'),(24,'Delicious',25,18,19,'2010-06-02 13:35:47','2010-06-02 13:53:31'),(25,'Лента Web 2.0',NULL,17,24,'2010-06-02 13:53:11','2010-06-02 13:53:11'),(26,'jQuery',21,11,12,'2010-06-03 06:28:23','2010-06-03 06:28:23'),(27,'Проверочка',NULL,25,26,'2010-06-03 09:06:20','2010-06-03 09:06:20');
/*!40000 ALTER TABLE `categories` ENABLE KEYS */;
UNLOCK TABLES;

--
-- Table structure for table `comments`
--

DROP TABLE IF EXISTS `comments`;
/*!40101 SET @saved_cs_client     = @@character_set_client */;
/*!40101 SET character_set_client = utf8 */;
CREATE TABLE `comments` (
  `id` int(11) NOT NULL AUTO_INCREMENT,
  `post_id` int(11) DEFAULT NULL,
  `user_id` int(11) DEFAULT NULL,
  `body` text COLLATE utf8_unicode_ci,
  `created_at` datetime DEFAULT NULL,
  `updated_at` datetime DEFAULT NULL,
  `parent_id` int(11) DEFAULT NULL,
  `lft` int(11) DEFAULT NULL,
  `rgt` int(11) DEFAULT NULL,
  PRIMARY KEY (`id`)
) ENGINE=InnoDB AUTO_INCREMENT=61 DEFAULT CHARSET=utf8 COLLATE=utf8_unicode_ci;
/*!40101 SET character_set_client = @saved_cs_client */;

--
-- Dumping data for table `comments`
--

LOCK TABLES `comments` WRITE;
/*!40000 ALTER TABLE `comments` DISABLE KEYS */;
INSERT INTO `comments` VALUES (1,47,NULL,'Первый комментарий','2010-05-31 00:44:15','2010-05-31 00:44:15',NULL,NULL,NULL),(2,47,NULL,'Второй комментарий','2010-05-31 00:44:36','2010-05-31 00:44:36',NULL,NULL,NULL),(3,40,NULL,'Тестовый комментарий','2010-06-01 12:27:56','2010-06-01 12:27:56',NULL,NULL,NULL),(4,46,NULL,'1','2010-06-02 06:37:26','2010-06-02 06:37:26',NULL,NULL,NULL),(5,324,NULL,'ttt','2010-06-03 09:07:11','2010-06-04 04:20:35',NULL,NULL,NULL),(6,82,NULL,'Комментик','2010-06-03 13:34:40','2010-06-03 13:34:40',NULL,NULL,NULL),(7,9,NULL,'Первый комментарий','2010-06-03 19:00:42','2010-06-03 19:00:42',NULL,1,12),(8,9,NULL,'Второй комментарий','2010-06-03 19:00:53','2010-06-03 19:00:53',NULL,13,14),(9,7,NULL,'По идее должен быть первый ответ на седьмой комментарий','2010-06-03 19:12:59','2010-06-03 19:12:59',NULL,15,16),(10,9,NULL,'А вот этот ответ будет наверняка ответом на седьмой комментарий.','2010-06-03 19:15:09','2010-06-03 19:15:09',7,2,7),(11,9,NULL,'Еще одна странная проверка','2010-06-03 19:15:30','2010-06-03 19:15:30',7,8,9),(12,9,NULL,'123','2010-06-03 19:16:00','2010-06-03 19:16:00',7,10,11),(13,9,NULL,'123','2010-06-03 19:16:16','2010-06-03 19:16:16',NULL,17,18),(14,9,NULL,'456','2010-06-03 19:16:31','2010-06-03 19:16:31',NULL,19,30),(15,9,NULL,'Ответик','2010-06-03 21:55:39','2010-06-03 21:55:39',10,3,6),(16,9,NULL,'Ответик на ответик','2010-06-03 21:56:02','2010-06-03 21:56:02',15,4,5),(17,9,NULL,'В самом конце','2010-06-03 21:56:21','2010-06-03 21:56:21',14,20,27),(18,9,NULL,'Он так полагал','2010-06-03 21:56:39','2010-06-03 21:56:39',17,21,24),(19,9,NULL,'В препрыжку через один','2010-06-03 21:56:57','2010-06-03 21:56:57',17,25,26),(20,9,NULL,'А этот куда?','2010-06-03 21:58:00','2010-06-03 21:58:00',18,22,23),(21,9,NULL,'Попадет ниже','2010-06-03 21:58:18','2010-06-03 21:58:18',14,28,29),(22,324,NULL,'Без родителя','2010-06-04 02:34:55','2010-06-04 04:20:35',NULL,31,32),(24,324,NULL,'Еще один без предка','2010-06-04 02:36:07','2010-06-04 04:20:35',NULL,33,46),(25,324,NULL,'Первый потомок','2010-06-04 02:36:38','2010-06-04 04:20:35',24,34,41),(26,324,NULL,'Второй потомок','2010-06-04 02:37:39','2010-06-04 04:20:35',24,42,45),(27,324,NULL,'Внук второго','2010-06-04 02:38:24','2010-06-04 04:20:35',26,43,44),(28,324,NULL,'Внук первого','2010-06-04 02:38:45','2010-06-04 04:20:35',25,35,38),(29,324,NULL,'а','2010-06-04 04:24:31','2010-06-04 04:24:31',NULL,47,48),(30,324,NULL,'Яхху','2010-06-04 04:24:44','2010-06-04 04:24:44',NULL,49,50),(31,324,NULL,'Потомок','2010-06-04 04:25:49','2010-06-04 04:25:49',NULL,51,54),(32,324,NULL,'Потомок?','2010-06-04 04:26:36','2010-06-04 04:26:36',NULL,55,58),(33,324,NULL,'55','2010-06-04 04:30:04','2010-06-04 04:30:04',NULL,59,64),(34,324,NULL,'123','2010-06-04 04:31:15','2010-06-04 04:31:15',31,52,53),(35,324,NULL,'Накоенц-то потомок!','2010-06-04 04:31:37','2010-06-04 04:31:37',32,56,57),(36,324,NULL,'После первого внука','2010-06-04 04:32:00','2010-06-04 04:32:00',25,39,40),(37,324,NULL,'Правнук первого','2010-06-04 04:32:24','2010-06-04 04:32:24',28,36,37),(38,248,NULL,'Классификация методом Байеса. На самом деле у Python это выглядит куда красивее!','2010-06-04 04:34:32','2010-06-04 04:34:32',NULL,65,66),(39,324,NULL,'qwerty','2010-06-04 05:08:00','2010-06-04 05:08:00',33,60,61),(40,324,NULL,'qwert','2010-06-04 05:10:38','2010-06-04 05:10:38',33,62,63),(41,324,NULL,'w\r\n','2010-06-04 05:10:55','2010-06-04 05:10:55',NULL,67,68),(42,324,NULL,'d\r\n','2010-06-04 05:12:03','2010-06-04 05:12:03',NULL,69,70),(43,324,NULL,'fff','2010-06-04 05:12:15','2010-06-04 05:12:15',NULL,71,72),(44,324,NULL,'111','2010-06-04 11:12:01','2010-06-04 11:12:01',NULL,73,74),(46,324,NULL,'d','2010-06-04 11:49:00','2010-06-04 11:49:00',NULL,75,86),(47,324,NULL,'Ответ на самое последнее сообщение','2010-06-04 11:57:31','2010-06-04 11:57:31',46,76,85),(48,324,NULL,'Еще ниже','2010-06-04 12:00:08','2010-06-04 12:00:08',47,77,84),(49,324,NULL,'А ниже можем?','2010-06-04 12:00:45','2010-06-04 12:00:45',48,78,83),(50,324,NULL,'Можем оказывается если захотим!','2010-06-04 12:01:10','2010-06-04 12:01:10',49,79,80),(51,324,NULL,'Проверка отсюда.\r\nПроверка оттуда','2010-06-04 12:06:24','2010-06-04 12:06:24',49,81,82),(52,103,NULL,'Первый коммент','2010-06-04 12:09:30','2010-06-04 12:09:30',NULL,87,92),(53,103,NULL,'Второй коммент','2010-06-04 12:09:53','2010-06-04 12:09:53',52,88,89),(54,103,NULL,'Третий ответ\r\nЯ сказал третий ответ!','2010-06-04 12:10:45','2010-06-04 12:10:45',52,90,91),(55,57,NULL,'Активно развивающаяся cms','2010-06-04 12:17:20','2010-06-04 12:17:20',NULL,93,94),(56,324,NULL,'ищем через поиск','2010-06-04 12:37:38','2010-06-04 12:37:38',NULL,95,96),(57,49,NULL,'Если не ошибаюсь, то тут используется active_merchant','2010-06-04 15:33:38','2010-06-04 15:33:38',NULL,97,98),(58,62,NULL,'бред какой-то с комментариями.','2010-06-04 15:59:04','2010-06-04 15:59:04',NULL,99,100),(59,34,NULL,'бредятина','2010-06-04 16:05:20','2010-06-04 16:05:20',NULL,101,102),(60,322,NULL,'Проверка комментарием абырвалг','2010-06-05 02:18:59','2010-06-05 02:18:59',NULL,103,104);
/*!40000 ALTER TABLE `comments` ENABLE KEYS */;
UNLOCK TABLES;

--
-- Table structure for table `posts`
--

DROP TABLE IF EXISTS `posts`;
/*!40101 SET @saved_cs_client     = @@character_set_client */;
/*!40101 SET character_set_client = utf8 */;
CREATE TABLE `posts` (
  `id` int(11) NOT NULL AUTO_INCREMENT,
  `title` varchar(255) COLLATE utf8_unicode_ci DEFAULT NULL,
  `intro` text COLLATE utf8_unicode_ci,
  `body` text COLLATE utf8_unicode_ci,
  `visible` tinyint(1) DEFAULT NULL,
  `date` datetime DEFAULT NULL,
  `user_id` int(11) DEFAULT NULL,
  `category_id` int(11) DEFAULT NULL,
  `created_at` datetime DEFAULT NULL,
  `updated_at` datetime DEFAULT NULL,
  `cached_slug` varchar(255) COLLATE utf8_unicode_ci DEFAULT NULL,
  `comments_count` int(11) DEFAULT '0',
  `cached_tag_list` varchar(255) COLLATE utf8_unicode_ci DEFAULT NULL,
  `cached_category` text COLLATE utf8_unicode_ci,
  PRIMARY KEY (`id`)
) ENGINE=InnoDB AUTO_INCREMENT=325 DEFAULT CHARSET=utf8 COLLATE=utf8_unicode_ci;
/*!40101 SET character_set_client = @saved_cs_client */;

--
-- Dumping data for table `posts`
--

LOCK TABLES `posts` WRITE;
/*!40000 ALTER TABLE `posts` DISABLE KEYS */;
INSERT INTO `posts` VALUES (1,'RJS и работа с связными объектами','','<p>\r\n	Спасибо Ryan&#39;у за&nbsp;<a href=\"http://www.railsforum.com/viewtopic.php?id=1065\">его пост</a>, благодаря его туториалу на сайте появилась возможность при публикации поста выбирать имеющуюся категорию или создавать новую прямо на лету. Кто-то может хыкнуть и сказать что это делается влет. Да, но задумайтесь будет ли ваше решение портабильно на другие проекты? Наверняка нет. Ruby on Rails позаботился и об этом. Ваши контроллеры по-прежнему остаются тонкими и понятными. Если вы находитесь в выборе инструмента для веб разработки и уже умеете запускать приложения с github&#39;а, взгляните на проект&nbsp;<a href=\"http://github.com/search?q=complex-form-examples\">complex-form-examples</a>, за это я полюбил Ruby on Rails. Да простят меня поклонники, но Zend Framework рядом не валялся.</p>\r\n',1,'2010-05-25 22:01:00',1,1,'2010-05-25 22:02:38','2010-05-26 02:55:58','rjs-и-работа-с-связными-объектами',0,'rjs, form_for, formtastic, semantic_form_for, fields_for, semantic_fields_for','--- \n- !ruby/object:Category \n  attributes: \n    name: Ruby on Rails\n    created_at: 2010-05-25 22:02:38\n    updated_at: 2010-05-25 22:02:38\n    lft: \"1\"\n    id: \"1\"\n    parent_id: \n    rgt: \"2\"\n  attributes_cache: {}\n\n'),(2,'Wi-Fi от Билайн, Yota 4G и бесплатный интернет','','<p>\r\n	Билайн, молодцы, ребята сделали бесплатный Wi-Fi после просмотра двухминутного рекламного ролика практически в любой точке Москвы (ну по крайней мере где я бывал). Надеюсь эта акция будет постоянной. Прямо сейчас ситуация - наличности нет, на карточке тоже пусто (хотя можно было бы оплатить и электронным платежом, за что тоже спасибо) А интернет нужен позарез. Такому умению ведения бизнеса нужно завидовать. Сколько раз была ситуация когда на улице нужен был интернет. Убивают двух зайцев, мало того, что напоминают о себе (кто сказал что реклама на Первом была бы дешевле?), так и самое главное демонстрируют услугу за которую вы будете платить.</p>\r\n<p>\r\n	Кстати покупал нетбук EeePC 1001 HAG (с 4g на борту) так маркетологи из Yota каким-то образом сговорились с Asus&#39;ом, что будут засовывать туда свои рекламные материалы и карточки с регистрационными данными. Велико было мое удивление, когда пройдя все шаги регистрации/активации мне даже не предложили попробовать интернет бесплатно - дибилизм?! Ну и ешьте сами свой интернет.</p>\r\n<p>\r\n	А вообще ситуации в Москве с интернетом бывают вполне парадоксальны, в одном месте бесплатно, через дорогу за 80р. с своим ноутбуком...</p>\r\n',1,'2010-05-25 22:48:00',1,2,'2010-05-25 23:06:51','2010-05-25 23:12:01','wi-fi-от-билайн-yota-4g-и-бесплатный-интернет',0,'Москва, Wi-Fi, Yota, Beeline, Билайн, Йота, 4G','--- \n- !ruby/object:Category \n  attributes: \n    name: !binary |\n      0J4g0LbQuNC30L3QuA==\n\n    created_at: 2010-05-25 23:06:51\n    updated_at: 2010-05-25 23:06:51\n    lft: \"3\"\n    id: \"2\"\n    parent_id: \n    rgt: \"4\"\n  attributes_cache: {}\n\n'),(3,'Tweetie 2','<p style=\"text-align: center;\">\r\n	<img alt=\"\" src=\"http://cdn.geardiary.com/wp-content/uploads/2009/09/tweetie-2.jpg\" style=\"cursor: default;\" /></p>\r\n<p>\r\n	Клиент для Twitter который заставляет пересмотреть взгляд на клиенты для Twitter&#39;а вернулся, став еще лучше. Переписанный с нуля с быстрым и мощным ядром, Tweetie 2 что-то там предлагает :).</p>\r\n','<p style=\"text-align: center;\">\r\n	<img alt=\"\" src=\"http://cdn.geardiary.com/wp-content/uploads/2009/09/tweetie-2.jpg\" style=\"cursor: default;\" /></p>\r\n<p>\r\n	The Twitter client that redefined Twitter clients is back, and it&#39;s even better. Rewritten from the ground up with a fast and powerful new core, Tweetie 2 offers the most polished mobile Twitter experience around.</p>\r\n<ul>\r\n	<li>\r\n		<p>\r\n			Seamlessly handle multiple Twitter accounts</p>\r\n	</li>\r\n	<li>\r\n		<p>\r\n			Explore all of Twitter, from your own timeline and mentions, to the favorite tweets of your followers and friends</p>\r\n	</li>\r\n	<li>\r\n		<p>\r\n			Full persistence: more than just caching tweets, Tweetie 2 restores your entire UI if you quit or get a phone call</p>\r\n	</li>\r\n	<li>\r\n		<p>\r\n			Fantastic new offline mode. Read, tweet, favorite, follow, save to Instapaper and more even when you don&#39;t have a connection. Your actions will be synced as soon as you go back online</p>\r\n	</li>\r\n	<li>\r\n		<p>\r\n			Full landscape support (configurable of course)</p>\r\n	</li>\r\n	<li>\r\n		<p>\r\n			Live-filter your tweet stream</p>\r\n	</li>\r\n	<li>\r\n		<p>\r\n			Post photos and videos, even configure your own custom image host</p>\r\n	</li>\r\n	<li>\r\n		<p>\r\n			Vastly improved compose screen with recent hashtags, @people picker, URL shortening and more</p>\r\n	</li>\r\n	<li>\r\n		<p>\r\n			Compose screen multiple-attachments manager</p>\r\n	</li>\r\n	<li>\r\n		<p>\r\n			Drafts manager ensures you never lose a tweet (and you can even send drafts to Birdhouse)</p>\r\n	</li>\r\n	<li>\r\n		<p>\r\n			Link Twitter contacts to Address Book contacts</p>\r\n	</li>\r\n	<li>\r\n		<p>\r\n			Follow, unfollow, block and unblock from multiple accounts simultaneously</p>\r\n	</li>\r\n	<li>\r\n		<p>\r\n			Saved searches sync with Twitter.com and the upcoming Tweetie 2 for Mac</p>\r\n	</li>\r\n	<li>\r\n		<p>\r\n			Autocomplete recent searches and Go-to-user</p>\r\n	</li>\r\n	<li>\r\n		<p>\r\n			Threaded Direct Messages and improved conversation navigation</p>\r\n	</li>\r\n	<li>\r\n		<p>\r\n			TextExpander integration</p>\r\n	</li>\r\n	<li>\r\n		<p>\r\n			Rich integration with Follow Cost, Tweet Blocker, Favstar.fm and more</p>\r\n	</li>\r\n	<li>\r\n		<p>\r\n			Edit your own Twitter profile</p>\r\n	</li>\r\n	<li>\r\n		<p>\r\n			Specify custom API roots on a per-account basis</p>\r\n	</li>\r\n	<li>\r\n		<p>\r\n			Nearby map view</p>\r\n	</li>\r\n	<li>\r\n		<p>\r\n			Translate tweets</p>\r\n	</li>\r\n	<li>\r\n		<p>\r\n			Preview short URLs</p>\r\n	</li>\r\n	<li>\r\n		<p>\r\n			Safari bookmarklet support for easily sharing links</p>\r\n	</li>\r\n	<li>\r\n		<p>\r\n			In-app rich text email composition</p>\r\n	</li>\r\n	<li>\r\n		<p>\r\n			Tons of little things, including improved avatar caching, auto-refresh, refresh-all, seamless Twitlonger support, hashtag definitions and more</p>\r\n	</li>\r\n	<li>\r\n		<p>\r\n			This is just the beginning. Tweetie 2 is already built to take advantage of great new features coming from Twitter, so expect updates turning them on soon!</p>\r\n	</li>\r\n</ul>\r\n',1,'2010-05-26 00:33:00',1,3,'2010-05-26 00:45:21','2010-06-01 13:02:50','tweetie-2',0,'Твиттер, Twitter, геолокация, geolocation, mail','--- \n- !ruby/object:Category \n  attributes: \n    name: iPhone\n    created_at: 2010-05-26 00:45:21\n    updated_at: 2010-05-26 00:45:21\n    lft: \"5\"\n    id: \"3\"\n    parent_id: \n    rgt: \"20\"\n  attributes_cache: {}\n\n'),(4,'Shazam','<p style=\"text-align: center; \">\r\n	<img alt=\"\" src=\"http://bestfromappstore.files.wordpress.com/2009/02/shazam_iphone_ipod_touch_00.jpg\" style=\"cursor: default; \" /></p>\r\n<p>\r\n	К примеру, Вы случайно услышали песню по радио, которая сразу пришлась по вкусу, но к сожалению, не знаете, как она правильно называется? Здесь на помощь придет приложение Shazam для iPhone 2.0 Software Update.</p>\r\n','<p style=\"text-align: center; \">\r\n	<img alt=\"\" src=\"http://bestfromappstore.files.wordpress.com/2009/02/shazam_iphone_ipod_touch_00.jpg\" /></p>\r\n<p>\r\n	К примеру, Вы случайно услышали песню по радио, которая сразу пришлась по вкусу, но к сожалению, не знаете, как она правильно называется? Здесь на помощь придет приложение Shazam для iPhone 2.0 Software Update.</p>\r\n<p>\r\n	Данная программа абсолютно бесплатная испособна без проблем определить альбом, название песни и её исполнителя. Для этого Вам понадобится лишь поднести iPhone к колонке музыкально устройства.</p>\r\n<p>\r\n	С помощью приложения Shazam для iPhone 2.0 Software Update у Вас есть возможность сохранять теги, идентифицировать треки отовсюду, например, ТВ, радио, фильмы; просматривать видео в youtube, сохранять теги с фотографиями, а так же отправлять из другим пользователям через мейл.</p>\r\n',1,'2010-05-26 00:49:00',1,3,'2010-05-26 00:56:02','2010-06-01 13:02:15','shazam',0,'shazam, аудио, audio, распознавание','--- \n- !ruby/object:Category \n  attributes: \n    name: iPhone\n    created_at: 2010-05-26 00:45:21\n    updated_at: 2010-05-26 00:45:21\n    lft: \"5\"\n    id: \"3\"\n    parent_id: \n    rgt: \"22\"\n  attributes_cache: {}\n\n'),(6,'pTerm','','<p>\r\n	Описание pTerm</p>\r\n',1,'2010-05-26 01:08:00',1,3,'2010-05-26 01:09:27','2010-06-01 13:03:43','pterm',0,'ssh, консольный клиент, Linux','--- \n- !ruby/object:Category \n  attributes: \n    name: iPhone\n    created_at: 2010-05-26 00:45:21\n    updated_at: 2010-05-26 00:45:21\n    lft: \"5\"\n    id: \"3\"\n    parent_id: \n    rgt: \"14\"\n  attributes_cache: {}\n\n'),(7,'iSSH','','<p>\r\n	Описание iSSH</p>\r\n',1,'2010-05-26 01:10:00',1,3,'2010-05-26 01:10:51','2010-06-01 13:03:59','issh',1,'ssh, консольный клиент, Linux','--- \n- !ruby/object:Category \n  attributes: \n    name: iPhone\n    created_at: 2010-05-26 00:45:21\n    updated_at: 2010-05-26 00:45:21\n    lft: \"5\"\n    id: \"3\"\n    parent_id: \n    rgt: \"12\"\n  attributes_cache: {}\n\n'),(8,'iRusRadio','<br />\r\n','<p>\r\n	Описание iRusRadio</p>\r\n',1,'2010-05-26 01:12:00',1,3,'2010-05-26 01:13:32','2010-06-01 13:01:10','irusradio',0,'Wi-Fi, audio, аудио, радио, Интернет, музыка','--- \n- !ruby/object:Category \n  attributes: \n    name: iPhone\n    created_at: 2010-05-26 00:45:21\n    updated_at: 2010-05-26 00:45:21\n    lft: \"5\"\n    id: \"3\"\n    parent_id: \n    rgt: \"22\"\n  attributes_cache: {}\n\n'),(9,'SHOUTcast','','<p style=\"text-align: center; \">\r\n	<img alt=\"\" src=\"http://images.intomobile.com/wp-content/uploads/2009/01/shoutcast-iphone.jpg\" /></p>\r\n<p>\r\n	If you own an iPhone and love Internet radio, you probably already have some of the related apps like&nbsp;<a href=\"http://www.intomobile.com/2008/09/12/flycast-goes-native-on-iphone.html\" rel=\"nofollow\" title=\"FlyCast goes native on iPhone\">FlyCast</a>&nbsp;or&nbsp;<a href=\"http://click.linksynergy.com/fs-bin/stat?id=CHSMTSmDpXI&amp;offerid=146261&amp;type=3&amp;subid=0&amp;tmpid=1826&amp;RD_PARM1=http%253A%252F%252Fitunes.apple.com%252FWebObjects%252FMZStore.woa%252Fwa%252FviewSoftware%253Fid%253D293225131%2526mt%253D8%2526uo%253D6%2526partnerId%253D30\" target=\"_blank\">Radiolicious</a>&nbsp;installed on your device. Now we&rsquo;ve spotted that AOL-owned SHOUTcast is joining the &ldquo;iPhone party,&rdquo; too, hence providing users with more choice than ever.</p>\r\n<p>\r\n	With a dedicated SHOUTcast app, you can:</p>\r\n<ul>\r\n	<li>\r\n		<p>\r\n			Access to over 25,000 SHOUTcast radio stations</p>\r\n	</li>\r\n	<li>\r\n		<p>\r\n			Organize a list of your favorite stations</p>\r\n	</li>\r\n	<li>\r\n		<p>\r\n			Listen to the random station by simply shaking your iPhone/iPod Touch</p>\r\n	</li>\r\n</ul>\r\n<p>\r\n	Now, you may ask which Internet radio app is the right one for you. TO be perfectly honest &ndash; I&rsquo;ve no clue. All of them &ldquo;do the job&rdquo; perfectly and at the end it&rsquo;s your call which user interface or which stations you prefer listening. So, you may want to have as many of them installed on your device, try them all out and find the one that suits your needs best. Here&rsquo;s an&nbsp;<a href=\"http://click.linksynergy.com/fs-bin/stat?id=CHSMTSmDpXI&amp;offerid=146261&amp;type=3&amp;subid=0&amp;tmpid=1826&amp;RD_PARM1=http%253A%252F%252Fitunes.apple.com%252FWebObjects%252FMZStore.woa%252Fwa%252FviewSoftware%253Fid%253D299647180%2526mt%253D8%2526uo%253D6%2526partnerId%253D30\" rel=\"nofollow\" target=\"_blank\">AppStore link</a>&nbsp;for SHOUTcast, in the meantime. Enjoy it!</p>\r\n',1,'2010-05-27 08:13:00',1,3,'2010-05-26 01:14:54','2010-05-30 08:17:45','shoutcast',14,'Wi-Fi, audio, радио, Интернет, музыка, On-Line, shoutcast, winamp','--- \n- !ruby/object:Category \n  attributes: \n    name: iPhone\n    created_at: 2010-05-26 00:45:21\n    updated_at: 2010-05-26 00:45:21\n    lft: \"5\"\n    id: \"3\"\n    parent_id: \n    rgt: \"24\"\n  attributes_cache: {}\n\n'),(10,'RadioBox','<p>\r\n	&nbsp;</p>\r\n<meta content=\"text/html; charset=utf-8\" http-equiv=\"content-type\" />\r\n<div style=\"margin-top: 0px; margin-right: 0px; margin-bottom: 0px; margin-left: 0px; padding-top: 0px; padding-right: 0px; padding-bottom: 0px; padding-left: 0px; border-top-width: 0px; border-right-width: 0px; border-bottom-width: 0px; border-left-width: 0px; border-style: initial; border-color: initial; outline-width: 0px; outline-style: initial; outline-color: initial; font-weight: inherit; font-style: inherit; font-family: \'Helvetica Neue\', Arial, Helvetica, sans-serif; vertical-align: baseline; color: rgb(51, 51, 51); background-image: initial; background-attachment: initial; background-origin: initial; background-clip: initial; background-color: white; font-size: 16px; line-height: normal; \">\r\n	<p style=\"margin-top: 0px; margin-right: 0px; margin-bottom: 1,5em; margin-left: 0px; padding-top: 0px; padding-right: 0px; padding-bottom: 0px; padding-left: 0px; border-top-width: 0px; border-right-width: 0px; border-bottom-width: 0px; border-left-width: 0px; border-style: initial; border-color: initial; outline-width: 0px; outline-style: initial; outline-color: initial; font-weight: inherit; font-style: inherit; font-size: 13px; font-family: inherit; vertical-align: baseline; text-align: center; \">\r\n		<img alt=\"\" src=\"http://3.bp.blogspot.com/_jLeGTWts6ww/S0st809CxPI/AAAAAAAABsY/wOCJ5QI2BJU/s400/radioBOX_iphone.jpg\" style=\"margin-top: 0px; margin-right: 0px; margin-bottom: 0px; margin-left: 0px; padding-top: 0px; padding-right: 0px; padding-bottom: 0px; padding-left: 0px; border-top-width: 0px; border-right-width: 0px; border-bottom-width: 0px; border-left-width: 0px; border-style: initial; border-color: initial; outline-width: 0px; outline-style: initial; outline-color: initial; font-weight: inherit; font-style: inherit; font-size: 13px; font-family: inherit; vertical-align: baseline; \" /></p>\r\n	<p style=\"margin-top: 0px; margin-right: 0px; margin-bottom: 1,5em; margin-left: 0px; padding-top: 0px; padding-right: 0px; padding-bottom: 0px; padding-left: 0px; border-top-width: 0px; border-right-width: 0px; border-bottom-width: 0px; border-left-width: 0px; border-style: initial; border-color: initial; outline-width: 0px; outline-style: initial; outline-color: initial; font-weight: inherit; font-style: inherit; font-size: 13px; font-family: inherit; vertical-align: baseline; \">\r\n		Radio application for your iPhone, with Internet Radio Box you can feel the power internet radio on your iPhone and iPod Touch!</p>\r\n	<p style=\"margin-top: 0px; margin-right: 0px; margin-bottom: 1,5em; margin-left: 0px; padding-top: 0px; padding-right: 0px; padding-bottom: 0px; padding-left: 0px; border-top-width: 0px; border-right-width: 0px; border-bottom-width: 0px; border-left-width: 0px; border-style: initial; border-color: initial; outline-width: 0px; outline-style: initial; outline-color: initial; font-weight: inherit; font-style: inherit; font-size: 13px; font-family: inherit; vertical-align: baseline; \">\r\n		Listen to your favorite MP3 radio stations from all over the internet right on your iPhone or iPod Touch. The free radio directories offer you thousands of radio stations! Internet RadioBOX is easy and fun to use with its Shake-To-Shuffle feature which makes our application very unique! Internet RadioBOX is using iPhone &amp; iPod Touch MP3 hardware support for audio processing to extend the battery life of your device. We don&rsquo;t have any CPU intensive processes running.</p>\r\n</div>\r\n','<p style=\"text-align: center; \">\r\n	<img alt=\"\" src=\"http://3.bp.blogspot.com/_jLeGTWts6ww/S0st809CxPI/AAAAAAAABsY/wOCJ5QI2BJU/s400/radioBOX_iphone.jpg\" /></p>\r\n<p>\r\n	Radio application for your iPhone, with Internet Radio Box you can feel the power internet radio on your iPhone and iPod Touch!</p>\r\n<p>\r\n	Listen to your favorite MP3 radio stations from all over the internet right on your iPhone or iPod Touch. The free radio directories offer you thousands of radio stations! Internet RadioBOX is easy and fun to use with its Shake-To-Shuffle feature which makes our application very unique! Internet RadioBOX is using iPhone &amp; iPod Touch MP3 hardware support for audio processing to extend the battery life of your device. We don&rsquo;t have any CPU intensive processes running.</p>\r\n<p>\r\n	Supports:</p>\r\n<ul>\r\n	<li>\r\n		SHOUTcast&trade; Radio</li>\r\n	<li>\r\n		Icecast Directory</li>\r\n	<li>\r\n		MP3/AAC(+) Streaming</li>\r\n	<li>\r\n		PLS/M3U playlist</li>\r\n	<li>\r\n		Beautiful &amp; user friendly Interface</li>\r\n	<li>\r\n		Add your own radio stations</li>\r\n	<li>\r\n		Goto favorites, hit edit and &ldquo;+&rdquo; will appear</li>\r\n	<li>\r\n		Easy favorites management</li>\r\n	<li>\r\n		Web-Interface to manage your favorites from your MAC/PC</li>\r\n	<li>\r\n		Change wallpaper</li>\r\n	<li>\r\n		Shake-To-Shuffle to select a radio station</li>\r\n	<li>\r\n		Watch your network traffic</li>\r\n	<li>\r\n		List recent radio stations you have played</li>\r\n	<li>\r\n		Works great with WiFi, 3G and EDGE</li>\r\n	<li>\r\n		Plays even when Locked (use USB connector to extend WLAN activity)</li>\r\n</ul>\r\n',1,'2010-05-26 01:15:00',1,3,'2010-05-26 01:16:17','2010-06-02 07:26:59','radiobox',0,'Wi-Fi, аудио, audio, Интернет, музыка, winamp','--- \n- !ruby/object:Category \n  attributes: \n    name: iPhone\n    created_at: 2010-05-26 00:45:21\n    updated_at: 2010-05-26 00:45:21\n    lft: \"5\"\n    id: \"3\"\n    parent_id: \n    rgt: \"6\"\n  attributes_cache: {}\n\n'),(11,'iGO My way','','<p>\r\n	Описание iGO My way</p>\r\n',1,'2010-05-26 01:19:00',1,3,'2010-05-26 01:20:17','2010-06-01 13:04:25','igo-my-way',0,'геолокация, gps, машина','--- \n- !ruby/object:Category \n  attributes: \n    name: iPhone\n    created_at: 2010-05-26 00:45:21\n    updated_at: 2010-05-26 00:45:21\n    lft: \"5\"\n    id: \"3\"\n    parent_id: \n    rgt: \"8\"\n  attributes_cache: {}\n\n'),(12,'RDP','','<p>\r\n	Описание RDP</p>\r\n',1,'2010-05-26 01:20:00',1,3,'2010-05-26 01:21:35','2010-06-01 13:04:41','rdp',0,'windows, администрирование, терминальный клиент, удаленное управление','--- \n- !ruby/object:Category \n  attributes: \n    name: iPhone\n    created_at: 2010-05-26 00:45:21\n    updated_at: 2010-05-26 00:45:21\n    lft: \"5\"\n    id: \"3\"\n    parent_id: \n    rgt: \"8\"\n  attributes_cache: {}\n\n'),(13,'Jaddu VNC','','<p style=\"text-align: center; \">\r\n	<img alt=\"\" src=\"http://www.tipb.com/images/stories/2008/10/img_0004.png\" /></p>\r\n<p>\r\n	Jaadu VNC: Sells in the&nbsp;<a href=\"http://phobos.apple.com/WebObjects/MZStore.woa/wa/viewSoftware?id=286470485&amp;mt=8\" target=\"_blank\">App Store for $24.99</a>. Though this may seem steep, it offers ease of use its rivals do not match (more on this later). This application is very professional looking. The mixture of black and blue as well as animations while loading really give a good aura of slickness to the user, I was impressed.&nbsp;</p>\r\n',1,'2010-05-23 00:21:00',1,3,'2010-05-26 01:23:21','2010-05-30 08:34:14','jaddu-vnc',0,'Linux, администрирование, терминальный клиент, удаленное управление, vnc','--- \n- !ruby/object:Category \n  attributes: \n    name: iPhone\n    created_at: 2010-05-26 00:45:21\n    updated_at: 2010-05-26 00:45:21\n    lft: \"5\"\n    id: \"3\"\n    parent_id: \n    rgt: \"22\"\n  attributes_cache: {}\n\n'),(14,'Digg','','<p>\r\n	Описание Digg</p>\r\n',1,'2010-05-26 01:24:00',1,3,'2010-05-26 01:25:24','2010-05-26 01:30:55','digg',0,'новости, социальная сеть, популярное','--- \n- !ruby/object:Category \n  attributes: \n    name: iPhone\n    created_at: 2010-05-26 00:45:21\n    updated_at: 2010-05-26 00:45:21\n    lft: \"5\"\n    id: \"3\"\n    parent_id: \n    rgt: \"24\"\n  attributes_cache: {}\n\n'),(15,'Facebook','','<p>\r\n	Описание Facebook</p>\r\n',1,'2010-05-26 01:25:00',1,3,'2010-05-26 01:26:01','2010-05-26 01:31:17','facebook',0,'социальная сеть, друзья, знакомства','--- \n- !ruby/object:Category \n  attributes: \n    name: iPhone\n    created_at: 2010-05-26 00:45:21\n    updated_at: 2010-05-26 00:45:21\n    lft: \"5\"\n    id: \"3\"\n    parent_id: \n    rgt: \"24\"\n  attributes_cache: {}\n\n'),(16,'Foursquare','','<p>\r\n	Описание Foursquare</p>\r\n',1,'2010-05-26 01:29:00',1,3,'2010-05-26 01:26:36','2010-05-26 01:30:00','foursquare',0,'social, социальная сеть, геолокация, позиционирование','--- \n- !ruby/object:Category \n  attributes: \n    name: iPhone\n    created_at: 2010-05-26 00:45:21\n    updated_at: 2010-05-26 00:45:21\n    lft: \"5\"\n    id: \"3\"\n    parent_id: \n    rgt: \"24\"\n  attributes_cache: {}\n\n'),(17,'Я.Карты','','<p>\r\n	Описание&nbsp;Я.Карты</p>\r\n',1,'2010-05-26 01:26:00',1,3,'2010-05-26 01:27:19','2010-05-26 01:27:19','якарты',0,'карты, Москва, Яндекс','--- \n- !ruby/object:Category \n  attributes: \n    name: iPhone\n    created_at: 2010-05-26 00:45:21\n    updated_at: 2010-05-26 00:45:21\n    lft: \"5\"\n    id: \"3\"\n    parent_id: \n    rgt: \"24\"\n  attributes_cache: {}\n\n'),(18,'Flickr','','<p style=\"text-align: center; \">\r\n	<img alt=\"\" src=\"http://farm4.static.flickr.com/3534/3900584724_46e270222a.jpg\" style=\"width: 333px; height: 500px; \" /></p>\r\n<p>\r\n	New official&nbsp;<a href=\"http://itunes.apple.com/WebObjects/MZStore.woa/wa/viewSoftware?id=328407587&amp;mt=8\" rel=\"nofollow\">iPhone Flickr client</a>&nbsp;(iTunes link). I love the home screen interface; it&#39;s a really nice design. You open it up and it shows you Ken-Burns-style zoom-and-pan animations of your friends&#39; photos. But man, is this app crashy for me. Crashed when I tried to upload an image. (Then it worked.) Crashed when I tried to snap a new photo from within the app. Tried twice again, crashed twice again. Three strikes and it&#39;s out.</p>\r\n<p>\r\n	And for browsing pictures from friends, I&#39;m still not sure it&#39;s a better overall experience than the iPhone-optimized m.flickr.com web site. For the social aspects of Flickr, this app just doesn&#39;t feel very Flickr-y.&nbsp;</p>\r\n',1,'2010-05-26 01:31:00',1,3,'2010-05-26 01:32:12','2010-06-02 08:37:17','flickr',0,'социальная сеть, фотохостинг, фото, фотографии, flickr.com','--- \n- !ruby/object:Category \n  attributes: \n    name: iPhone\n    created_at: 2010-05-26 00:45:21\n    updated_at: 2010-05-26 00:45:21\n    lft: \"5\"\n    id: \"3\"\n    parent_id: \n    rgt: \"6\"\n  attributes_cache: {}\n\n'),(19,'Alter Geo','<p>\r\n	&nbsp;</p>\r\n<meta content=\"text/html; charset=utf-8\" http-equiv=\"content-type\" />\r\n<div style=\"margin-top: 0px; margin-right: 0px; margin-bottom: 0px; margin-left: 0px; padding-top: 0px; padding-right: 0px; padding-bottom: 0px; padding-left: 0px; border-top-width: 0px; border-right-width: 0px; border-bottom-width: 0px; border-left-width: 0px; border-style: initial; border-color: initial; outline-width: 0px; outline-style: initial; outline-color: initial; font-weight: inherit; font-style: inherit; font-family: \'Helvetica Neue\', Arial, Helvetica, sans-serif; vertical-align: baseline; color: rgb(51, 51, 51); background-image: initial; background-attachment: initial; background-origin: initial; background-clip: initial; background-color: white; font-size: 16px; line-height: normal; \">\r\n	<p style=\"margin-top: 0px; margin-right: 0px; margin-bottom: 1,5em; margin-left: 0px; padding-top: 0px; padding-right: 0px; padding-bottom: 0px; padding-left: 0px; border-top-width: 0px; border-right-width: 0px; border-bottom-width: 0px; border-left-width: 0px; border-style: initial; border-color: initial; outline-width: 0px; outline-style: initial; outline-color: initial; font-weight: inherit; font-style: inherit; font-size: 13px; font-family: inherit; vertical-align: baseline; text-align: center; \">\r\n		<img alt=\"\" src=\"http://a1.phobos.apple.com/us/r1000/005/Purple/38/c3/ca/mzl.xmfjcdjf.320x480-75.jpg\" style=\"margin-top: 0px; margin-right: 0px; margin-bottom: 0px; margin-left: 0px; padding-top: 0px; padding-right: 0px; padding-bottom: 0px; padding-left: 0px; border-top-width: 0px; border-right-width: 0px; border-bottom-width: 0px; border-left-width: 0px; border-style: initial; border-color: initial; outline-width: 0px; outline-style: initial; outline-color: initial; font-weight: inherit; font-style: inherit; font-size: 13px; font-family: inherit; vertical-align: baseline; \" /></p>\r\n	<p style=\"margin-top: 0px; margin-right: 0px; margin-bottom: 1,5em; margin-left: 0px; padding-top: 0px; padding-right: 0px; padding-bottom: 0px; padding-left: 0px; border-top-width: 0px; border-right-width: 0px; border-bottom-width: 0px; border-left-width: 0px; border-style: initial; border-color: initial; outline-width: 0px; outline-style: initial; outline-color: initial; font-weight: inherit; font-style: inherit; font-size: 13px; font-family: inherit; vertical-align: baseline; \">\r\n		Очень интересное приложение. Люди качайте чем больше нас зарегиться тем быстрее эта программа будет улучшаться.Все зависит от нас. На данный момент не нашел что то лучшее где бы в подробностях была карта Владивостока. Мое мнение:Must have.</p>\r\n</div>\r\n','<p style=\"text-align: center; \">\r\n	<img alt=\"\" src=\"http://a1.phobos.apple.com/us/r1000/005/Purple/38/c3/ca/mzl.xmfjcdjf.320x480-75.jpg\" /></p>\r\n<p>\r\n	Очень интересное приложение. Люди качайте чем больше нас зарегиться тем быстрее эта программа будет улучшаться.Все зависит от нас. На данный момент не нашел что то лучшее где бы в подробностях была карта Владивостока. Мое мнение:Must have.</p>\r\n<div>\r\n	<p>\r\n		Ставлю 3 звезды, потому что...&nbsp;</p>\r\n	<p>\r\n		by Holelessbutton</p>\r\n	<p>\r\n		нужно доработать интерфейс. Программа определенно классная, но интерфейс СОВЕРШЕННО не интуитивный. Не понятно что за люди на карте отмечены, кто онлайн, а кто нет. По Питеру дак вообще мест минимум.<br />\r\n		Если выбирать бар на вечер или в какое кино пойти, то лучше воспользоваться Афишей. Эта же программа подойдет для того чтобы искать новых знакомых, однако эту функцию она выполняет ужасно!!! Доработайте. И того, кто делал интерфейс, четвертуйте!</p>\r\n	<p>\r\n		<a href=\"#\">...More</a></p>\r\n</div>\r\n<div>\r\n	<p>\r\n		Молодцы&nbsp;</p>\r\n	<p>\r\n		by Huan 3Gs</p>\r\n	<p>\r\n		Молодцы ребята, я про них репортаж по Нтв смотрел. Приятно, что наши сделали. Очень удобное приложение- друзей нахожу в лет и кафе тоже. Сервисы постоянно добавляются и это только начало. Еслиб сюда еще навигатор добавили и какую нибуть систему продаж- чтоб покупатель и продавец друг друга находили, былоб вообще круто.&nbsp;</p>\r\n</div>\r\n',1,'2010-05-26 01:32:00',1,3,'2010-05-26 01:34:19','2010-06-02 08:28:31','alter-geo',0,'геолокация, социальная сеть, позиционирование, дополненная реальность, русская','--- \n- !ruby/object:Category \n  attributes: \n    name: iPhone\n    created_at: 2010-05-26 00:45:21\n    updated_at: 2010-05-26 00:45:21\n    lft: \"5\"\n    id: \"3\"\n    parent_id: \n    rgt: \"6\"\n  attributes_cache: {}\n\n'),(20,'Opera Mini','','<p>\r\n	Описание&nbsp;Opera Mini</p>\r\n',1,'2010-05-26 01:39:00',1,3,'2010-05-26 01:40:27','2010-05-26 01:40:27','opera-mini',0,'браузер','--- \n- !ruby/object:Category \n  attributes: \n    name: iPhone\n    created_at: 2010-05-26 00:45:21\n    updated_at: 2010-05-26 00:45:21\n    lft: \"5\"\n    id: \"3\"\n    parent_id: \n    rgt: \"24\"\n  attributes_cache: {}\n\n'),(21,'Instapaper','','<p>\r\n	Описание Instapaper</p>\r\n<p>\r\n	Instapaper Free?</p>\r\n',1,'2010-05-26 01:40:00',1,3,'2010-05-26 01:41:34','2010-05-26 01:41:34','instapaper',0,'заладки, дочитать, прочитать позже','--- \n- !ruby/object:Category \n  attributes: \n    name: iPhone\n    created_at: 2010-05-26 00:45:21\n    updated_at: 2010-05-26 00:45:21\n    lft: \"5\"\n    id: \"3\"\n    parent_id: \n    rgt: \"24\"\n  attributes_cache: {}\n\n'),(22,'Yummy','','<p>\r\n	Описание Yummy</p>\r\n',1,'2010-05-26 01:41:00',1,3,'2010-05-26 01:42:57','2010-05-26 01:42:58','yummy',0,'Delicio.us, социальная сеть, закладки, браузер','--- \n- !ruby/object:Category \n  attributes: \n    name: iPhone\n    created_at: 2010-05-26 00:45:21\n    updated_at: 2010-05-26 00:45:21\n    lft: \"5\"\n    id: \"3\"\n    parent_id: \n    rgt: \"24\"\n  attributes_cache: {}\n\n'),(23,'Free Wi-Fi','','<p>\r\n	Описание Free Wi-Fi</p>\r\n',1,'2010-05-26 01:45:00',1,3,'2010-05-26 01:46:11','2010-05-26 01:46:11','free-wi-fi',0,'геолокация, Wi-Fi, Интернет','--- \n- !ruby/object:Category \n  attributes: \n    name: iPhone\n    created_at: 2010-05-26 00:45:21\n    updated_at: 2010-05-26 00:45:21\n    lft: \"5\"\n    id: \"3\"\n    parent_id: \n    rgt: \"24\"\n  attributes_cache: {}\n\n'),(24,'Oz WiFi','','<p>\r\n	Описание Oz WiFi</p>\r\n',1,'2010-05-26 01:46:00',1,3,'2010-05-26 01:47:18','2010-05-26 01:47:18','oz-wifi',0,'Wi-Fi, геолокация, Интернет','--- \n- !ruby/object:Category \n  attributes: \n    name: iPhone\n    created_at: 2010-05-26 00:45:21\n    updated_at: 2010-05-26 00:45:21\n    lft: \"5\"\n    id: \"3\"\n    parent_id: \n    rgt: \"24\"\n  attributes_cache: {}\n\n'),(25,'QIWI Wallet','','<p>\r\n	QIWI Wallet</p>\r\n',1,'2010-05-26 01:47:00',1,3,'2010-05-26 01:48:18','2010-05-26 01:48:18','qiwi-wallet',0,'электронный кошелек, электронные деньги','--- \n- !ruby/object:Category \n  attributes: \n    name: iPhone\n    created_at: 2010-05-26 00:45:21\n    updated_at: 2010-05-26 00:45:21\n    lft: \"5\"\n    id: \"3\"\n    parent_id: \n    rgt: \"24\"\n  attributes_cache: {}\n\n'),(26,'KeeperMobile','','<p>\r\n	KeeperMobile</p>\r\n',1,'2010-05-26 01:48:00',1,3,'2010-05-26 01:49:41','2010-05-30 19:40:39','keepermobile',0,'электронный кошелек, электронные деньги, Webmoney, Интернет','--- \n- !ruby/object:Category \n  attributes: \n    name: iPhone\n    created_at: 2010-05-26 00:45:21\n    updated_at: 2010-05-26 00:45:21\n    lft: \"5\"\n    id: \"3\"\n    parent_id: \n    rgt: \"22\"\n  attributes_cache: {}\n\n'),(27,'iFitness','','<p>\r\n	iFitness</p>\r\n',1,'2010-05-26 01:49:00',1,3,'2010-05-26 01:50:58','2010-05-26 01:50:58','ifitness',0,'бодибилдинг, спорт','--- \n- !ruby/object:Category \n  attributes: \n    name: iPhone\n    created_at: 2010-05-26 00:45:21\n    updated_at: 2010-05-26 00:45:21\n    lft: \"5\"\n    id: \"3\"\n    parent_id: \n    rgt: \"24\"\n  attributes_cache: {}\n\n'),(28,'PayPal','','<p>\r\n	PayPal</p>\r\n',1,'2010-05-26 01:51:00',1,3,'2010-05-26 01:52:29','2010-05-26 01:52:29','paypal',0,'PayPal, электронный кошелек, электронные деньги, On-Line, Интернет','--- \n- !ruby/object:Category \n  attributes: \n    name: iPhone\n    created_at: 2010-05-26 00:45:21\n    updated_at: 2010-05-26 00:45:21\n    lft: \"5\"\n    id: \"3\"\n    parent_id: \n    rgt: \"24\"\n  attributes_cache: {}\n\n'),(29,'Shout It','','<p>\r\n	Shout It</p>\r\n',1,'2010-05-26 01:52:00',1,3,'2010-05-26 01:53:14','2010-05-26 01:53:14','shout-it',0,'','--- \n- !ruby/object:Category \n  attributes: \n    name: iPhone\n    created_at: 2010-05-26 00:45:21\n    updated_at: 2010-05-26 00:45:21\n    lft: \"5\"\n    id: \"3\"\n    parent_id: \n    rgt: \"24\"\n  attributes_cache: {}\n\n'),(30,'iBlackList','','<p>\r\n	iBlackList</p>\r\n',1,'2010-05-26 02:04:00',1,3,'2010-05-26 02:06:31','2010-05-26 02:06:31','iblacklist',0,'черный список, нежелательные звонки','--- \n- !ruby/object:Category \n  attributes: \n    name: iPhone\n    created_at: 2010-05-26 00:45:21\n    updated_at: 2010-05-26 00:45:21\n    lft: \"5\"\n    id: \"3\"\n    parent_id: \n    rgt: \"24\"\n  attributes_cache: {}\n\n'),(31,'Installous','','<p>\r\n	Installous</p>\r\n',1,'2010-05-26 02:07:00',1,3,'2010-05-26 02:08:26','2010-05-26 02:08:26','installous',0,'hack, warez, Appstore, софт','--- \n- !ruby/object:Category \n  attributes: \n    name: iPhone\n    created_at: 2010-05-26 00:45:21\n    updated_at: 2010-05-26 00:45:21\n    lft: \"5\"\n    id: \"3\"\n    parent_id: \n    rgt: \"24\"\n  attributes_cache: {}\n\n'),(32,'Написать о походе в мирбис','','<p>\r\n	28 марта с 15 до 19 институт мирбис, ул. марксистская 34, корп 7, этаж 7</p>\r\n',1,'2010-05-26 02:09:00',1,2,'2010-05-26 02:10:45','2010-05-26 02:20:15','написать-о-походе-в-мирбис',0,'стартап, startuppoint, Москва','--- \n- !ruby/object:Category \n  attributes: \n    name: !binary |\n      0J4g0LbQuNC30L3QuA==\n\n    created_at: 2010-05-25 23:06:51\n    updated_at: 2010-05-25 23:06:51\n    lft: \"3\"\n    id: \"2\"\n    parent_id: \n    rgt: \"4\"\n  attributes_cache: {}\n\n'),(33,'vlc remote','','<p>\r\n	vlc remote</p>\r\n',1,'2010-05-26 02:12:00',1,3,'2010-05-26 02:13:12','2010-05-26 23:44:05','vlc-remote',0,'audio, музыка, vlc','--- \n- !ruby/object:Category \n  attributes: \n    name: iPhone\n    created_at: 2010-05-26 00:45:21\n    updated_at: 2010-05-26 00:45:21\n    lft: \"5\"\n    id: \"3\"\n    parent_id: \n    rgt: \"24\"\n  attributes_cache: {}\n\n'),(34,'Подумать...','','<p>\r\n	Сделать:</p>\r\n<ul>\r\n	<li>\r\n		Что-то сообразить с админкой</li>\r\n	<li>\r\n		Причесать детальный просмотр публикации, комментарии и т.д.</li>\r\n</ul>\r\n<p>\r\n	Подумать что можно сделать с массовым редактированием</p>\r\n<p>\r\n	Подумать что можно сделать с закачкой и указанием ссылок на другие сайты и т.д.</p>\r\n',1,'2010-05-26 02:13:00',1,13,'2010-05-26 02:15:32','2010-05-26 02:15:32','подумать',1,'todo, сделать','--- \n- !ruby/object:Category \n  attributes: \n    name: !binary |\n      0J4g0YHQsNC50YLQtQ==\n\n    created_at: 2010-05-26 02:15:32\n    updated_at: 2010-05-26 02:15:32\n    lft: \"25\"\n    id: \"13\"\n    parent_id: \n    rgt: \"26\"\n  attributes_cache: {}\n\n'),(37,'Заметки vim','','<p>\r\n	Возврат назад&nbsp;</p>\r\n<ul>\r\n	<li>\r\n		Ctrl + O, Ctrl + T, Ctrl + L, ``</li>\r\n	<li>\r\n		<p>\r\n			I&#39;ve always done by it setting a mark.</p>\r\n		<ol>\r\n			<li>\r\n				<p>\r\n					In command-mode, press&nbsp;m [letter]. For example,&nbsp;m a&nbsp;sets a mark at the current line using&nbsp;a&nbsp;as the mark indentifier.</p>\r\n			</li>\r\n			<li>\r\n				<p>\r\n					To get back to the mark press&nbsp;&#39; [letter]. For example,&nbsp;&#39; a&nbsp;takes you back to the mark set in step 1.</p>\r\n			</li>\r\n		</ol>\r\n		<p>\r\n			To see all of the marks that currently set, type&nbsp;:marks.</p>\r\n	</li>\r\n	<li>\r\n		<p>\r\n			:help jumplist</p>\r\n	</li>\r\n</ul>\r\n<p>\r\n	Обновить экран -&nbsp;Ctrl + l</p>\r\n<p>\r\n	Вызвать NERDTree - \\p</p>\r\n',1,'2010-05-26 22:47:00',1,14,'2010-05-26 22:48:07','2010-06-01 13:06:01','заметки-vim',0,'vi, vim, gvim, заметки','--- \n- !ruby/object:Category \n  attributes: \n    name: vi\n    created_at: 2010-05-26 22:48:06\n    updated_at: 2010-05-26 22:48:06\n    lft: \"9\"\n    id: \"14\"\n    parent_id: \n    rgt: \"10\"\n  attributes_cache: {}\n\n'),(38,'World Series of Poker Hold ‘Em Legend','<div id=\"attachment_3481\">\r\n	<p style=\"text-align: center; \">\r\n		<img alt=\"World Series of Poker Hold em Legend Mobile Game\" src=\"http://touchreviews.net/wp-content/uploads/2009/11/World-Series-of-Poker-Hold-em-Legend-Mobile-Game-480x263-custom.jpg\" style=\"cursor: default; \" title=\"World Series of Poker Hold em Legend Mobile Game\" /></p>\r\n	<p>\r\n		World Series of Poker &ndash; Hold &lsquo;Em&nbsp;рейтинг:&nbsp;<img alt=\"★\" src=\"http://touchreviews.net/wp-content/plugins/star-rating-for-reviews/images/star.png\" style=\"cursor: default; \" title=\"World Series of Poker Hold Em Legend: High Quality Poker Game Photo\" /><img alt=\"★\" src=\"http://touchreviews.net/wp-content/plugins/star-rating-for-reviews/images/star.png\" style=\"cursor: default; \" title=\"World Series of Poker Hold Em Legend: High Quality Poker Game Photo\" /><img alt=\"★\" src=\"http://touchreviews.net/wp-content/plugins/star-rating-for-reviews/images/star.png\" style=\"cursor: default; \" title=\"World Series of Poker Hold Em Legend: High Quality Poker Game Photo\" /><img alt=\"★\" src=\"http://touchreviews.net/wp-content/plugins/star-rating-for-reviews/images/star.png\" style=\"cursor: default; \" title=\"World Series of Poker Hold Em Legend: High Quality Poker Game Photo\" /><img alt=\"½\" src=\"http://touchreviews.net/wp-content/plugins/star-rating-for-reviews/images/halfstar.png\" style=\"cursor: default; \" title=\"World Series of Poker Hold Em Legend: High Quality Poker Game Photo\" /></p>\r\n</div>\r\n<p>\r\n	Texas Hold &lsquo;Em Poker наиболее популярная разновидность покера в США, Европе и конечно он-лайн казино. В нее легко научиться играть, но очень сложно стать мастером. Тем не менее вы можете легко научиться играть или повысить свое мастерство на своем iPhone/iPod touch купив &nbsp;App&nbsp;<a href=\"http://touchreviews.net/store/\" title=\"Store\">Store</a>&nbsp;игру&nbsp;World Series of Poker &ndash; Hold &lsquo;Em.</p>\r\n','<div id=\"attachment_3481\">\r\n	<p style=\"text-align: center; \">\r\n		<img alt=\"World Series of Poker Hold em Legend Mobile Game\" src=\"http://touchreviews.net/wp-content/uploads/2009/11/World-Series-of-Poker-Hold-em-Legend-Mobile-Game-480x263-custom.jpg\" title=\"World Series of Poker Hold em Legend Mobile Game\" /></p>\r\n	<p>\r\n		World Series of Poker Hold em Legend Mobile Game</p>\r\n</div>\r\n<p>\r\n	World Series of Poker &ndash; Hold &lsquo;Em&nbsp;Rating:&nbsp;<img alt=\"★\" src=\"http://touchreviews.net/wp-content/plugins/star-rating-for-reviews/images/star.png\" title=\"World Series of Poker Hold Em Legend: High Quality Poker Game Photo\" /><img alt=\"★\" src=\"http://touchreviews.net/wp-content/plugins/star-rating-for-reviews/images/star.png\" title=\"World Series of Poker Hold Em Legend: High Quality Poker Game Photo\" /><img alt=\"★\" src=\"http://touchreviews.net/wp-content/plugins/star-rating-for-reviews/images/star.png\" title=\"World Series of Poker Hold Em Legend: High Quality Poker Game Photo\" /><img alt=\"★\" src=\"http://touchreviews.net/wp-content/plugins/star-rating-for-reviews/images/star.png\" title=\"World Series of Poker Hold Em Legend: High Quality Poker Game Photo\" /><img alt=\"½\" src=\"http://touchreviews.net/wp-content/plugins/star-rating-for-reviews/images/halfstar.png\" title=\"World Series of Poker Hold Em Legend: High Quality Poker Game Photo\" /></p>\r\n<p>\r\n	Texas Hold &lsquo;Em Poker is the most popular of the poker varieties across America, Europe and of course online. It&rsquo;s easy to pick up but as in all classic games it is difficult to master. However now you can learn to play or feed your addiction via this latest addition to the iPhone/iPod touch App&nbsp;<a href=\"http://touchreviews.net/store/\" title=\"Store\">Store</a>, World Series of Poker &ndash; Hold &lsquo;Em.</p>\r\n<p>\r\n	&nbsp;</p>\r\n<p>\r\n	There are two huge poker tournaments that use this form of the game,&nbsp;<a href=\"http://en.wikipedia.org/wiki/World%20Series%20of%20Poker\">World Series of Poker&nbsp;</a>(WSOP) and the&nbsp;&nbsp;<a href=\"http://en.wikipedia.org/wiki/World%20Poker%20Tour\">World Poker Tour&nbsp;</a>(WPT) and it is from the former that this title takes its name.</p>\r\n<p>\r\n	Knowing that the game is from&nbsp;&nbsp;<a href=\"http://twitter.com/glumobile\">Glu mobile</a>, the makers of Deer Hunter 3D,&nbsp;&nbsp;<a href=\"http://touchreviews.net/index.php/touch-reviews-iphone-apps-glyder-high-score/\">Glyder</a>,&nbsp;&nbsp;<a href=\"http://touchreviews.net/index.php/super-ko-boxing-2-winner-glu-mobile/\">Super KO Boxing 2</a>&nbsp;and&nbsp;&nbsp;<a href=\"http://touchreviews.net/index.php/iphone-app-reviews-app-review-build-a-lot/\">Build-a-lot</a>&nbsp;to name but a few, it&rsquo;s no surprise that first moment you launch the game the app oozes quality and class. The game starts with a video to set the scene of the poker tournament, all glitz and glamor around the&nbsp;&nbsp;<a href=\"http://www.flickr.com/photos/kenlund/3712929701/\">poker tables of Las Vegas</a>&nbsp;and this quality continues through-out the application from the in game menu&rsquo;s to the game itself.</p>\r\n<p>\r\n	The game play itself is the same whether you are playing a quick cash game, career mode or multi-player over the internet or via Bluetooth and you&rsquo;ll find yourself looking down on the poker table with 8 opponents. Depending on which mode you have chosen the opponents will either be computer opponents or live people.</p>\r\n<p style=\"text-align: center; \">\r\n	<img alt=\"World Series of Poker Hold em Legend Mobile Game_2\" src=\"http://touchreviews.net/wp-content/uploads/2009/11/World-Series-of-Poker-Hold-em-Legend-Mobile-Game_2.jpg\" title=\"World Series of Poker Hold em Legend Mobile Game_2\" /></p>\r\n<p>\r\n	If you know the&nbsp;&nbsp;<a href=\"http://www.youtube.com/watch?v=-iQ9pNpxCX4\">rules of poker</a>, and specifically Texas Hold &lsquo;Em, the game is easy to play. You can drag and drop you cards and click directly on your pile of chips to raise the steaks when you feel you have a good hand. When you are initially dealt your hand a guide will show you how strong your cards are helping you decide how much to bet or if you should fold.</p>\r\n<p>\r\n	As the subsequent cards are dealt this guide will update accordingly, keeping you up to date on the strength of your hand at all times. The computer controlled players will also give &lsquo;tells&rsquo; that will suggest to you whether or not they are holding a strong or weak hand. These &lsquo;tells&rsquo; must be used with caution as just like in the real world the &lsquo;tells&rsquo; aren&rsquo;t always as they seem.</p>\r\n<p>\r\n	The single player options will keep you going for hours especially the career mode where you aim to earn/win as much money as possible moving from city too city while unlocking achievements. But it&rsquo;s the online multi-player mode that could lose you many hours as you attempt to climb the global leaderboards and test you guile against real people.</p>\r\n<p style=\"text-align: center; \">\r\n	<img alt=\"World Series of Poker Hold em Legend Mobile Game_5\" src=\"http://touchreviews.net/wp-content/uploads/2009/11/World-Series-of-Poker-Hold-em-Legend-Mobile-Game_5.jpg\" title=\"World Series of Poker Hold em Legend Mobile Game_5\" /></p>\r\n<p>\r\n	The real people that you get to play against are selected randomly and there is no option to select who you wish to play against. The online mode is time based so you&rsquo;ll only have 30 seconds to make your move which ensures the game keeps moving and in my playing there has never been a shortage of players to make the numbers at the table. It would be nice also if it was possible to boast about your wins via&nbsp;<a href=\"http://twitter.com/Touch_Reviews\">Twitter</a>&nbsp;or&nbsp;<a href=\"http://facebook.com/TouchReviewsPage\" target=\"_blank\" title=\"Facebook\">Facebook</a>&nbsp;but that&rsquo;s not possible either.</p>\r\n<p>\r\n	At $6.99 World Series of Poker &ndash; Hold &lsquo;Em is at the high end of app price market, however the quality that Glu have put into this application makes it worth it. If you are looking for a high quality poker app that will keep you entertained (or addicted) then this is the one for you.</p>\r\n<p>\r\n	The Good</p>\r\n<ul type=\"DISC\">\r\n	<li>\r\n		<p>\r\n			Professional Look &amp; Feel</p>\r\n	</li>\r\n	<li>\r\n		<p>\r\n			Simple online integration</p>\r\n	</li>\r\n	<li>\r\n		<p>\r\n			Hours and Hours of Gameplay</p>\r\n	</li>\r\n</ul>\r\n<p>\r\n	The Not So Good</p>\r\n<ul type=\"DISC\">\r\n	<li>\r\n		<p>\r\n			No option to chose your online opponents</p>\r\n	</li>\r\n	<li>\r\n		<p>\r\n			No social network options</p>\r\n	</li>\r\n</ul>\r\n',1,'2010-05-26 01:00:00',1,3,'2010-05-27 00:29:31','2010-06-01 13:03:29','world-series-of-poker-hold-‘em-legend--2',0,'Покер, Pocker, Texas Hold `Em','--- \n- !ruby/object:Category \n  attributes: \n    name: iPhone\n    created_at: 2010-05-26 00:45:21\n    updated_at: 2010-05-26 00:45:21\n    lft: \"5\"\n    id: \"3\"\n    parent_id: \n    rgt: \"14\"\n  attributes_cache: {}\n\n'),(41,'Teambox','','<p>\r\n	Одним из немногочисленных production ready продуктов с открытым исходным кодом является Teambox. Проект представляет из себя инструмент для совместной работы. Активно использует Remote Javascript и написан в духе, как бы лучше выразиться, стандартного приложения Ruby on Rails. Очень рекомендую к просмотру разработчикам ищущим good style приемы и методы написания на RoR.</p>\r\n<p style=\"text-align: center;\">\r\n	<img alt=\"\" src=\"/assets/pictures/1/content__.png?1275398332\" style=\"width: 535px; height: 334px;\" /></p>\r\n',1,'2010-06-01 13:17:00',1,1,'2010-06-01 13:23:43','2010-06-01 19:49:16','teambox',0,'acts_as_paranoid, asset-hosting-with-minimum-ssl, cucumber, email-spec, localized_country_select, mimetype-fu, permalink_fu, restful-authentication, rspec-on-rails-matchers, tabnav, validates_email_format_of, view_specify, weakling','--- \n- !ruby/object:Category \n  attributes: \n    name: Ruby on Rails\n    created_at: 2010-05-25 22:02:38\n    updated_at: 2010-05-25 22:02:38\n    lft: \"1\"\n    id: \"1\"\n    parent_id: \n    rgt: \"2\"\n  attributes_cache: {}\n\n'),(45,'Radiant','','<p>\r\n	Написать о Radiant CMS</p>\r\n',1,'2010-06-02 04:34:00',1,1,'2010-06-02 04:34:17','2010-06-02 05:13:59','radiant',0,'','--- \n- !ruby/object:Category \n  attributes: \n    name: Ruby on Rails\n    created_at: 2010-05-25 22:02:38\n    updated_at: 2010-05-25 22:02:38\n    lft: \"1\"\n    id: \"1\"\n    parent_id: \n    rgt: \"2\"\n  attributes_cache: {}\n\n'),(46,'Tracks','','<p>\r\n	Написать о Tracks</p>\r\n',1,'2010-06-02 04:34:00',1,1,'2010-06-02 04:35:02','2010-06-02 04:35:27','tracks',1,'','--- \n- !ruby/object:Category \n  attributes: \n    name: Ruby on Rails\n    created_at: 2010-05-25 22:02:38\n    updated_at: 2010-05-25 22:02:38\n    lft: \"1\"\n    id: \"1\"\n    parent_id: \n    rgt: \"2\"\n  attributes_cache: {}\n\n'),(47,'Substruct','','<p>\r\n	ыв</p>\r\n',1,'2010-06-02 04:36:00',1,1,'2010-06-02 04:36:47','2010-06-02 04:36:47','substruct',0,'','--- \n- !ruby/object:Category \n  attributes: \n    name: Ruby on Rails\n    created_at: 2010-05-25 22:02:38\n    updated_at: 2010-05-25 22:02:38\n    lft: \"1\"\n    id: \"1\"\n    parent_id: \n    rgt: \"2\"\n  attributes_cache: {}\n\n'),(48,'railscasts','','<p>\r\n	&nbsp;</p>\r\n<meta content=\"text/html; charset=utf-8\" http-equiv=\"content-type\" />\r\n<p>\r\n	<a href=\"http://github.com/ryanb/railscasts\">http://github.com/ryanb/railscasts</a></p>\r\n',1,'2010-06-02 04:37:00',1,1,'2010-06-02 04:37:12','2010-06-02 04:37:12','railscasts',0,'','--- \n- !ruby/object:Category \n  attributes: \n    name: Ruby on Rails\n    created_at: 2010-05-25 22:02:38\n    updated_at: 2010-05-25 22:02:38\n    lft: \"1\"\n    id: \"1\"\n    parent_id: \n    rgt: \"2\"\n  attributes_cache: {}\n\n'),(49,'spot-us','','<p>\r\n	123</p>\r\n',1,'2010-06-02 04:37:00',1,1,'2010-06-02 04:37:29','2010-06-02 06:42:55','spot-us',1,'','--- \n- !ruby/object:Category \n  attributes: \n    name: Ruby on Rails\n    created_at: 2010-05-25 22:02:38\n    updated_at: 2010-05-25 22:02:38\n    lft: \"1\"\n    id: \"1\"\n    parent_id: \n    rgt: \"2\"\n  attributes_cache: {}\n\n'),(50,'spree','','<p>\r\n	&nbsp;</p>\r\n<meta content=\"text/html; charset=utf-8\" http-equiv=\"content-type\" />\r\n<p>\r\n	<a href=\"http://github.com/railsdog/spree\">spree</a></p>\r\n',1,'2010-06-02 04:37:00',1,1,'2010-06-02 04:37:53','2010-06-02 04:37:53','spree',0,'','--- \n- !ruby/object:Category \n  attributes: \n    name: Ruby on Rails\n    created_at: 2010-05-25 22:02:38\n    updated_at: 2010-05-25 22:02:38\n    lft: \"1\"\n    id: \"1\"\n    parent_id: \n    rgt: \"2\"\n  attributes_cache: {}\n\n'),(51,'bucketwise','','<p>\r\n	bucketwise</p>\r\n',1,'2010-06-02 04:39:00',1,1,'2010-06-02 04:39:20','2010-06-02 05:13:53','bucketwise',0,'','--- \n- !ruby/object:Category \n  attributes: \n    name: Ruby on Rails\n    created_at: 2010-05-25 22:02:38\n    updated_at: 2010-05-25 22:02:38\n    lft: \"1\"\n    id: \"1\"\n    parent_id: \n    rgt: \"2\"\n  attributes_cache: {}\n\n'),(52,'rboard','','<p>\r\n	rboard</p>\r\n',1,'2010-06-02 04:39:00',1,1,'2010-06-02 04:39:47','2010-06-02 04:39:47','rboard',0,'','--- \n- !ruby/object:Category \n  attributes: \n    name: Ruby on Rails\n    created_at: 2010-05-25 22:02:38\n    updated_at: 2010-05-25 22:02:38\n    lft: \"1\"\n    id: \"1\"\n    parent_id: \n    rgt: \"2\"\n  attributes_cache: {}\n\n'),(53,'bostonrb','','<p>\r\n	&nbsp;</p>\r\n<p>\r\n	<a href=\"/bostonrb/bostonrb/tree/master\">bostonrb</a></p>\r\n',1,'2010-06-02 04:44:00',1,1,'2010-06-02 04:44:55','2010-06-02 05:13:25','bostonrb',0,'','--- \n- !ruby/object:Category \n  attributes: \n    name: Ruby on Rails\n    created_at: 2010-05-25 22:02:38\n    updated_at: 2010-05-25 22:02:38\n    lft: \"1\"\n    id: \"1\"\n    parent_id: \n    rgt: \"2\"\n  attributes_cache: {}\n\n'),(54,'insoshi','','<p>\r\n	&nbsp;</p>\r\n<meta content=\"text/html; charset=utf-8\" http-equiv=\"content-type\" />\r\n<p>\r\n	<a href=\"/insoshi/insoshi/tree/master\">insoshi</a></p>\r\n',1,'2010-06-02 04:45:00',1,1,'2010-06-02 04:45:25','2010-06-02 04:45:25','insoshi',0,'','--- \n- !ruby/object:Category \n  attributes: \n    name: Ruby on Rails\n    created_at: 2010-05-25 22:02:38\n    updated_at: 2010-05-25 22:02:38\n    lft: \"1\"\n    id: \"1\"\n    parent_id: \n    rgt: \"2\"\n  attributes_cache: {}\n\n'),(55,'lovdbyless','','<p>\r\n	&nbsp;</p>\r\n<meta content=\"text/html; charset=utf-8\" http-equiv=\"content-type\" />\r\n<p>\r\n	<a href=\"http://lovdbyless.com/\">http://lovdbyless.com/</a></p>\r\n',1,'2010-06-02 04:45:00',1,1,'2010-06-02 04:45:47','2010-06-02 04:45:47','lovdbyless',0,'','--- \n- !ruby/object:Category \n  attributes: \n    name: Ruby on Rails\n    created_at: 2010-05-25 22:02:38\n    updated_at: 2010-05-25 22:02:38\n    lft: \"1\"\n    id: \"1\"\n    parent_id: \n    rgt: \"2\"\n  attributes_cache: {}\n\n'),(56,'tog','','<p>\r\n	tog</p>\r\n',1,'2010-06-02 04:46:00',1,1,'2010-06-02 04:46:13','2010-06-02 04:46:13','tog',0,'','--- \n- !ruby/object:Category \n  attributes: \n    name: Ruby on Rails\n    created_at: 2010-05-25 22:02:38\n    updated_at: 2010-05-25 22:02:38\n    lft: \"1\"\n    id: \"1\"\n    parent_id: \n    rgt: \"2\"\n  attributes_cache: {}\n\n'),(57,'refinerycms','','<p>\r\n	refinerycms</p>\r\n',1,'2010-06-02 04:53:00',1,1,'2010-06-02 04:53:33','2010-06-02 05:13:12','refinerycms',1,'','--- \n- !ruby/object:Category \n  attributes: \n    name: Ruby on Rails\n    created_at: 2010-05-25 22:02:38\n    updated_at: 2010-05-25 22:02:38\n    lft: \"1\"\n    id: \"1\"\n    parent_id: \n    rgt: \"2\"\n  attributes_cache: {}\n\n'),(58,'Browsercms','','<p>\r\n	browsercms</p>\r\n',1,'2010-06-02 04:55:00',1,1,'2010-06-02 04:56:09','2010-06-02 12:06:01','browsercms',0,'','--- \n- !ruby/object:Category \n  attributes: \n    name: Ruby on Rails\n    created_at: 2010-05-25 22:02:38\n    updated_at: 2010-05-25 22:02:38\n    lft: \"1\"\n    id: \"1\"\n    parent_id: \n    rgt: \"2\"\n  attributes_cache: {}\n\n'),(59,'Zena','','<p>\r\n	Zena</p>\r\n',1,'2010-06-02 05:42:00',1,1,'2010-06-02 05:42:46','2010-06-02 05:42:46','zena',0,'','--- \n- !ruby/object:Category \n  attributes: \n    name: Ruby on Rails\n    created_at: 2010-05-25 22:02:38\n    updated_at: 2010-05-25 22:02:38\n    lft: \"1\"\n    id: \"1\"\n    parent_id: \n    rgt: \"2\"\n  attributes_cache: {}\n\n'),(62,'Событие при выходе со страницы с не сохраненными данными','','<p>\r\n	Возмущению моему нету предела, почему в Google Chrome событие window.beforeunload вызывает ошибку Javascript? Самое удивительное, что эта ошибка не появляется в Gmail. Кто-нибудь знает каким образом обойти ошибку и реализовать такую штуку чтобы при закрытии окна или переходе по какой-нибудь ссылке при не сохраненной форме спрашивать пользователя о том, что действительно ли он хочет покинуть страницу? Попытки разглядеть в исходниках Gmail&#39;а не увенчались успехом. Ну или если вы не сильны в Javascript, то хотя бы может видели такой функционал в каком-нибудь другом продукте?</p>\r\n',1,'2010-06-03 12:12:00',1,21,'2010-06-02 12:17:52','2010-06-03 06:33:57','событие-при-выходе-со-страницы-с-не-сохраненными-данными',1,'javascript, Google Chrome, Firefox','--- \n- !ruby/object:Category \n  attributes: \n    name: !binary |\n      0J4g0YDQsNCx0L7RgtC1\n\n    created_at: 2010-06-02 12:45:49\n    updated_at: 2010-06-02 12:45:49\n    lft: \"7\"\n    id: \"20\"\n    parent_id: \n    rgt: \"16\"\n  attributes_cache: {}\n\n- !ruby/object:Category \n  attributes: \n    name: Javascript\n    created_at: 2010-06-02 12:47:28\n    updated_at: 2010-06-02 12:47:39\n    lft: \"10\"\n    id: \"21\"\n    parent_id: \"20\"\n    rgt: \"13\"\n  attributes_cache: {}\n\n'),(63,'Episode #78 - May 21, 2010',NULL,'<p>\n  Google Web Fonts, Faker.js, Unicorn, Suspenders, rails-i18n, attribute_normalizer, reflexive, and the acts_as_conference CFP in this Friday edition of Ruby5.<br>\n</p>\n\n<p>\n  <a href=\"http://ruby5.envylabs.com/episodes/80-episode-78-may-21-2010\" rel=\"nofollow\">Listen to this episode on Ruby5</a><br>\n</p>\n\n<p>\n  <em><a href=\"http://www.newrelic.com\">This episode is sponsored by NewRelic RPM</a></em><br>\n  \n  \n  \n  Whether your goal is to find fix bugs fast, or proactively monitor your production application\'s performance, New Relic makes it super-easy. Install it today by going to NewRelic.com.<br>\n</p>\n<p>\n  <em><a href=\"http://code.google.com/apis/webfonts/\">Google Web Fonts</a></em><br>\n  \n  \n  \n  Google Web Fonts are Google-hosted fonts and css snippets for adding some pretty nice typefaces to your web pages.  They host it all for you, just like the Ajax api.<br>\n</p>\n<p>\n  <em><a href=\"http://github.com/Marak/Faker.js\">faker.js - A Faker for JavaScript</a></em><br>\n  \n  \n  \n  Just like ruby and Perl\'s faker library, only now in Javascript for you node.js junkies.<br>\n</p>\n<p>\n  <em><a href=\"http://www.engineyard.com/blog/2010/everything-you-need-to-know-about-unicorn/\">Everything you want to know about Unicorn</a></em><br>\n  \n  \n  \n  Unicorn is a fast http server written specifically for hosting rack applications on unix-like operating systems.  Is that your app?  curious about what it does?  This post from EngineYard tells all.<br>\n</p>\n<p>\n  <em><a href=\"http://robots.thoughtbot.com/post/607129437/suspenders-as-a-gem\">Suspenders is Now a Gem</a></em><br>\n  \n  \n  \n  Suspenders, a \"starter kit\" of bundled rails app goodness is now a gem rather than a github download that would rival a maven build process.  It also gives you some better test coverage of the whole pre-baked assembly.<br>\n</p>\n<p>\n  <em><a href=\"http://github.com/svenfuchs/rails-i18n\">rails-i18n - An Internationalization Starter Kit</a></em><br>\n  \n  \n  \n  Do you write rails apps that have to be internationalized?  You should check out the contents of this github repo - it includes tons of yaml files that contain things like translated days of the week, months of the year, date, time, number, and currency formats, country names, and tons of other locale-specific data.  And it gives it to you for dozens of locales.<br>\n</p>\n<p>\n  <em><a href=\"http://github.com/mdeering/attribute_normalizer\">Normalize ActiveRecord with attribute_normalizer</a></em><br>\n  \n  \n  \n  attribute normalizer lets you define how you want your attributes normalized before written to the database.  Want to make sure phone numbers don\'t have dashes? Want to make sure currencies are stored without special symbols? Want to define a block of code to normalize your attribute through?  Its all here, easy peasy.<br>\n</p>\n<p>\n  <em><a href=\"http://github.com/dolzenko/reflexive\">Reflexive - A Live Code Browser</a></em><br>\n  \n  \n  \n  Reflexive is a neat code browser that runs beside your running application and lets your browse the code the app is running in all its runtime goodness.  A lot of ruby applications use metaprogramming techniques to add behavior to your classes at runtime; with reflexive, you can see those modifications.<br>\n</p>\n<p>\n  <em><a href=\"http://www.actsasconference.com/submit-a-workshop-or-session-for-aac2010/\">acts_as_conference 2010</a></em><br>\n  \n  \n  \n  acts_as_conference, now in its third year, is taking place Oct 28-30 in sunny Orlando, Florida.  The call for proposals just opened, so if you\'re looking to talk, now\'s your chance to submit.<br>\n</p>',NULL,'2010-05-21 04:32:07',NULL,22,'2010-06-02 13:17:00','2010-06-02 13:17:00','episode-78-may-21-2010',0,'Technology, News','--- \n- !ruby/object:Category \n  attributes: \n    name: Google Reader\n    created_at: 2010-06-02 13:17:00\n    updated_at: 2010-06-02 13:17:00\n    lft: \"15\"\n    id: \"22\"\n    parent_id: \n    rgt: \"16\"\n  attributes_cache: {}\n\n'),(64,'Использование CKEditor в Rails-приложениях',NULL,'<p>Достаточно часто появляется необходимость предоставить пользователям Вашего web-приложения возможность удобно редактировать содержимое. Для обычного пользователя оптимальным вариантом является использование WYSIWYG html-редактора. Таким решением является редактор CKEditor, интерфейс которого во многом подобен интерфейсам Microsoft Word и OpenOffice Writer.</p>\n<p>Плагин <a href=\"http://github.com/galetahub/rails-ckeditor\">rails-ckeditor</a> предназначен для интеграции CKEditor’а в Rails-приложение. Также он включает в себя возможность загрузки изображений и файлов из интерфейса редактора через SWFUpload.</p>\n<p>В статье описывается процесс <a href=\"http://justlest.info/2010/05/rails-ckeditor-swfupload\">установки и настройки плагина rails-ckeditor</a>.</p><div>\n<a href=\"http://feeds.feedburner.com/~ff/rubyflowru?a=DWtONYjEK5E:6akqHg88uxY:yIl2AUoC8zA\"><img src=\"http://feeds.feedburner.com/~ff/rubyflowru?d=yIl2AUoC8zA\" border=\"0\"></a> <a href=\"http://feeds.feedburner.com/~ff/rubyflowru?a=DWtONYjEK5E:6akqHg88uxY:F7zBnMyn0Lo\"><img src=\"http://feeds.feedburner.com/~ff/rubyflowru?i=DWtONYjEK5E:6akqHg88uxY:F7zBnMyn0Lo\" border=\"0\"></a> <a href=\"http://feeds.feedburner.com/~ff/rubyflowru?a=DWtONYjEK5E:6akqHg88uxY:qj6IDK7rITs\"><img src=\"http://feeds.feedburner.com/~ff/rubyflowru?d=qj6IDK7rITs\" border=\"0\"></a>\n</div><img src=\"http://feeds.feedburner.com/~r/rubyflowru/~4/DWtONYjEK5E\" height=\"1\" width=\"1\">',NULL,'2010-05-12 16:17:17',NULL,22,'2010-06-02 13:17:01','2010-06-02 13:17:01','использование-ckeditor-в-rails-приложениях',0,'','--- \n- !ruby/object:Category \n  attributes: \n    name: Google Reader\n    created_at: 2010-06-02 13:17:00\n    updated_at: 2010-06-02 13:17:00\n    lft: \"15\"\n    id: \"22\"\n    parent_id: \n    rgt: \"16\"\n  attributes_cache: {}\n\n'),(65,'Прогресс загрузки файлов с Rails и Nginx',NULL,'<p>Отличная статья о том как реализовать прогресс загрузки <a href=\"http://blog.schuerrer.org/post/571570048/file-upload-progress-done-right\">файлов с Rails и Nginx.</a></p>\n<pre>\nhttp {\n    upload_progress pdf_uploads 256k;\n\n    server {\n        passenger_enabled on;\n        passenger_use_global_queue on;\n\n        location ^~ /documents/ {\n          client_max_body_size 100m;\n\n          passenger_enabled on;\n\n          track_uploads pdf_uploads 30s;\n        }\n\n        location ^~ /documents/progress/upload {\n          report_uploads pdf_uploads;\n        }\n    }\n}\n</pre><div>\n<a href=\"http://feeds.feedburner.com/~ff/rubyflowru?a=8saXj8v9Oac:8gF76Qyxy3E:yIl2AUoC8zA\"><img src=\"http://feeds.feedburner.com/~ff/rubyflowru?d=yIl2AUoC8zA\" border=\"0\"></a> <a href=\"http://feeds.feedburner.com/~ff/rubyflowru?a=8saXj8v9Oac:8gF76Qyxy3E:F7zBnMyn0Lo\"><img src=\"http://feeds.feedburner.com/~ff/rubyflowru?i=8saXj8v9Oac:8gF76Qyxy3E:F7zBnMyn0Lo\" border=\"0\"></a> <a href=\"http://feeds.feedburner.com/~ff/rubyflowru?a=8saXj8v9Oac:8gF76Qyxy3E:qj6IDK7rITs\"><img src=\"http://feeds.feedburner.com/~ff/rubyflowru?d=qj6IDK7rITs\" border=\"0\"></a>\n</div><img src=\"http://feeds.feedburner.com/~r/rubyflowru/~4/8saXj8v9Oac\" height=\"1\" width=\"1\">',NULL,'2010-05-17 05:55:27',NULL,22,'2010-06-02 13:17:01','2010-06-02 13:17:01','прогресс-загрузки-файлов-с-rails-и-nginx',0,'','--- \n- !ruby/object:Category \n  attributes: \n    name: Google Reader\n    created_at: 2010-06-02 13:17:00\n    updated_at: 2010-06-02 13:17:00\n    lft: \"15\"\n    id: \"22\"\n    parent_id: \n    rgt: \"16\"\n  attributes_cache: {}\n\n'),(66,'Reflexive: Live Class And Source Code Browser',NULL,'<a href=\"http://github.com/dolzenko/reflexive\">Reflexive</a> is a web based live class and source code browser. It\'s meant to simplify navigating the code bases which make heavy use of metaprogramming techniques and/or have large amount of classes dispersed between many files. Checkout <a href=\"http://dolzhenko.org/blog/?p=150\">introduction blog post</a> as well!<div>\n<a href=\"http://feeds.feedburner.com/~ff/Rubyflow?a=GQffMpX80so:tFKXONsSZFc:3H-1DwQop_U\"><img src=\"http://feeds.feedburner.com/~ff/Rubyflow?i=GQffMpX80so:tFKXONsSZFc:3H-1DwQop_U\" border=\"0\"></a>\n</div><img src=\"http://feeds.feedburner.com/~r/Rubyflow/~4/GQffMpX80so\" height=\"1\" width=\"1\">',NULL,'2010-05-20 16:54:09',NULL,22,'2010-06-02 13:17:01','2010-06-02 13:17:02','reflexive-live-class-and-source-code-browser',0,'','--- \n- !ruby/object:Category \n  attributes: \n    name: Google Reader\n    created_at: 2010-06-02 13:17:00\n    updated_at: 2010-06-02 13:17:00\n    lft: \"15\"\n    id: \"22\"\n    parent_id: \n    rgt: \"16\"\n  attributes_cache: {}\n\n'),(67,'Detecting duplicate images with Ruby',NULL,'<a href=\"http://github.com/mperham/phashion\">Phashion</a> is a Ruby wrapper around the pHash library, an <a href=\"http://www.rubyflow.com/search/api\">API</a> for detecting duplicate and near-duplicate image, audio and video files.  It currently only supports images but your help is welcome!<div>\n<a href=\"http://feeds.feedburner.com/~ff/Rubyflow?a=-s5PiII6Dtc:w3PVp55pi6I:3H-1DwQop_U\"><img src=\"http://feeds.feedburner.com/~ff/Rubyflow?i=-s5PiII6Dtc:w3PVp55pi6I:3H-1DwQop_U\" border=\"0\"></a>\n</div><img src=\"http://feeds.feedburner.com/~r/Rubyflow/~4/-s5PiII6Dtc\" height=\"1\" width=\"1\">',NULL,'2010-05-20 19:52:04',NULL,22,'2010-06-02 13:17:02','2010-06-02 13:17:02','detecting-duplicate-images-with-ruby',0,'','--- \n- !ruby/object:Category \n  attributes: \n    name: Google Reader\n    created_at: 2010-06-02 13:17:00\n    updated_at: 2010-06-02 13:17:00\n    lft: \"15\"\n    id: \"22\"\n    parent_id: \n    rgt: \"16\"\n  attributes_cache: {}\n\n'),(68,'Best Ruby Open Source Test Suites Awards',NULL,'In this blog post, <a href=\"http://blog.plataformatec.com.br/2010/04/best-ruby-open-source-test-suites-awards/\">José Valim chooses his favorites open source test suites in ruby and explains why</a>!<div>\n<a href=\"http://feeds.feedburner.com/~ff/Rubyflow?a=MdO2znK9KK8:NrtPcQ0pfjs:3H-1DwQop_U\"><img src=\"http://feeds.feedburner.com/~ff/Rubyflow?i=MdO2znK9KK8:NrtPcQ0pfjs:3H-1DwQop_U\" border=\"0\"></a>\n</div><img src=\"http://feeds.feedburner.com/~r/Rubyflow/~4/MdO2znK9KK8\" height=\"1\" width=\"1\">',NULL,'2010-04-29 15:51:12',NULL,22,'2010-06-02 13:17:02','2010-06-02 13:17:02','best-ruby-open-source-test-suites-awards',0,'','--- \n- !ruby/object:Category \n  attributes: \n    name: Google Reader\n    created_at: 2010-06-02 13:17:00\n    updated_at: 2010-06-02 13:17:00\n    lft: \"15\"\n    id: \"22\"\n    parent_id: \n    rgt: \"16\"\n  attributes_cache: {}\n\n'),(69,'[ANN] RubyMine 2.0.2: RVM, Bundler, pre-built ruby-debug gem for Windows and more',NULL,'The most dynamic of all <a href=\"http://www.rubyflow.com/search/rails\">Rails</a> IDEs celebrates 1 year with a release of <b>2.0.2</b> update introducing new integrations and numerous enhancements. <a href=\"http://www.jetbrains.com/ruby/whatsnew\">Read what\'s new in RubyMine</a> and download a 30-day trial.<div>\n<a href=\"http://feeds.feedburner.com/~ff/Rubyflow?a=akq8dLUKuSA:vKUtC1CCKTM:3H-1DwQop_U\"><img src=\"http://feeds.feedburner.com/~ff/Rubyflow?i=akq8dLUKuSA:vKUtC1CCKTM:3H-1DwQop_U\" border=\"0\"></a>\n</div><img src=\"http://feeds.feedburner.com/~r/Rubyflow/~4/akq8dLUKuSA\" height=\"1\" width=\"1\">',NULL,'2010-04-29 13:25:25',NULL,22,'2010-06-02 13:17:03','2010-06-02 13:17:03','ann-rubymine-202-rvm-bundler-pre-built-ruby-debug-gem-for-windows-and-more',0,'','--- \n- !ruby/object:Category \n  attributes: \n    name: Google Reader\n    created_at: 2010-06-02 13:17:00\n    updated_at: 2010-06-02 13:17:00\n    lft: \"15\"\n    id: \"22\"\n    parent_id: \n    rgt: \"16\"\n  attributes_cache: {}\n\n'),(70,'[ANN] Free Sinatra Course',NULL,'To celebrate the release of <a href=\"http://www.rubyflow.com/search/sinatra\">Sinatra</a> 1.0, <a href=\"http://rubylearning.org/\">RubyLearning.org</a> has announced a free, online \"<b>Introduction to Sinatra</b>\" course. The course starts on <b>15th May and runs for a week</b>. The course is restricted to only <b>30 participants</b>, on a first-come-first-served basis. If interested, create an account on RubyLearning.org and email your registered email id to <b>satish [dot] talim [at] gmail.com</b><div>\n<a href=\"http://feeds.feedburner.com/~ff/Rubyflow?a=87rq-VF-msw:Ta9BkgpL3RI:3H-1DwQop_U\"><img src=\"http://feeds.feedburner.com/~ff/Rubyflow?i=87rq-VF-msw:Ta9BkgpL3RI:3H-1DwQop_U\" border=\"0\"></a>\n</div><img src=\"http://feeds.feedburner.com/~r/Rubyflow/~4/87rq-VF-msw\" height=\"1\" width=\"1\">',NULL,'2010-04-22 02:16:58',NULL,22,'2010-06-02 13:17:03','2010-06-02 13:17:03','ann-free-sinatra-course',0,'','--- \n- !ruby/object:Category \n  attributes: \n    name: Google Reader\n    created_at: 2010-06-02 13:17:00\n    updated_at: 2010-06-02 13:17:00\n    lft: \"15\"\n    id: \"22\"\n    parent_id: \n    rgt: \"16\"\n  attributes_cache: {}\n\n'),(71,'OAuth2 Gem',NULL,'We just released the <a href=\"http://intridea.com/2010/4/22/oauth2-gem-just-in-time-for-facebook-graph\">OAuth2 Gem</a> to connect to OAuth 2.0 providers (right now, that means <a href=\"http://graph.facebook.com/\">Facebook\'s new Graph API</a>).<div>\n<a href=\"http://feeds.feedburner.com/~ff/Rubyflow?a=aSxB95KmkvE:vzdthGovRRs:3H-1DwQop_U\"><img src=\"http://feeds.feedburner.com/~ff/Rubyflow?i=aSxB95KmkvE:vzdthGovRRs:3H-1DwQop_U\" border=\"0\"></a>\n</div><img src=\"http://feeds.feedburner.com/~r/Rubyflow/~4/aSxB95KmkvE\" height=\"1\" width=\"1\">',NULL,'2010-04-22 13:27:58',NULL,22,'2010-06-02 13:17:03','2010-06-02 13:17:03','oauth2-gem',0,'','--- \n- !ruby/object:Category \n  attributes: \n    name: Google Reader\n    created_at: 2010-06-02 13:17:00\n    updated_at: 2010-06-02 13:17:00\n    lft: \"15\"\n    id: \"22\"\n    parent_id: \n    rgt: \"16\"\n  attributes_cache: {}\n\n'),(72,'business_time gem Released',NULL,'I recently launched my <a href=\"http://www.github.com/bokmann/business_time\" rel=\"nofollow\">business_time gem</a> for doing date math with business hours, weekends, and holidays.  <a href=\"http://blog.codesherpas.com/on_the_path/2010/04/introducing-business_time.html\" rel=\"nofollow\">This blog entry</a> shows the usage.<div>\n<a href=\"http://feeds.feedburner.com/~ff/Rubyflow?a=lMBgb40IRgg:zvztfmpvEvs:3H-1DwQop_U\"><img src=\"http://feeds.feedburner.com/~ff/Rubyflow?i=lMBgb40IRgg:zvztfmpvEvs:3H-1DwQop_U\" border=\"0\"></a>\n</div><img src=\"http://feeds.feedburner.com/~r/Rubyflow/~4/lMBgb40IRgg\" height=\"1\" width=\"1\">',NULL,'2010-04-26 14:23:22',NULL,22,'2010-06-02 13:17:03','2010-06-02 13:17:04','businesstime-gem-released',0,'','--- \n- !ruby/object:Category \n  attributes: \n    name: Google Reader\n    created_at: 2010-06-02 13:17:00\n    updated_at: 2010-06-02 13:17:00\n    lft: \"15\"\n    id: \"22\"\n    parent_id: \n    rgt: \"16\"\n  attributes_cache: {}\n\n'),(73,'Radiant CMS 0.9.0 RC2 released',NULL,'We\'ve released RC2 of Radiant 0.9.0 and have <a href=\"http://radiantcms.org/blog/\">some details about it on the Radiant blog</a>. The big news is support for internationalization in the admin interface, support for extensions as gems, and other features.<div>\n<a href=\"http://feeds.feedburner.com/~ff/Rubyflow?a=qcxZl1Ebpmw:HVPHJTXReAs:3H-1DwQop_U\"><img src=\"http://feeds.feedburner.com/~ff/Rubyflow?i=qcxZl1Ebpmw:HVPHJTXReAs:3H-1DwQop_U\" border=\"0\"></a>\n</div><img src=\"http://feeds.feedburner.com/~r/Rubyflow/~4/qcxZl1Ebpmw\" height=\"1\" width=\"1\">',NULL,'2010-04-27 15:25:25',NULL,22,'2010-06-02 13:17:04','2010-06-02 13:17:04','radiant-cms-090-rc2-released',0,'','--- \n- !ruby/object:Category \n  attributes: \n    name: Google Reader\n    created_at: 2010-06-02 13:17:00\n    updated_at: 2010-06-02 13:17:00\n    lft: \"15\"\n    id: \"22\"\n    parent_id: \n    rgt: \"16\"\n  attributes_cache: {}\n\n'),(74,'bayes_motel',NULL,'A <a href=\"http://github.com/mperham/bayes_motel\">multi-variate Bayesian classification engine in Ruby</a>.  Most popularly known for spam detection, Bayesian classification uses statistical methods to determine the proper category for a given document.<div>\n<a href=\"http://feeds.feedburner.com/~ff/Rubyflow?a=ZhxEQTVQqk8:6oZJwDj7WFc:3H-1DwQop_U\"><img src=\"http://feeds.feedburner.com/~ff/Rubyflow?i=ZhxEQTVQqk8:6oZJwDj7WFc:3H-1DwQop_U\" border=\"0\"></a>\n</div><img src=\"http://feeds.feedburner.com/~r/Rubyflow/~4/ZhxEQTVQqk8\" height=\"1\" width=\"1\">',NULL,'2010-04-27 14:34:06',NULL,22,'2010-06-02 13:17:04','2010-06-02 13:17:04','bayesmotel',0,'','--- \n- !ruby/object:Category \n  attributes: \n    name: Google Reader\n    created_at: 2010-06-02 13:17:00\n    updated_at: 2010-06-02 13:17:00\n    lft: \"15\"\n    id: \"22\"\n    parent_id: \n    rgt: \"16\"\n  attributes_cache: {}\n\n'),(75,'Очередной Moscow MySQL User Group Meeting - 19-00 17го мая',NULL,'Привет!<br><br>После долгого перерыва состоится очередной Moscow MySQL User Group meeting, а де факто это Russian MySQL User Group, т.к. о других user group мне пока ничего не известно :-).<br>Подробный анонс <a href=\"http://groups.google.com/group/moscow-mysql-user-group/browse_thread/thread/4ce04ca2425d353?hl=ru\">в списке рассылки группы</a> и <a href=\"http://kostja-osipov.livejournal.com/30426.html\">у меня в ЖЖ</a>.<br>Прошу всех приходить!<br>PS Забыл упомянуть - если Вы собираетесь придти, оставьте пожалуйста своё имя и фамилию либо в группе, либо в комментариях на пост в моём ЖЖ. Нам, возможно, понадобятся списки для охраны.',NULL,'2010-05-12 19:03:24',NULL,22,'2010-06-02 13:17:04','2010-06-02 13:17:04','очередной-moscow-mysql-user-group-meeting-19-00-17го-мая',0,'','--- \n- !ruby/object:Category \n  attributes: \n    name: Google Reader\n    created_at: 2010-06-02 13:17:00\n    updated_at: 2010-06-02 13:17:00\n    lft: \"15\"\n    id: \"22\"\n    parent_id: \n    rgt: \"16\"\n  attributes_cache: {}\n\n'),(76,'Я пиарюсь / I съезд интернет-разработчиков состоится 20 мая 2010 года',NULL,'20 мая 2010 года состоится мероприятие под названием <a href=\"http://www.internet-association.ru/rus/activity/\"><b>«I съезд интернет-разработчиков»</b></a>. <br>\n<br>\nУчастие в мероприятии полностью <b>бесплатное</b>.<br>\n<br>\nЭто первое мероприятие подобного размера и уровня, организованное Ассоциацией интернет-разработчиков (АИР). Вас ждет общая информация об Ассоциации, а так же профессиональная программа, состоящая из докладов ориентированных, прежде всего на владельцев и менеджеров веб-студий.<br>\n<br>\nМероприятие будет проходить c 10:00 до 18:00 в <a href=\"http://www.internet-association.ru/rus/activity/contacts_filip.php\">Конференц-центре «На Филипповском»</a>. <br>\n<br>\nПриглашаем всех хабрапользователей на наше мероприятие!<br>\n<div> <a href=\"http://habrahabr.ru/blogs/i_am_advertising/93231/#habracut\">Читать дальше →</a> </div>',NULL,'2010-05-11 07:18:08',NULL,22,'2010-06-02 13:17:05','2010-06-02 13:17:05','я-пиарюсь-i-съезд-интернет-разработчиков-состоится-20-мая-2010-года',0,'АИР, конференция веб-разработчиков','--- \n- !ruby/object:Category \n  attributes: \n    name: Google Reader\n    created_at: 2010-06-02 13:17:00\n    updated_at: 2010-06-02 13:17:00\n    lft: \"15\"\n    id: \"22\"\n    parent_id: \n    rgt: \"16\"\n  attributes_cache: {}\n\n'),(77,'MySQL / Очередная встреча Moscow MySQL User Group пройдет 17мая в 19:30 м.ВДНХ',NULL,'Есть идея провести очередную встречу Moscow MySQL User Group 17 мая(пн) в районе м.ВДНХ в 19:30 — неформальное общение и разговоры… MySQL и что ждет всех нас в <br>\nбудующем :-) <br>\n<br>\nУчастие традиционно бесплатное. <br>\nРегистрация в топике <br>\n<a href=\"http://groups.google.ru/group/moscow-mysql-user-group/browse_thread/thread/4ce04ca2425d353\">groups.google.ru/group/moscow-mysql-user-group/browse_thread/thread/4ce04ca2425d353</a><br>\n<br>\nУказывайте полное ФИО, компанию, когда сможете придти… встреча до 22:00<br>\n <br>\nЗапись на встречу до 15мая 12:00 <br>\n<br>\nВедущий встречи — Костя Осипов (Team Lead, Server Runtime, MySQL) <br>\n<br>\nГости встречи… надеюсь их не совсем замучают на DEVCONF 2010 ;-) <br>\n<br>\nMichael Widenius Co-Founder of MySQL AB <br>\nAuthor of the MySQL Server and MariaDB fork <br>\n<a href=\"http://monty-says.blogspot.com/\">monty-says.blogspot.com/</a> <br>\n<br>\nСергей Петруня (http://s.petrunia.net/blog) работает в Monty Program <br>\nAb и является одним из разработчиков MariaDB. Его предыдущее место <br>\nработы — MySQL Ab, где он работал над оптимизатором запросов и закодировал <br>\nтакие оптимизации как index_merge, partition pruning другие. <br>\n<br>\nАлик Рубин, MySQL, Норвегия <br>\nГотов обсуждать (MySQL replication,MySQL cluster, DRBD/HeartBeat/ MySQL, Shared Disk) <br>\n<br>\nДо встречи на MMUG!',NULL,'2010-05-11 21:12:56',NULL,22,'2010-06-02 13:17:05','2010-06-02 13:17:05','mysql-очередная-встреча-moscow-mysql-user-group-пройдет-17мая-в-1930-мвднх',0,'mysql, monty, mariadb','--- \n- !ruby/object:Category \n  attributes: \n    name: Google Reader\n    created_at: 2010-06-02 13:17:00\n    updated_at: 2010-06-02 13:17:00\n    lft: \"15\"\n    id: \"22\"\n    parent_id: \n    rgt: \"16\"\n  attributes_cache: {}\n\n'),(78,'Open source / Ряды open source игр пополнились еще 4 классными экземплярами',NULL,'<img src=\"http://www.greycat.ru/temp/RoidBunny3.png\" align=\"right\"><br>\nЭпический по размахам марш, инициированный компанией Wolfire — <a href=\"http://habrahabr.ru/blogs/indie_games/92912/\">акция по продаже 6 популярных инди-игр «купи за сколько хочешь» — The Humble Indie Bundle</a> — World of Goo, Aquaria, Gish, Lugaru, Penumbra и Samorost 2 — закончился около 2 часов назад и возымел такую концовку, о которой многие мечтали уже несколько лет, но в такое всерьёз никто не верил.<br>\n<br>\nЗа неделю работы удалось собрать больше миллиона долларов США — и 2 часа назад, в знак признательности поддержавшему их сообществу, группа разработчиков Wolfire, Bit Blot, Cryptic Sea и Frictional Games объявила о том, что отныне четыре игры из шести — <b>Aquaria, Gish, Lugaru и Penumbra</b> — будут выпущены в свет в исходниках под open source лицензией.<br>\n<br>\nИсходники Lugaru HD <a href=\"http://blog.wolfire.com/2010/05/Lugaru-goes-open-source\">уже выложены</a>, остальные 3 игры должны последовать примеру в течении нескольких дней. Lugaru выложен в виде <a href=\"http://hg.icculus.org/icculus/lugaru\">Mercurial-репозитария на Icculus.org</a> — код собирается с помощью обычных Makefile\'ов (и gcc), как проект XCode и как проект Microsoft Visual Studio. Лицензия — GPL v2.<br>\n<br>\n<div> <a href=\"http://habrahabr.ru/blogs/open_source/93317/#habracut\">Читать дальше →</a> </div>',NULL,'2010-05-11 22:29:03',NULL,22,'2010-06-02 13:17:05','2010-06-02 13:17:06','open-source-ряды-open-source-игр-пополнились-еще-4-классными-экземплярами',0,'open source, инди-игры, world of goo, aquaria, gish, lugaru, penumbra, samorost, gpl v2','--- \n- !ruby/object:Category \n  attributes: \n    name: Google Reader\n    created_at: 2010-06-02 13:17:00\n    updated_at: 2010-06-02 13:17:00\n    lft: \"15\"\n    id: \"22\"\n    parent_id: \n    rgt: \"16\"\n  attributes_cache: {}\n\n'),(79,'Хостинг / Хостинги-однодневки',NULL,'<img src=\"http://shaida.biz/other/hosting.png\" alt=\"image\"><br>\n<br>\nРынок русскоязычного хостинга пока ещё явно не достиг совершеннолетия, но скорость роста рынка радует:<br>\nв сентябре 2007-го года миллион доменов .ru, в марте 2008-го 2 миллиона, а сейчас уже почти 3 миллиона.<br>\n<br>\nА знаете ли Вы, сколько в рунете хостинг-провайдеров, в которых один /обычно молодой/ человек исполняет обязанности директора, маркетолога, сотрудника технической поддержки, бухгалтера, редактора сайта и системного администратора?<br>\nПредположительно, около 1000!<br>\n<div> <a href=\"http://habrahabr.ru/blogs/hosting/93336/#habracut\">Читать дальше →</a> </div>',NULL,'2010-05-12 09:03:55',NULL,22,'2010-06-02 13:17:06','2010-06-02 13:17:06','хостинг-хостинги-однодневки',0,'хостинг-провайдер','--- \n- !ruby/object:Category \n  attributes: \n    name: Google Reader\n    created_at: 2010-06-02 13:17:00\n    updated_at: 2010-06-02 13:17:00\n    lft: \"15\"\n    id: \"22\"\n    parent_id: \n    rgt: \"16\"\n  attributes_cache: {}\n\n'),(80,'Хостинг / Рассказ создателя хостинга-однодневки',NULL,'Прочитав топик про <a href=\"http://habrahabr.ru/blogs/hosting/93336/\">хостинги-однодневки</a>, я решил описать свой опыт создания хостинг-провайдера.<br>\n<br>\nДело было так. Еще в далеком 2005 году я задумался о том, чтобы заняться продажей хостинга. Ведь затраты мизерны, по сравнению с доходами — думал я. И мы с другом арендовали небольшую ВПС. Но тогда ни у кого из нас не было опыта и видимо особого желания этим заниматься. На впс не было даже панели управления, всё делалось вручную. В общем месяца два провисел этот ВПС и всё как-то само собой загнулось. <br>\n<br>\nНо идея заняться хостингом меня не отпускала. Я читал всевозможные статьи на эту тему. Изучал панели управления. В общем повышал уровень знаний как мог. <div> <a href=\"http://habrahabr.ru/blogs/hosting/93364/#habracut\">Читать дальше →</a> </div>',NULL,'2010-05-12 10:53:43',NULL,22,'2010-06-02 13:17:07','2010-06-02 13:17:07','хостинг-рассказ-создателя-хостинга-однодневки',0,'хостинг, хостинг-провайдер','--- \n- !ruby/object:Category \n  attributes: \n    name: Google Reader\n    created_at: 2010-06-02 13:17:00\n    updated_at: 2010-06-02 13:17:00\n    lft: \"15\"\n    id: \"22\"\n    parent_id: \n    rgt: \"16\"\n  attributes_cache: {}\n\n'),(81,'woto pushed to master at woto/blog',NULL,'\n\n\n\n\n\n\n<div class=\"details\">\n  \n\n  \n    <div class=\"commits\">\n    <ul>\n    \n      \n      <li>\n        \n          <a href=\"http://github.com/woto\" class=\"committer\">woto</a>\n        \n        committed\n        <code><a href=\"http://github.com/woto/blog/commit/88b1cce10819f8fcf3824c09706ea42ca64b65fd\">88b1cce</a></code>\n\n        <div class=\"message\">\n          <blockquote>.</blockquote>\n        </div>\n      </li>\n    \n      \n      <li>\n        \n          <a href=\"http://github.com/woto\" class=\"committer\">woto</a>\n        \n        committed\n        <code><a href=\"http://github.com/woto/blog/commit/20449cb1d7d4e2a5494faebbd264625ff0218c39\">20449cb</a></code>\n\n        <div class=\"message\">\n          <blockquote>Улучшена навигация, теперь Календарь и Родственные теги отображают внизу ссылочку, в случае если содержат правила для фильтрации с ссылкой в div фильтрации</blockquote>\n        </div>\n      </li>\n    \n\n    \n    </ul>\n    </div>\n  \n</div>\n\n\n',NULL,'2010-06-02 13:03:16',NULL,23,'2010-06-02 13:27:25','2010-06-02 13:27:25','woto-pushed-to-master-at-wotoblog',0,'woto, blog','--- \n- !ruby/object:Category \n  attributes: \n    name: Github\n    created_at: 2010-06-02 13:27:24\n    updated_at: 2010-06-02 13:27:24\n    lft: \"17\"\n    id: \"23\"\n    parent_id: \n    rgt: \"18\"\n  attributes_cache: {}\n\n'),(82,'woto pushed to master at woto/blog',NULL,'\n\n\n\n\n\n\n<div class=\"details\">\n  \n\n  \n    <div class=\"commits\">\n    <ul>\n    \n      \n      <li>\n        \n          <a href=\"http://github.com/woto\" class=\"committer\">woto</a>\n        \n        committed\n        <code><a href=\"http://github.com/woto/blog/commit/4bb260a4889fe7fc148db00e85be776c5fe4f031\">4bb260a</a></code>\n\n        <div class=\"message\">\n          <blockquote>1. Приукрасил элементы для редактирования и удаления поста при просмотре списка постов<br>\n2. Вместо &quot;0 комментариев&quot; пишется &quot;нет комментариев&quot;<br>\n3. Локализовал некоторые строчки<br>\n4. Размер шрифта popup календаря уменьшен, т.к. в Firefox текст скакал, в отличие от Google Chrome<br>\n5. Позиционирование popup бокса для связного перехода с учетом фильтров улучшено, а так же убрана проверка href == rel</blockquote>\n        </div>\n      </li>\n    \n\n    \n    </ul>\n    </div>\n  \n</div>\n\n\n',NULL,'2010-06-02 07:17:16',NULL,23,'2010-06-02 13:27:26','2010-06-02 13:27:26','woto-pushed-to-master-at-wotoblog--2',1,'woto, blog','--- \n- !ruby/object:Category \n  attributes: \n    name: Github\n    created_at: 2010-06-02 13:27:24\n    updated_at: 2010-06-02 13:27:24\n    lft: \"17\"\n    id: \"23\"\n    parent_id: \n    rgt: \"18\"\n  attributes_cache: {}\n\n'),(83,'woto pushed to test at woto/blog',NULL,'\n\n\n\n\n\n\n<div class=\"details\">\n  \n\n  \n    <div class=\"commits\">\n    <ul>\n    \n      \n      <li>\n        \n          <a href=\"http://github.com/woto\" class=\"committer\">woto</a>\n        \n        committed\n        <code><a href=\"http://github.com/woto/blog/commit/d4a01ed296bec883252e1dda413003f53f1f8f31\">d4a01ed</a></code>\n\n        <div class=\"message\">\n          <blockquote>Улучшена логика работы календаря. Вынесен в свой контроллер</blockquote>\n        </div>\n      </li>\n    \n      \n      <li>\n        \n          <a href=\"http://github.com/woto\" class=\"committer\">woto</a>\n        \n        committed\n        <code><a href=\"http://github.com/woto/blog/commit/b52e35a03b549f4882fb91a9d300fa856029295d\">b52e35a</a></code>\n\n        <div class=\"message\">\n          <blockquote>Merge branch \'master\' of github.com:woto/blog into test</blockquote>\n        </div>\n      </li>\n    \n\n    \n    </ul>\n    </div>\n  \n</div>\n\n\n',NULL,'2010-06-02 04:25:43',NULL,23,'2010-06-02 13:27:26','2010-06-02 13:27:26','woto-pushed-to-test-at-wotoblog',0,'woto, blog','--- \n- !ruby/object:Category \n  attributes: \n    name: Github\n    created_at: 2010-06-02 13:27:24\n    updated_at: 2010-06-02 13:27:24\n    lft: \"17\"\n    id: \"23\"\n    parent_id: \n    rgt: \"18\"\n  attributes_cache: {}\n\n'),(84,'woto pushed to master at woto/blog',NULL,'\n\n\n\n\n\n\n<div class=\"details\">\n  \n\n  \n    <div class=\"commits\">\n    <ul>\n    \n      \n      <li>\n        \n          <a href=\"http://github.com/woto\" class=\"committer\">woto</a>\n        \n        committed\n        <code><a href=\"http://github.com/woto/blog/commit/d4a01ed296bec883252e1dda413003f53f1f8f31\">d4a01ed</a></code>\n\n        <div class=\"message\">\n          <blockquote>Улучшена логика работы календаря. Вынесен в свой контроллер</blockquote>\n        </div>\n      </li>\n    \n      \n      <li>\n        \n          <a href=\"http://github.com/woto\" class=\"committer\">woto</a>\n        \n        committed\n        <code><a href=\"http://github.com/woto/blog/commit/b52e35a03b549f4882fb91a9d300fa856029295d\">b52e35a</a></code>\n\n        <div class=\"message\">\n          <blockquote>Merge branch \'master\' of github.com:woto/blog into test</blockquote>\n        </div>\n      </li>\n    \n      \n      <li>\n        \n          <strong><span class=\'committer\'>Руслан</span></strong>\n        \n        committed\n        <code><a href=\"http://github.com/woto/blog/commit/279bd15d5f1a2704cdc284b1d757b8211af93d59\">279bd15</a></code>\n\n        <div class=\"message\">\n          <blockquote>проверка с другого компьютера</blockquote>\n        </div>\n      </li>\n    \n\n    \n    </ul>\n    </div>\n  \n</div>\n\n\n',NULL,'2010-06-02 04:25:42',NULL,23,'2010-06-02 13:27:26','2010-06-02 13:27:26','woto-pushed-to-master-at-wotoblog--3',0,'woto, blog','--- \n- !ruby/object:Category \n  attributes: \n    name: Github\n    created_at: 2010-06-02 13:27:24\n    updated_at: 2010-06-02 13:27:24\n    lft: \"17\"\n    id: \"23\"\n    parent_id: \n    rgt: \"18\"\n  attributes_cache: {}\n\n'),(85,'woto started watching weppos/www-delicious',NULL,'\n<div class=\"details\">\n  \n  <div class=\"message\">\n    \n      www-delicious\'s description:\n      <blockquote>\n        Ruby client for del.icio.us API.\n      </blockquote>\n    \n  </div>\n</div>\n',NULL,'2010-06-02 04:06:34',NULL,23,'2010-06-02 13:27:27','2010-06-02 13:27:27','woto-started-watching-wepposwww-delicious',0,'weppos, www','--- \n- !ruby/object:Category \n  attributes: \n    name: Github\n    created_at: 2010-06-02 13:27:24\n    updated_at: 2010-06-02 13:27:24\n    lft: \"17\"\n    id: \"23\"\n    parent_id: \n    rgt: \"18\"\n  attributes_cache: {}\n\n'),(86,'woto started watching tenderlove/nokogiri',NULL,'\n<div class=\"details\">\n  \n  <div class=\"message\">\n    \n      nokogiri\'s description:\n      <blockquote>\n        Nokogiri (鋸) is an HTML, XML, SAX, and Reader parser with XPath and CSS selector support.\n      </blockquote>\n    \n  </div>\n</div>\n',NULL,'2010-06-02 04:05:29',NULL,23,'2010-06-02 13:27:27','2010-06-02 13:27:27','woto-started-watching-tenderlovenokogiri',0,'tenderlove, nokogiri','--- \n- !ruby/object:Category \n  attributes: \n    name: Github\n    created_at: 2010-06-02 13:27:24\n    updated_at: 2010-06-02 13:27:24\n    lft: \"17\"\n    id: \"23\"\n    parent_id: \n    rgt: \"18\"\n  attributes_cache: {}\n\n'),(87,'woto started watching mloughran/api_cache',NULL,'\n<div class=\"details\">\n  \n  <div class=\"message\">\n    \n      api_cache\'s description:\n      <blockquote>\n        Simple library which makes it easy to add caching to all your external API calls.\n      </blockquote>\n    \n  </div>\n</div>\n',NULL,'2010-06-02 04:04:07',NULL,23,'2010-06-02 13:27:27','2010-06-02 13:27:27','woto-started-watching-mloughranapicache',0,'mloughran, api_cache','--- \n- !ruby/object:Category \n  attributes: \n    name: Github\n    created_at: 2010-06-02 13:27:24\n    updated_at: 2010-06-02 13:27:24\n    lft: \"17\"\n    id: \"23\"\n    parent_id: \n    rgt: \"18\"\n  attributes_cache: {}\n\n'),(88,'woto pushed to master at woto/blog',NULL,'\n\n\n\n\n\n\n<div class=\"details\">\n  \n\n  \n    <div class=\"commits\">\n    <ul>\n    \n      \n      <li>\n        \n          <a href=\"http://github.com/woto\" class=\"committer\">woto</a>\n        \n        committed\n        <code><a href=\"http://github.com/woto/blog/commit/b1c757f75fe7e240e0db02894697c2561f360b3b\">b1c757f</a></code>\n\n        <div class=\"message\">\n          <blockquote>.</blockquote>\n        </div>\n      </li>\n    \n\n    \n    </ul>\n    </div>\n  \n</div>\n\n\n',NULL,'2010-06-01 10:58:34',NULL,23,'2010-06-02 13:27:28','2010-06-02 13:27:28','woto-pushed-to-master-at-wotoblog--4',0,'woto, blog','--- \n- !ruby/object:Category \n  attributes: \n    name: Github\n    created_at: 2010-06-02 13:27:24\n    updated_at: 2010-06-02 13:27:24\n    lft: \"17\"\n    id: \"23\"\n    parent_id: \n    rgt: \"18\"\n  attributes_cache: {}\n\n'),(89,'woto created branch test at woto/blog',NULL,'\n\n\n\n\n\n<div class=\"details\">\n  \n  <div class=\"message\">\n    \n      New branch is at\n      <a href=\"http://github.com/woto/blog/tree/test\">woto/blog/tree/test</a>\n      \n        <br/>\n        <a href=\"http://github.com/woto/blog/compare/test\" class=\"compare-link\">Compare test branch with master &raquo;</a>\n      \n    \n  </div>\n</div>\n',NULL,'2010-06-01 10:53:29',NULL,23,'2010-06-02 13:27:28','2010-06-02 13:27:28','woto-created-branch-test-at-wotoblog',0,'woto, blog','--- \n- !ruby/object:Category \n  attributes: \n    name: Github\n    created_at: 2010-06-02 13:27:24\n    updated_at: 2010-06-02 13:27:24\n    lft: \"17\"\n    id: \"23\"\n    parent_id: \n    rgt: \"18\"\n  attributes_cache: {}\n\n'),(90,'woto pushed to master at woto/blog',NULL,'\n\n\n\n\n\n\n<div class=\"details\">\n  \n\n  \n    <div class=\"commits\">\n    <ul>\n    \n      \n      <li>\n        \n          <a href=\"http://github.com/woto\" class=\"committer\">woto</a>\n        \n        committed\n        <code><a href=\"http://github.com/woto/blog/commit/ef2cb9921abcab666d3098f8d0af0a8743855305\">ef2cb99</a></code>\n\n        <div class=\"message\">\n          <blockquote>1. Добавлены разметочные контроллеры Обратная связь и Обо мне<br>\n2. Сделано установление параметров публикации при переходе на страницу<br>\nпубликации с включенными фильтрами<br>\n3. Улучшено отображение тегов Популярные теги и Родственные теги<br>\n4. Теперь при удалении категории cached_category и постов корректно<br>\nочищается<br>\n5. Поправлен баг с обновлением категории при публикации (про fields_for)<br>\n6. Добавлена менюшка для связного перехода с учетом фильтров<br>\nсвязного перехода с учетом фильтров</blockquote>\n        </div>\n      </li>\n    \n\n    \n    </ul>\n    </div>\n  \n</div>\n\n\n',NULL,'2010-06-01 10:01:37',NULL,23,'2010-06-02 13:27:28','2010-06-02 13:27:28','woto-pushed-to-master-at-wotoblog--5',0,'woto, blog','--- \n- !ruby/object:Category \n  attributes: \n    name: Github\n    created_at: 2010-06-02 13:27:24\n    updated_at: 2010-06-02 13:27:24\n    lft: \"17\"\n    id: \"23\"\n    parent_id: \n    rgt: \"18\"\n  attributes_cache: {}\n\n'),(91,'woto pushed to master at woto/blog',NULL,'\n\n\n\n\n\n\n<div class=\"details\">\n  \n\n  \n    <div class=\"commits\">\n    <ul>\n    \n      \n      <li>\n        \n          <a href=\"http://github.com/woto\" class=\"committer\">woto</a>\n        \n        committed\n        <code><a href=\"http://github.com/woto/blog/commit/a142535af1e1ef82fdfdfa1426a9957db3bdd301\">a142535</a></code>\n\n        <div class=\"message\">\n          <blockquote>1. Улучшен дизайн<br>\n2. Постепенный переход на haml<br>\n3. Поправлена обработка категорий при публикации и изменении поста<br>\nТут отказался от подтверждения при не сохраненной странице из-за бага в<br>\nchrome с onbeforeunload</blockquote>\n        </div>\n      </li>\n    \n\n    \n    </ul>\n    </div>\n  \n</div>\n\n\n',NULL,'2010-06-01 09:07:23',NULL,23,'2010-06-02 13:27:29','2010-06-02 13:27:29','woto-pushed-to-master-at-wotoblog--6',0,'woto, blog','--- \n- !ruby/object:Category \n  attributes: \n    name: Github\n    created_at: 2010-06-02 13:27:24\n    updated_at: 2010-06-02 13:27:24\n    lft: \"17\"\n    id: \"23\"\n    parent_id: \n    rgt: \"18\"\n  attributes_cache: {}\n\n'),(92,'woto pushed to master at woto/blog',NULL,'\n\n\n\n\n\n\n<div class=\"details\">\n  \n\n  \n    <div class=\"commits\">\n    <ul>\n    \n      \n      <li>\n        \n          <a href=\"http://github.com/woto\" class=\"committer\">woto</a>\n        \n        committed\n        <code><a href=\"http://github.com/woto/blog/commit/11815ca2dd8599b77fec3a940d8bf7d879e03825\">11815ca</a></code>\n\n        <div class=\"message\">\n          <blockquote>Сделано сделал менюшки для связного брождения по сайту, улучшен дизайн</blockquote>\n        </div>\n      </li>\n    \n      \n      <li>\n        \n          <a href=\"http://github.com/woto\" class=\"committer\">woto</a>\n        \n        committed\n        <code><a href=\"http://github.com/woto/blog/commit/3544f374b8015867803accc39c6132414d8b0c8f\">3544f37</a></code>\n\n        <div class=\"message\">\n          <blockquote>Добавлен в игнор скомпилированные compass\'ом стили</blockquote>\n        </div>\n      </li>\n    \n      \n      <li>\n        \n          <a href=\"http://github.com/woto\" class=\"committer\">woto</a>\n        \n        committed\n        <code><a href=\"http://github.com/woto/blog/commit/fd04c0480881c65593478a6e0ef283266a8eccd4\">fd04c04</a></code>\n\n        <div class=\"message\">\n          <blockquote>Локализовал formtastic, улучшен post view, и работа с iframe</blockquote>\n        </div>\n      </li>\n    \n      \n      <li>\n        \n          <a href=\"http://github.com/woto\" class=\"committer\">woto</a>\n        \n        committed\n        <code><a href=\"http://github.com/woto/blog/commit/2bf9513cfeced242bda4c6f030e6a44231705d5b\">2bf9513</a></code>\n\n        <div class=\"message\">\n          <blockquote>.</blockquote>\n        </div>\n      </li>\n    \n      \n      <li>\n        \n          <a href=\"http://github.com/woto\" class=\"committer\">woto</a>\n        \n        committed\n        <code><a href=\"http://github.com/woto/blog/commit/8c72781b1f6b9ffe6787978a2ac5e053e6e8adeb\">8c72781</a></code>\n\n        <div class=\"message\">\n          <blockquote>.</blockquote>\n        </div>\n      </li>\n    \n      \n      <li>\n        \n          <a href=\"http://github.com/woto\" class=\"committer\">woto</a>\n        \n        committed\n        <code><a href=\"http://github.com/woto/blog/commit/156efc12a32d30cd49d490d850e563472d4e2331\">156efc1</a></code>\n\n        <div class=\"message\">\n          <blockquote>.</blockquote>\n        </div>\n      </li>\n    \n      \n      <li>\n        \n          <a href=\"http://github.com/woto\" class=\"committer\">woto</a>\n        \n        committed\n        <code><a href=\"http://github.com/woto/blog/commit/cf33c79a60747da582c294d544f94fc329e6e861\">cf33c79</a></code>\n\n        <div class=\"message\">\n          <blockquote>1. Удалены compass, haml<br>\n2. Много чего сделано, в принципе тут впервые вырисовался новый дизайн.<br>\nСделан iframe, разобраться с render :..., :layout =&gt; iframe (?)<br>\n3. Удалены api_cache, formtastic, mobile_fu, nokogiri, octopi,<br>\nvalidation_reflection, www-delicious<br>\n<br>\nБезусловно formtastic и validation_reflection хорошо, но для более<br>\nчеткого контроля они не очень подходят.</blockquote>\n        </div>\n      </li>\n    \n      \n      <li>\n        \n          <a href=\"http://github.com/woto\" class=\"committer\">woto</a>\n        \n        committed\n        <code><a href=\"http://github.com/woto/blog/commit/b85c2dc77f4f1c5063dbfb42df7bca273b03fb27\">b85c2dc</a></code>\n\n        <div class=\"message\">\n          <blockquote>Переделал управление категориями при добалении поста</blockquote>\n        </div>\n      </li>\n    \n      \n      <li>\n        \n          <a href=\"http://github.com/woto\" class=\"committer\">woto</a>\n        \n        committed\n        <code><a href=\"http://github.com/woto/blog/commit/560f90e2a0270c05d383f1d415ec3f7a6ef129e8\">560f90e</a></code>\n\n        <div class=\"message\">\n          <blockquote>Промежуточный коммит</blockquote>\n        </div>\n      </li>\n    \n      \n      <li>\n        \n          <a href=\"http://github.com/woto\" class=\"committer\">woto</a>\n        \n        committed\n        <code><a href=\"http://github.com/woto/blog/commit/314f0bdc9f6215046bbdd8bbd2ec45060a6905ba\">314f0bd</a></code>\n\n        <div class=\"message\">\n          <blockquote>сделал наметки с нормальным автозаполнением</blockquote>\n        </div>\n      </li>\n    \n      \n      <li>\n        \n          <a href=\"http://github.com/woto\" class=\"committer\">woto</a>\n        \n        committed\n        <code><a href=\"http://github.com/woto/blog/commit/5c12a5a2f5c32dcde28caf8dc688c6059ddd2240\">5c12a5a</a></code>\n\n        <div class=\"message\">\n          <blockquote>.</blockquote>\n        </div>\n      </li>\n    \n      \n      <li>\n        \n          <a href=\"http://github.com/woto\" class=\"committer\">woto</a>\n        \n        committed\n        <code><a href=\"http://github.com/woto/blog/commit/b88d5747f895105c818319b55c1a13897ca28d12\">b88d574</a></code>\n\n        <div class=\"message\">\n          <blockquote>В процессе</blockquote>\n        </div>\n      </li>\n    \n      \n      <li>\n        \n          <a href=\"http://github.com/woto\" class=\"committer\">woto</a>\n        \n        committed\n        <code><a href=\"http://github.com/woto/blog/commit/f01cd3c3df0d341478c77a64b2ecc711995ae9d7\">f01cd3c</a></code>\n\n        <div class=\"message\">\n          <blockquote>Перевел на новый календарь</blockquote>\n        </div>\n      </li>\n    \n      \n      <li>\n        \n          <a href=\"http://github.com/woto\" class=\"committer\">woto</a>\n        \n        committed\n        <code><a href=\"http://github.com/woto/blog/commit/dfdc41c52c0828b3eb317ebf1fc3292347d74503\">dfdc41c</a></code>\n\n        <div class=\"message\">\n          <blockquote>Промежуточный коммит</blockquote>\n        </div>\n      </li>\n    \n      \n      <li>\n        \n          <a href=\"http://github.com/woto\" class=\"committer\">woto</a>\n        \n        committed\n        <code><a href=\"http://github.com/woto/blog/commit/2cf28d43020bafb2a4afbb1e0653f94f0c4efaf3\">2cf28d4</a></code>\n\n        <div class=\"message\">\n          <blockquote>Поправлен Предпросмотр при редактировании, поправлен стиль Предпросмотра, улучшено отображение поста в списке за счет Post.intro</blockquote>\n        </div>\n      </li>\n    \n\n    \n    </ul>\n    </div>\n  \n</div>\n\n\n',NULL,'2010-05-30 21:51:27',NULL,23,'2010-06-02 13:27:29','2010-06-02 13:27:29','woto-pushed-to-master-at-wotoblog--7',0,'woto, blog','--- \n- !ruby/object:Category \n  attributes: \n    name: Github\n    created_at: 2010-06-02 13:27:24\n    updated_at: 2010-06-02 13:27:24\n    lft: \"17\"\n    id: \"23\"\n    parent_id: \n    rgt: \"18\"\n  attributes_cache: {}\n\n'),(93,'woto started watching ry/node',NULL,'\n<div class=\"details\">\n  \n  <div class=\"message\">\n    \n      node\'s description:\n      <blockquote>\n        evented I/O for v8 javascript\n      </blockquote>\n    \n  </div>\n</div>\n',NULL,'2010-05-28 07:44:44',NULL,23,'2010-06-02 13:27:30','2010-06-02 13:27:30','woto-started-watching-rynode',0,'ry, node','--- \n- !ruby/object:Category \n  attributes: \n    name: Github\n    created_at: 2010-06-02 13:27:24\n    updated_at: 2010-06-02 13:27:24\n    lft: \"17\"\n    id: \"23\"\n    parent_id: \n    rgt: \"18\"\n  attributes_cache: {}\n\n'),(94,'woto started watching mreinsch/auto_complete_jquery',NULL,'\n<div class=\"details\">\n  \n  <div class=\"message\">\n    \n      auto_complete_jquery\'s description:\n      <blockquote>\n        Rails plugin for auto_complete with jQuery instead of Prototype/Scriptaculous\n      </blockquote>\n    \n  </div>\n</div>\n',NULL,'2010-05-27 11:40:26',NULL,23,'2010-06-02 13:27:30','2010-06-02 13:27:30','woto-started-watching-mreinschautocompletejquery',0,'mreinsch, auto_complete_jquery','--- \n- !ruby/object:Category \n  attributes: \n    name: Github\n    created_at: 2010-06-02 13:27:24\n    updated_at: 2010-06-02 13:27:24\n    lft: \"17\"\n    id: \"23\"\n    parent_id: \n    rgt: \"18\"\n  attributes_cache: {}\n\n'),(95,'woto started watching cainlevy/components',NULL,'\n<div class=\"details\">\n  \n  <div class=\"message\">\n    \n      components\'s description:\n      <blockquote>\n        Rails components with inheritable views, caching, and good encapsulation.\n      </blockquote>\n    \n  </div>\n</div>\n',NULL,'2010-05-27 06:31:34',NULL,23,'2010-06-02 13:27:30','2010-06-02 13:27:30','woto-started-watching-cainlevycomponents',0,'cainlevy, components','--- \n- !ruby/object:Category \n  attributes: \n    name: Github\n    created_at: 2010-06-02 13:27:24\n    updated_at: 2010-06-02 13:27:24\n    lft: \"17\"\n    id: \"23\"\n    parent_id: \n    rgt: \"18\"\n  attributes_cache: {}\n\n'),(96,'woto started watching cainlevy/components',NULL,'\n<div class=\"details\">\n  \n  <div class=\"message\">\n    \n      components\'s description:\n      <blockquote>\n        Rails components with inheritable views, caching, and good encapsulation.\n      </blockquote>\n    \n  </div>\n</div>\n',NULL,'2010-05-27 05:18:07',NULL,23,'2010-06-02 13:27:31','2010-06-02 13:27:31','woto-started-watching-cainlevycomponents--2',0,'cainlevy, components','--- \n- !ruby/object:Category \n  attributes: \n    name: Github\n    created_at: 2010-06-02 13:27:24\n    updated_at: 2010-06-02 13:27:24\n    lft: \"17\"\n    id: \"23\"\n    parent_id: \n    rgt: \"18\"\n  attributes_cache: {}\n\n'),(97,'woto started watching neocoin/jrails',NULL,'\n<div class=\"details\">\n  \n  <div class=\"message\">\n    \n      jrails\'s description:\n      <blockquote>\n        jRails is a drop-in jQuery replacement for Prototype/script.aculo.us on Rails. Using jRails, you can get all of the same default Rails helpers for javascript functionality using the lighter jQuery library.\n      </blockquote>\n    \n  </div>\n</div>\n',NULL,'2010-05-27 03:01:43',NULL,23,'2010-06-02 13:27:31','2010-06-02 13:27:31','woto-started-watching-neocoinjrails',0,'neocoin, jrails','--- \n- !ruby/object:Category \n  attributes: \n    name: Github\n    created_at: 2010-06-02 13:27:24\n    updated_at: 2010-06-02 13:27:24\n    lft: \"17\"\n    id: \"23\"\n    parent_id: \n    rgt: \"18\"\n  attributes_cache: {}\n\n'),(98,'woto pushed to master at woto/blog',NULL,'\n\n\n\n\n\n\n<div class=\"details\">\n  \n\n  \n    <div class=\"commits\">\n    <ul>\n    \n      \n      <li>\n        \n          <a href=\"http://github.com/woto\" class=\"committer\">woto</a>\n        \n        committed\n        <code><a href=\"http://github.com/woto/blog/commit/45b0504d151281770c1e8760a4b17fe93acb0595\">45b0504</a></code>\n\n        <div class=\"message\">\n          <blockquote>Добавлен \'Предпросмотр\', добавлен дамп с моими данными чтобы интересней<br>\nбыло работать :)</blockquote>\n        </div>\n      </li>\n    \n      \n      <li>\n        \n          <a href=\"http://github.com/woto\" class=\"committer\">woto</a>\n        \n        committed\n        <code><a href=\"http://github.com/woto/blog/commit/cc1e5092d63549e56d8d94ebb394bc90e6b7c5a8\">cc1e509</a></code>\n\n        <div class=\"message\">\n          <blockquote>Добавлен стиль ajax к ссылкам &quot;Создать новую категорию&quot; и &quot;Выбрать имеющуюся&quot; когда-нибудь переделаю на lightbox. Когда будет ясно как грамотно работать с jQuery в Rails</blockquote>\n        </div>\n      </li>\n    \n      \n      <li>\n        \n          <a href=\"http://github.com/woto\" class=\"committer\">woto</a>\n        \n        committed\n        <code><a href=\"http://github.com/woto/blog/commit/4676702ab1df0bdb15607a30a74cbb734a9eda01\">4676702</a></code>\n\n        <div class=\"message\">\n          <blockquote>Изменено и отлажено приветствие при входе на сайт. Логика такая:<br>\n1. При регистрации или использовании rpx аутентификация сохраняется до<br>\nзакрытия браузера<br>\n2. В остальных случаях ведет себя предсказуемо (в зависимости от<br>\nпоставленной птички &quot;Запомнить меня&quot;)</blockquote>\n        </div>\n      </li>\n    \n\n    \n    </ul>\n    </div>\n  \n</div>\n\n\n',NULL,'2010-05-27 00:23:56',NULL,23,'2010-06-02 13:27:32','2010-06-02 13:27:32','woto-pushed-to-master-at-wotoblog--8',0,'woto, blog','--- \n- !ruby/object:Category \n  attributes: \n    name: Github\n    created_at: 2010-06-02 13:27:24\n    updated_at: 2010-06-02 13:27:24\n    lft: \"17\"\n    id: \"23\"\n    parent_id: \n    rgt: \"18\"\n  attributes_cache: {}\n\n'),(99,'woto pushed to master at woto/blog',NULL,'\n\n\n\n\n\n\n<div class=\"details\">\n  \n\n  \n    <div class=\"commits\">\n    <ul>\n    \n      \n      <li>\n        \n          <a href=\"http://github.com/woto\" class=\"committer\">woto</a>\n        \n        committed\n        <code><a href=\"http://github.com/woto/blog/commit/362695a3ba869928555cb838033a39693935b65c\">362695a</a></code>\n\n        <div class=\"message\">\n          <blockquote>Разобрался с cached_category - проблемой когда при сохранении/изменении поста не сохранялся кешированный путь категории</blockquote>\n        </div>\n      </li>\n    \n      \n      <li>\n        \n          <a href=\"http://github.com/woto\" class=\"committer\">woto</a>\n        \n        committed\n        <code><a href=\"http://github.com/woto/blog/commit/726da1cfacfa00114e96b9a91a8e777962bab4bf\">726da1c</a></code>\n\n        <div class=\"message\">\n          <blockquote>Сделал при публикации поста выбор из имеющейся категории или создание новой. Имеется маленькая проблема с кешированным полем категории</blockquote>\n        </div>\n      </li>\n    \n      \n      <li>\n        \n          <a href=\"http://github.com/woto\" class=\"committer\">woto</a>\n        \n        committed\n        <code><a href=\"http://github.com/woto/blog/commit/5ceaf16f2419a1980ae4ce1220cf9e8fc27b3833\">5ceaf16</a></code>\n\n        <div class=\"message\">\n          <blockquote>Вынесены в хелперы список категорий и фильтры. Добавлен mobile_fu</blockquote>\n        </div>\n      </li>\n    \n\n    \n    </ul>\n    </div>\n  \n</div>\n\n\n',NULL,'2010-05-25 22:33:46',NULL,23,'2010-06-02 13:27:32','2010-06-02 13:27:32','woto-pushed-to-master-at-wotoblog--9',0,'woto, blog','--- \n- !ruby/object:Category \n  attributes: \n    name: Github\n    created_at: 2010-06-02 13:27:24\n    updated_at: 2010-06-02 13:27:24\n    lft: \"17\"\n    id: \"23\"\n    parent_id: \n    rgt: \"18\"\n  attributes_cache: {}\n\n'),(100,'woto started watching inaturalist/inaturalist',NULL,'\n<div class=\"details\">\n  \n  <div class=\"message\">\n    \n      inaturalist\'s description:\n      <blockquote>\n        The Rails app behind iNaturalist.org\n      </blockquote>\n    \n  </div>\n</div>\n',NULL,'2010-05-24 10:38:52',NULL,23,'2010-06-02 13:27:32','2010-06-02 13:27:32','woto-started-watching-inaturalistinaturalist',0,'inaturalist','--- \n- !ruby/object:Category \n  attributes: \n    name: Github\n    created_at: 2010-06-02 13:27:24\n    updated_at: 2010-06-02 13:27:24\n    lft: \"17\"\n    id: \"23\"\n    parent_id: \n    rgt: \"18\"\n  attributes_cache: {}\n\n'),(101,'woto started watching brentmc79/brentmc79.com',NULL,'\n<div class=\"details\">\n  \n  <div class=\"message\">\n    \n      brentmc79.com\'s description:\n      <blockquote>\n        My latest bloggin app which attempts to aggregate all (or most) of my social media.  So far it includes my Twitter feed, Tumblr log, Flickr photostream, and Github projects.\n      </blockquote>\n    \n  </div>\n</div>\n',NULL,'2010-05-24 10:37:28',NULL,23,'2010-06-02 13:27:33','2010-06-02 13:27:33','woto-started-watching-brentmc79brentmc79com',0,'brentmc79','--- \n- !ruby/object:Category \n  attributes: \n    name: Github\n    created_at: 2010-06-02 13:27:24\n    updated_at: 2010-06-02 13:27:24\n    lft: \"17\"\n    id: \"23\"\n    parent_id: \n    rgt: \"18\"\n  attributes_cache: {}\n\n'),(102,'woto started watching extension/darmok',NULL,'\n<div class=\"details\">\n  \n  <div class=\"message\">\n    \n      darmok\'s description:\n      <blockquote>\n        The eXtension Public Site, People, Search, and Ask an Expert application.\n      </blockquote>\n    \n  </div>\n</div>\n',NULL,'2010-05-24 10:36:11',NULL,23,'2010-06-02 13:27:33','2010-06-02 13:27:33','woto-started-watching-extensiondarmok',0,'extension, darmok','--- \n- !ruby/object:Category \n  attributes: \n    name: Github\n    created_at: 2010-06-02 13:27:24\n    updated_at: 2010-06-02 13:27:24\n    lft: \"17\"\n    id: \"23\"\n    parent_id: \n    rgt: \"18\"\n  attributes_cache: {}\n\n'),(103,'woto pushed to master at woto/who-uses-that-plugin',NULL,'\n\n\n\n\n\n\n<div class=\"details\">\n  \n\n  \n    <div class=\"commits\">\n    <ul>\n    \n      \n      <li>\n        \n          <a href=\"http://github.com/woto\" class=\"committer\">woto</a>\n        \n        committed\n        <code><a href=\"http://github.com/woto/who-uses-that-plugin/commit/6fdfe6972a56dcc62db5b09d3e594bdecaf5b854\">6fdfe69</a></code>\n\n        <div class=\"message\">\n          <blockquote>Добавил список проектов которые в той или иной мере меня заинтересовали</blockquote>\n        </div>\n      </li>\n    \n\n    \n    </ul>\n    </div>\n  \n</div>\n\n\n',NULL,'2010-05-22 23:22:00',NULL,23,'2010-06-02 13:27:33','2010-06-02 13:27:33','woto-pushed-to-master-at-wotowho-uses-that-plugin',3,'woto, who','--- \n- !ruby/object:Category \n  attributes: \n    name: Github\n    created_at: 2010-06-02 13:27:24\n    updated_at: 2010-06-02 13:27:24\n    lft: \"17\"\n    id: \"23\"\n    parent_id: \n    rgt: \"18\"\n  attributes_cache: {}\n\n'),(104,'woto pushed to master at woto/who-uses-that-plugin',NULL,'\n\n\n\n\n\n\n<div class=\"details\">\n  \n\n  \n    <div class=\"commits\">\n    <ul>\n    \n      \n      <li>\n        \n          <a href=\"http://github.com/woto\" class=\"committer\">woto</a>\n        \n        committed\n        <code><a href=\"http://github.com/woto/who-uses-that-plugin/commit/45fb5f08d6b11cd20a0a5a4a5c2ac73c7892722c\">45fb5f0</a></code>\n\n        <div class=\"message\">\n          <blockquote>приписка к todo</blockquote>\n        </div>\n      </li>\n    \n\n    \n    </ul>\n    </div>\n  \n</div>\n\n\n',NULL,'2010-05-22 23:01:42',NULL,23,'2010-06-02 13:27:34','2010-06-02 13:27:34','woto-pushed-to-master-at-wotowho-uses-that-plugin--2',0,'woto, who','--- \n- !ruby/object:Category \n  attributes: \n    name: Github\n    created_at: 2010-06-02 13:27:24\n    updated_at: 2010-06-02 13:27:24\n    lft: \"17\"\n    id: \"23\"\n    parent_id: \n    rgt: \"18\"\n  attributes_cache: {}\n\n'),(105,'woto created branch master at woto/who-uses-that-plugin',NULL,'\n\n\n\n\n\n<div class=\"details\">\n  \n  <div class=\"message\">\n    \n      New branch is at\n      <a href=\"http://github.com/woto/who-uses-that-plugin/tree/master\">woto/who-uses-that-plugin/tree/master</a>\n      \n        <br/>\n        <a href=\"http://github.com/woto/who-uses-that-plugin/compare/master\" class=\"compare-link\">Compare master branch with master &raquo;</a>\n      \n    \n  </div>\n</div>\n',NULL,'2010-05-22 22:54:39',NULL,23,'2010-06-02 13:27:34','2010-06-02 13:27:34','woto-created-branch-master-at-wotowho-uses-that-plugin',0,'woto, who','--- \n- !ruby/object:Category \n  attributes: \n    name: Github\n    created_at: 2010-06-02 13:27:24\n    updated_at: 2010-06-02 13:27:24\n    lft: \"17\"\n    id: \"23\"\n    parent_id: \n    rgt: \"18\"\n  attributes_cache: {}\n\n'),(106,'woto created repository who-uses-that-plugin',NULL,'\n\n\n\n\n\n<div class=\"details\">\n  \n  <div class=\"message\">\n    \n      Проект по сбору информации о rails проектах и используемых ими gem\'ов и plugin\'ов с github\'а\n    \n  </div>\n</div>\n',NULL,'2010-05-22 22:53:46',NULL,23,'2010-06-02 13:27:35','2010-06-02 13:27:35','woto-created-repository-who-uses-that-plugin',0,'woto, who','--- \n- !ruby/object:Category \n  attributes: \n    name: Github\n    created_at: 2010-06-02 13:27:24\n    updated_at: 2010-06-02 13:27:24\n    lft: \"17\"\n    id: \"23\"\n    parent_id: \n    rgt: \"18\"\n  attributes_cache: {}\n\n'),(107,'woto pushed to master at woto/blog',NULL,'\n\n\n\n\n\n\n<div class=\"details\">\n  \n\n  \n    <div class=\"commits\">\n    <ul>\n    \n      \n      <li>\n        \n          <a href=\"http://github.com/woto\" class=\"committer\">woto</a>\n        \n        committed\n        <code><a href=\"http://github.com/woto/blog/commit/8c854b2326d05d3e290366eb26690712db716cc9\">8c854b2</a></code>\n\n        <div class=\"message\">\n          <blockquote>Добавлено и использовано cached_category для posts, с callback\'ами при создании или обновлении</blockquote>\n        </div>\n      </li>\n    \n      \n      <li>\n        \n          <strong><span class=\'committer\'>Руслан</span></strong>\n        \n        committed\n        <code><a href=\"http://github.com/woto/blog/commit/87efb0209da52b32d474d407c8c537dc2ff5ddc5\">87efb02</a></code>\n\n        <div class=\"message\">\n          <blockquote>Добавил ради эксперимента sprockets</blockquote>\n        </div>\n      </li>\n    \n\n    \n    </ul>\n    </div>\n  \n</div>\n\n\n',NULL,'2010-05-20 20:15:11',NULL,23,'2010-06-02 13:27:35','2010-06-02 13:27:35','woto-pushed-to-master-at-wotoblog--10',0,'woto, blog','--- \n- !ruby/object:Category \n  attributes: \n    name: Github\n    created_at: 2010-06-02 13:27:24\n    updated_at: 2010-06-02 13:27:24\n    lft: \"17\"\n    id: \"23\"\n    parent_id: \n    rgt: \"18\"\n  attributes_cache: {}\n\n'),(108,'woto pushed to cache_js_and_css_assets at woto/blog',NULL,'\n\n\n\n\n\n\n<div class=\"details\">\n  \n\n  \n    <div class=\"commits\">\n    <ul>\n    \n      \n      <li>\n        \n          <a href=\"http://github.com/woto\" class=\"committer\">woto</a>\n        \n        committed\n        <code><a href=\"http://github.com/woto/blog/commit/8c854b2326d05d3e290366eb26690712db716cc9\">8c854b2</a></code>\n\n        <div class=\"message\">\n          <blockquote>Добавлено и использовано cached_category для posts, с callback\'ами при создании или обновлении</blockquote>\n        </div>\n      </li>\n    \n\n    \n    </ul>\n    </div>\n  \n</div>\n\n\n',NULL,'2010-05-20 20:15:11',NULL,23,'2010-06-02 13:27:35','2010-06-02 13:27:35','woto-pushed-to-cachejsandcssassets-at-wotoblog',0,'woto, blog','--- \n- !ruby/object:Category \n  attributes: \n    name: Github\n    created_at: 2010-06-02 13:27:24\n    updated_at: 2010-06-02 13:27:24\n    lft: \"17\"\n    id: \"23\"\n    parent_id: \n    rgt: \"18\"\n  attributes_cache: {}\n\n'),(109,'woto pushed to cache_js_and_css_assets at woto/blog',NULL,'\n\n\n\n\n\n\n<div class=\"details\">\n  \n\n  \n    <div class=\"commits\">\n    <ul>\n    \n      \n      <li>\n        \n          <strong><span class=\'committer\'>Руслан</span></strong>\n        \n        committed\n        <code><a href=\"http://github.com/woto/blog/commit/87efb0209da52b32d474d407c8c537dc2ff5ddc5\">87efb02</a></code>\n\n        <div class=\"message\">\n          <blockquote>Добавил ради эксперимента sprockets</blockquote>\n        </div>\n      </li>\n    \n\n    \n    </ul>\n    </div>\n  \n</div>\n\n\n',NULL,'2010-05-19 17:19:46',NULL,23,'2010-06-02 13:27:36','2010-06-02 13:27:36','woto-pushed-to-cachejsandcssassets-at-wotoblog--2',0,'woto, blog','--- \n- !ruby/object:Category \n  attributes: \n    name: Github\n    created_at: 2010-06-02 13:27:24\n    updated_at: 2010-06-02 13:27:24\n    lft: \"17\"\n    id: \"23\"\n    parent_id: \n    rgt: \"18\"\n  attributes_cache: {}\n\n'),(110,'woto created branch cache_js_and_css_assets at woto/blog',NULL,'\n\n\n\n\n\n<div class=\"details\">\n  \n  <div class=\"message\">\n    \n      New branch is at\n      <a href=\"http://github.com/woto/blog/tree/cache_js_and_css_assets\">woto/blog/tree/cache_js_and_css_assets</a>\n      \n        <br/>\n        <a href=\"http://github.com/woto/blog/compare/cache_js_and_css_assets\" class=\"compare-link\">Compare cache_js_and_css_assets branch with master &raquo;</a>\n      \n    \n  </div>\n</div>\n',NULL,'2010-05-19 17:18:42',NULL,23,'2010-06-02 13:27:36','2010-06-02 13:27:36','woto-created-branch-cachejsandcssassets-at-wotoblog',0,'woto, blog','--- \n- !ruby/object:Category \n  attributes: \n    name: Github\n    created_at: 2010-06-02 13:27:24\n    updated_at: 2010-06-02 13:27:24\n    lft: \"17\"\n    id: \"23\"\n    parent_id: \n    rgt: \"18\"\n  attributes_cache: {}\n\n'),(111,'woto started watching sstephenson/sprockets-rails',NULL,'\n<div class=\"details\">\n  \n  <div class=\"message\">\n    \n      sprockets-rails\'s description:\n      <blockquote>\n        Sprockets JavaScript dependency management and concatenation support for Rails applications\n      </blockquote>\n    \n  </div>\n</div>\n',NULL,'2010-05-19 02:06:17',NULL,23,'2010-06-02 13:27:36','2010-06-02 13:27:36','woto-started-watching-sstephensonsprockets-rails',0,'sstephenson, sprockets','--- \n- !ruby/object:Category \n  attributes: \n    name: Github\n    created_at: 2010-06-02 13:27:24\n    updated_at: 2010-06-02 13:27:24\n    lft: \"17\"\n    id: \"23\"\n    parent_id: \n    rgt: \"18\"\n  attributes_cache: {}\n\n'),(112,'woto started watching carlhuda/bundler',NULL,'\n<div class=\"details\">\n  \n  <div class=\"message\">\n    \n      bundler\'s description:\n      <blockquote>\n        Manage your application\'s gem dependencies with less pain\n      </blockquote>\n    \n  </div>\n</div>\n',NULL,'2010-05-19 01:44:24',NULL,23,'2010-06-02 13:27:37','2010-06-02 13:27:37','woto-started-watching-carlhudabundler',0,'carlhuda, bundler','--- \n- !ruby/object:Category \n  attributes: \n    name: Github\n    created_at: 2010-06-02 13:27:24\n    updated_at: 2010-06-02 13:27:24\n    lft: \"17\"\n    id: \"23\"\n    parent_id: \n    rgt: \"18\"\n  attributes_cache: {}\n\n'),(113,'woto started watching reinh/jquery-autocomplete',NULL,'\n<div class=\"details\">\n  \n  <div class=\"message\">\n    \n      jquery-autocomplete\'s description:\n      <blockquote>\n        jQuery Autocomplete plugin\n      </blockquote>\n    \n  </div>\n</div>\n',NULL,'2010-05-19 00:34:17',NULL,23,'2010-06-02 13:27:37','2010-06-02 13:27:37','woto-started-watching-reinhjquery-autocomplete',0,'reinh, jquery','--- \n- !ruby/object:Category \n  attributes: \n    name: Github\n    created_at: 2010-06-02 13:27:24\n    updated_at: 2010-06-02 13:27:24\n    lft: \"17\"\n    id: \"23\"\n    parent_id: \n    rgt: \"18\"\n  attributes_cache: {}\n\n'),(114,'woto started watching FooBarWidget/money',NULL,'\n<div class=\"details\">\n  \n  <div class=\"message\">\n    \n      money\'s description:\n      <blockquote>\n        Library for dealing with money and currency conversion\n      </blockquote>\n    \n  </div>\n</div>\n',NULL,'2010-05-19 00:18:03',NULL,23,'2010-06-02 13:27:38','2010-06-02 13:27:38','woto-started-watching-foobarwidgetmoney',0,'FooBarWidget, money','--- \n- !ruby/object:Category \n  attributes: \n    name: Github\n    created_at: 2010-06-02 13:27:24\n    updated_at: 2010-06-02 13:27:24\n    lft: \"17\"\n    id: \"23\"\n    parent_id: \n    rgt: \"18\"\n  attributes_cache: {}\n\n'),(115,'woto started watching insoshi/insoshi',NULL,'\n<div class=\"details\">\n  \n  <div class=\"message\">\n    \n      insoshi\'s description:\n      <blockquote>\n        An open source social networking platform in Ruby on Rails\n      </blockquote>\n    \n  </div>\n</div>\n',NULL,'2010-05-18 13:48:26',NULL,23,'2010-06-02 13:27:38','2010-06-02 13:27:38','woto-started-watching-insoshiinsoshi',0,'insoshi','--- \n- !ruby/object:Category \n  attributes: \n    name: Github\n    created_at: 2010-06-02 13:27:24\n    updated_at: 2010-06-02 13:27:24\n    lft: \"17\"\n    id: \"23\"\n    parent_id: \n    rgt: \"18\"\n  attributes_cache: {}\n\n'),(116,'Moodle.org: open-source community-based tools for learning',NULL,'.          ',NULL,'2010-06-01 19:51:42',NULL,24,'2010-06-02 13:46:21','2010-06-02 13:46:21','moodleorg-open-source-community-based-tools-for-learning',0,'opensource, php, learning','--- \n- !ruby/object:Category \n  attributes: \n    name: Delicious\n    created_at: 2010-06-02 13:35:47\n    updated_at: 2010-06-02 13:35:47\n    lft: \"19\"\n    id: \"24\"\n    parent_id: \n    rgt: \"20\"\n  attributes_cache: {}\n\n'),(117,'IE NetRenderer - Browser Compatibility Check - 89.178.236.86:3000/posts/search/',NULL,'.          ',NULL,'2010-05-30 05:06:54',NULL,24,'2010-06-02 13:46:22','2010-06-02 13:46:22','ie-netrenderer-browser-compatibility-check-89178236863000postssearch',0,'browser, validate, screenshot','--- \n- !ruby/object:Category \n  attributes: \n    name: Delicious\n    created_at: 2010-06-02 13:35:47\n    updated_at: 2010-06-02 13:35:47\n    lft: \"19\"\n    id: \"24\"\n    parent_id: \n    rgt: \"20\"\n  attributes_cache: {}\n\n'),(118,'Check Browser Compatibility, Cross Platform Browser Test - Browsershots',NULL,'.          ',NULL,'2010-05-30 05:06:31',NULL,24,'2010-06-02 13:46:22','2010-06-02 13:46:22','check-browser-compatibility-cross-platform-browser-test-browsershots',0,'browser, screenshots, validate','--- \n- !ruby/object:Category \n  attributes: \n    name: Delicious\n    created_at: 2010-06-02 13:35:47\n    updated_at: 2010-06-02 13:35:47\n    lft: \"19\"\n    id: \"24\"\n    parent_id: \n    rgt: \"20\"\n  attributes_cache: {}\n\n'),(119,'Rails Plugins Compatibility Tracking - RailsPlugins.org',NULL,'.          ',NULL,'2010-05-20 20:23:28',NULL,24,'2010-06-02 13:46:23','2010-06-02 13:46:23','rails-plugins-compatibility-tracking-railspluginsorg',0,'rails','--- \n- !ruby/object:Category \n  attributes: \n    name: Delicious\n    created_at: 2010-06-02 13:35:47\n    updated_at: 2010-06-02 13:35:47\n    lft: \"19\"\n    id: \"24\"\n    parent_id: \n    rgt: \"20\"\n  attributes_cache: {}\n\n'),(120,'The Ruby Toolbox - Know your options!',NULL,'.          ',NULL,'2010-05-20 20:23:04',NULL,24,'2010-06-02 13:46:23','2010-06-02 13:46:23','the-ruby-toolbox-know-your-options',0,'rails','--- \n- !ruby/object:Category \n  attributes: \n    name: Delicious\n    created_at: 2010-06-02 13:35:47\n    updated_at: 2010-06-02 13:35:47\n    lft: \"19\"\n    id: \"24\"\n    parent_id: \n    rgt: \"20\"\n  attributes_cache: {}\n\n'),(121,'Best of VIM Tips, gVIM\'s Key Features zzapper',NULL,'.          ',NULL,'2010-05-20 18:33:13',NULL,24,'2010-06-02 13:46:23','2010-06-02 13:46:23','best-of-vim-tips-gvims-key-features-zzapper',0,'vim, tips','--- \n- !ruby/object:Category \n  attributes: \n    name: Delicious\n    created_at: 2010-06-02 13:35:47\n    updated_at: 2010-06-02 13:35:47\n    lft: \"19\"\n    id: \"24\"\n    parent_id: \n    rgt: \"20\"\n  attributes_cache: {}\n\n'),(122,'Useful Vim features - Stack Overflow',NULL,'.          ',NULL,'2010-05-20 18:32:58',NULL,24,'2010-06-02 13:46:23','2010-06-02 13:46:24','useful-vim-features-stack-overflow',0,'vim, tips','--- \n- !ruby/object:Category \n  attributes: \n    name: Delicious\n    created_at: 2010-06-02 13:35:47\n    updated_at: 2010-06-02 13:35:47\n    lft: \"19\"\n    id: \"24\"\n    parent_id: \n    rgt: \"20\"\n  attributes_cache: {}\n\n'),(123,'YUI Compressor :: YUI Library',NULL,'.          ',NULL,'2010-05-19 14:50:45',NULL,24,'2010-06-02 13:46:24','2010-06-02 13:46:24','yui-compressor-yui-library',0,'javascript, compressor, yui','--- \n- !ruby/object:Category \n  attributes: \n    name: Delicious\n    created_at: 2010-06-02 13:35:47\n    updated_at: 2010-06-02 13:35:47\n    lft: \"19\"\n    id: \"24\"\n    parent_id: \n    rgt: \"20\"\n  attributes_cache: {}\n\n'),(124,'Getting Started with the Closure Compiler Application - Closure Compiler - Google Code',NULL,'.          ',NULL,'2010-05-19 14:48:20',NULL,24,'2010-06-02 13:46:24','2010-06-02 13:46:24','getting-started-with-the-closure-compiler-application-closure-compiler-google-code',0,'javascript, compressor','--- \n- !ruby/object:Category \n  attributes: \n    name: Delicious\n    created_at: 2010-06-02 13:35:47\n    updated_at: 2010-06-02 13:35:47\n    lft: \"19\"\n    id: \"24\"\n    parent_id: \n    rgt: \"20\"\n  attributes_cache: {}\n\n'),(125,'coding in the rain · Rails Development on Ubuntu 10.04',NULL,'.          ',NULL,'2010-05-18 16:32:32',NULL,24,'2010-06-02 13:46:25','2010-06-02 13:46:25','coding-in-the-rain-rails-development-on-ubuntu-1004',0,'rails, ubuntu_10.04','--- \n- !ruby/object:Category \n  attributes: \n    name: Delicious\n    created_at: 2010-06-02 13:35:47\n    updated_at: 2010-06-02 13:35:47\n    lft: \"19\"\n    id: \"24\"\n    parent_id: \n    rgt: \"20\"\n  attributes_cache: {}\n\n'),(126,'КудаПойти.инфо - развлечения в Москве, идеи для отдыха. Куда пойти',NULL,'.          ',NULL,'2010-05-17 18:14:08',NULL,24,'2010-06-02 13:46:25','2010-06-02 13:46:25','кудапойтиинфо-развлечения-в-москве-идеи-для-отдыха-куда-пойти',0,'москва, отдых, развлечения','--- \n- !ruby/object:Category \n  attributes: \n    name: Delicious\n    created_at: 2010-06-02 13:35:47\n    updated_at: 2010-06-02 13:35:47\n    lft: \"19\"\n    id: \"24\"\n    parent_id: \n    rgt: \"20\"\n  attributes_cache: {}\n\n'),(127,'Ruby & Rails: веб-разработка с удовольствием',NULL,'.          ',NULL,'2010-05-16 19:02:08',NULL,24,'2010-06-02 13:46:26','2010-06-02 13:46:26','ruby-rails-веб-разработка-с-удовольствием',0,'rails, rubyonrails, russian','--- \n- !ruby/object:Category \n  attributes: \n    name: Delicious\n    created_at: 2010-06-02 13:35:47\n    updated_at: 2010-06-02 13:35:47\n    lft: \"19\"\n    id: \"24\"\n    parent_id: \n    rgt: \"20\"\n  attributes_cache: {}\n\n'),(128,'Еще раз о виджетах, на примере календаря. - RubyOnRails to russian | Группы Google',NULL,'.          ',NULL,'2010-05-16 13:36:41',NULL,24,'2010-06-02 13:46:26','2010-06-02 13:46:26','еще-раз-о-виджетах-на-примере-календаря-rubyonrails-to-russian-группы-google',0,'посмотреть_ответ','--- \n- !ruby/object:Category \n  attributes: \n    name: Delicious\n    created_at: 2010-06-02 13:35:47\n    updated_at: 2010-06-02 13:35:47\n    lft: \"19\"\n    id: \"24\"\n    parent_id: \n    rgt: \"20\"\n  attributes_cache: {}\n\n'),(129,'Develop.GitHub - API Libraries',NULL,'.          ',NULL,'2010-05-15 08:00:34',NULL,24,'2010-06-02 13:46:26','2010-06-02 13:46:26','developgithub-api-libraries',0,'github, api','--- \n- !ruby/object:Category \n  attributes: \n    name: Delicious\n    created_at: 2010-06-02 13:35:47\n    updated_at: 2010-06-02 13:35:47\n    lft: \"19\"\n    id: \"24\"\n    parent_id: \n    rgt: \"20\"\n  attributes_cache: {}\n\n'),(130,'dbloete\'s ioctocat at master - GitHub',NULL,'.          ',NULL,'2010-05-14 20:10:58',NULL,24,'2010-06-02 13:46:27','2010-06-02 13:46:27','dbloetes-ioctocat-at-master-github',0,'git, iphone, github, objective-c','--- \n- !ruby/object:Category \n  attributes: \n    name: Delicious\n    created_at: 2010-06-02 13:35:47\n    updated_at: 2010-06-02 13:35:47\n    lft: \"19\"\n    id: \"24\"\n    parent_id: \n    rgt: \"20\"\n  attributes_cache: {}\n\n'),(131,'Module: ActionController::Components',NULL,'.          ',NULL,'2010-05-14 15:43:19',NULL,24,'2010-06-02 13:46:27','2010-06-02 13:46:27','module-actioncontrollercomponents',0,'почитать, блоки_в_руби','--- \n- !ruby/object:Category \n  attributes: \n    name: Delicious\n    created_at: 2010-06-02 13:35:47\n    updated_at: 2010-06-02 13:35:47\n    lft: \"19\"\n    id: \"24\"\n    parent_id: \n    rgt: \"20\"\n  attributes_cache: {}\n\n'),(132,'ActiveRecord include, group, conditions - RubyOnRails to russian | Группы Google',NULL,'.          ',NULL,'2010-05-09 13:13:09',NULL,24,'2010-06-02 13:46:27','2010-06-02 13:46:28','activerecord-include-group-conditions-rubyonrails-to-russian-группы-google',0,'посмотреть_ответ','--- \n- !ruby/object:Category \n  attributes: \n    name: Delicious\n    created_at: 2010-06-02 13:35:47\n    updated_at: 2010-06-02 13:35:47\n    lft: \"19\"\n    id: \"24\"\n    parent_id: \n    rgt: \"20\"\n  attributes_cache: {}\n\n'),(133,'Issues - stffn/declarative_authorization - GitHub',NULL,'.          ',NULL,'2010-05-07 13:05:40',NULL,24,'2010-06-02 13:46:28','2010-06-02 13:46:28','issues-stffndeclarativeauthorization-github',0,'посмотреть_ответ','--- \n- !ruby/object:Category \n  attributes: \n    name: Delicious\n    created_at: 2010-06-02 13:35:47\n    updated_at: 2010-06-02 13:35:47\n    lft: \"19\"\n    id: \"24\"\n    parent_id: \n    rgt: \"20\"\n  attributes_cache: {}\n\n'),(134,'GitFaq - Git SCM Wiki',NULL,'.          ',NULL,'2010-05-06 18:47:57',NULL,24,'2010-06-02 13:46:28','2010-06-02 13:46:28','gitfaq-git-scm-wiki',0,'git, покурить','--- \n- !ruby/object:Category \n  attributes: \n    name: Delicious\n    created_at: 2010-06-02 13:35:47\n    updated_at: 2010-06-02 13:35:47\n    lft: \"19\"\n    id: \"24\"\n    parent_id: \n    rgt: \"20\"\n  attributes_cache: {}\n\n'),(135,'Everyday GIT With 20 Commands Or So',NULL,'.          ',NULL,'2010-05-06 18:47:39',NULL,24,'2010-06-02 13:46:28','2010-06-02 13:46:28','everyday-git-with-20-commands-or-so',0,'git, покурить','--- \n- !ruby/object:Category \n  attributes: \n    name: Delicious\n    created_at: 2010-06-02 13:35:47\n    updated_at: 2010-06-02 13:35:47\n    lft: \"19\"\n    id: \"24\"\n    parent_id: \n    rgt: \"20\"\n  attributes_cache: {}\n\n'),(136,'gittutorial(7)',NULL,'.          ',NULL,'2010-05-06 18:47:20',NULL,24,'2010-06-02 13:46:29','2010-06-02 13:46:29','gittutorial7',0,'git, покурить','--- \n- !ruby/object:Category \n  attributes: \n    name: Delicious\n    created_at: 2010-06-02 13:35:47\n    updated_at: 2010-06-02 13:35:47\n    lft: \"19\"\n    id: \"24\"\n    parent_id: \n    rgt: \"20\"\n  attributes_cache: {}\n\n'),(137,'Простой вопрос про declarative_authorization - RubyOnRails to russian | Группы Google',NULL,'.          ',NULL,'2010-05-06 14:26:12',NULL,24,'2010-06-02 13:46:29','2010-06-02 13:46:29','простой-вопрос-про-declarativeauthorization-rubyonrails-to-russian-группы-google',0,'посмотреть_ответ','--- \n- !ruby/object:Category \n  attributes: \n    name: Delicious\n    created_at: 2010-06-02 13:35:47\n    updated_at: 2010-06-02 13:35:47\n    lft: \"19\"\n    id: \"24\"\n    parent_id: \n    rgt: \"20\"\n  attributes_cache: {}\n\n'),(138,'git : Ed Spencer',NULL,'.          ',NULL,'2010-05-05 13:12:56',NULL,24,'2010-06-02 13:46:29','2010-06-02 13:46:30','git-ed-spencer',0,'полезно','--- \n- !ruby/object:Category \n  attributes: \n    name: Delicious\n    created_at: 2010-06-02 13:35:47\n    updated_at: 2010-06-02 13:35:47\n    lft: \"19\"\n    id: \"24\"\n    parent_id: \n    rgt: \"20\"\n  attributes_cache: {}\n\n'),(139,'Issues - tardate/authlogic_rpx - GitHub',NULL,'.          ',NULL,'2010-05-05 12:29:47',NULL,24,'2010-06-02 13:46:30','2010-06-02 13:46:30','issues-tardateauthlogicrpx-github',0,'посмотреть_ответ','--- \n- !ruby/object:Category \n  attributes: \n    name: Delicious\n    created_at: 2010-06-02 13:35:47\n    updated_at: 2010-06-02 13:35:47\n    lft: \"19\"\n    id: \"24\"\n    parent_id: \n    rgt: \"20\"\n  attributes_cache: {}\n\n'),(140,'Issues - tardate/rails-authlogic-rpx-sample - GitHub',NULL,'.          ',NULL,'2010-05-05 12:09:48',NULL,24,'2010-06-02 13:46:30','2010-06-02 13:46:30','issues-tardaterails-authlogic-rpx-sample-github',0,'посмотреть_ответ','--- \n- !ruby/object:Category \n  attributes: \n    name: Delicious\n    created_at: 2010-06-02 13:35:47\n    updated_at: 2010-06-02 13:35:47\n    lft: \"19\"\n    id: \"24\"\n    parent_id: \n    rgt: \"20\"\n  attributes_cache: {}\n\n'),(141,'➘ Сайт знакомств',NULL,'.          ',NULL,'2010-05-04 12:36:44',NULL,24,'2010-06-02 13:46:30','2010-06-02 13:46:31','➘-сайт-знакомств',0,'freelance','--- \n- !ruby/object:Category \n  attributes: \n    name: Delicious\n    created_at: 2010-06-02 13:35:47\n    updated_at: 2010-06-02 13:35:47\n    lft: \"19\"\n    id: \"24\"\n    parent_id: \n    rgt: \"20\"\n  attributes_cache: {}\n\n'),(142,'Блог на Ruby on Rails - RubyOnRails to russian | Группы Google',NULL,'.          ',NULL,'2010-05-02 20:38:03',NULL,24,'2010-06-02 13:46:31','2010-06-02 13:46:31','блог-на-ruby-on-rails-rubyonrails-to-russian-группы-google',0,'посмотреть_ответ','--- \n- !ruby/object:Category \n  attributes: \n    name: Delicious\n    created_at: 2010-06-02 13:35:47\n    updated_at: 2010-06-02 13:35:47\n    lft: \"19\"\n    id: \"24\"\n    parent_id: \n    rgt: \"20\"\n  attributes_cache: {}\n\n'),(143,'Active Record Query Interface',NULL,'.          ',NULL,'2010-05-02 10:45:52',NULL,24,'2010-06-02 13:46:31','2010-06-02 13:46:31','active-record-query-interface',0,'дочитать','--- \n- !ruby/object:Category \n  attributes: \n    name: Delicious\n    created_at: 2010-06-02 13:35:47\n    updated_at: 2010-06-02 13:35:47\n    lft: \"19\"\n    id: \"24\"\n    parent_id: \n    rgt: \"20\"\n  attributes_cache: {}\n\n'),(144,'Active Record Validations and Callbacks',NULL,'.          ',NULL,'2010-05-02 10:45:39',NULL,24,'2010-06-02 13:46:31','2010-06-02 13:46:32','active-record-validations-and-callbacks',0,'дочитать','--- \n- !ruby/object:Category \n  attributes: \n    name: Delicious\n    created_at: 2010-06-02 13:35:47\n    updated_at: 2010-06-02 13:35:47\n    lft: \"19\"\n    id: \"24\"\n    parent_id: \n    rgt: \"20\"\n  attributes_cache: {}\n\n'),(145,'Search and replace - Vim Tips Wiki',NULL,'.          ',NULL,'2010-05-02 09:42:34',NULL,24,'2010-06-02 13:46:32','2010-06-02 13:46:32','search-and-replace-vim-tips-wiki',0,'полезно','--- \n- !ruby/object:Category \n  attributes: \n    name: Delicious\n    created_at: 2010-06-02 13:35:47\n    updated_at: 2010-06-02 13:35:47\n    lft: \"19\"\n    id: \"24\"\n    parent_id: \n    rgt: \"20\"\n  attributes_cache: {}\n\n'),(146,'Как ограничить пользователя одной сессией - RubyOnRails to russian | Группы Google',NULL,'.          ',NULL,'2010-05-02 05:01:16',NULL,24,'2010-06-02 13:46:32','2010-06-02 13:46:32','как-ограничить-пользователя-одной-сессией-rubyonrails-to-russian-группы-google',0,'посмотреть_ответ','--- \n- !ruby/object:Category \n  attributes: \n    name: Delicious\n    created_at: 2010-06-02 13:35:47\n    updated_at: 2010-06-02 13:35:47\n    lft: \"19\"\n    id: \"24\"\n    parent_id: \n    rgt: \"20\"\n  attributes_cache: {}\n\n'),(147,'RailsClub@devconf.ru - RubyOnRails to russian | Группы Google',NULL,'.          ',NULL,'2010-05-02 04:38:43',NULL,24,'2010-06-02 13:46:32','2010-06-02 13:46:32','railsclubdevconfru-rubyonrails-to-russian-группы-google',0,'посмотреть_ответ','--- \n- !ruby/object:Category \n  attributes: \n    name: Delicious\n    created_at: 2010-06-02 13:35:47\n    updated_at: 2010-06-02 13:35:47\n    lft: \"19\"\n    id: \"24\"\n    parent_id: \n    rgt: \"20\"\n  attributes_cache: {}\n\n'),(148,'Rails Routing from the Inside Out',NULL,'.          ',NULL,'2010-05-01 13:53:58',NULL,24,'2010-06-02 13:46:33','2010-06-02 13:46:33','rails-routing-from-the-inside-out',0,'вкурить','--- \n- !ruby/object:Category \n  attributes: \n    name: Delicious\n    created_at: 2010-06-02 13:35:47\n    updated_at: 2010-06-02 13:35:47\n    lft: \"19\"\n    id: \"24\"\n    parent_id: \n    rgt: \"20\"\n  attributes_cache: {}\n\n'),(149,'Module: ActionController::Resources',NULL,'.          ',NULL,'2010-04-27 02:16:23',NULL,24,'2010-06-02 13:46:33','2010-06-02 13:46:33','module-actioncontrollerresources',0,'дочитать','--- \n- !ruby/object:Category \n  attributes: \n    name: Delicious\n    created_at: 2010-06-02 13:35:47\n    updated_at: 2010-06-02 13:35:47\n    lft: \"19\"\n    id: \"24\"\n    parent_id: \n    rgt: \"20\"\n  attributes_cache: {}\n\n'),(150,'Prototype JavaScript framework: Function.bind',NULL,'.          ',NULL,'2010-04-25 05:28:31',NULL,24,'2010-06-02 13:46:34','2010-06-02 13:46:34','prototype-javascript-framework-functionbind',0,'вкурить','--- \n- !ruby/object:Category \n  attributes: \n    name: Delicious\n    created_at: 2010-06-02 13:35:47\n    updated_at: 2010-06-02 13:35:47\n    lft: \"19\"\n    id: \"24\"\n    parent_id: \n    rgt: \"20\"\n  attributes_cache: {}\n\n'),(151,'Module: ActionView::Helpers::FormOptionsHelper',NULL,'.          ',NULL,'2010-04-25 02:13:13',NULL,24,'2010-06-02 13:46:34','2010-06-02 13:46:34','module-actionviewhelpersformoptionshelper',0,'дочитать','--- \n- !ruby/object:Category \n  attributes: \n    name: Delicious\n    created_at: 2010-06-02 13:35:47\n    updated_at: 2010-06-02 13:35:47\n    lft: \"19\"\n    id: \"24\"\n    parent_id: \n    rgt: \"20\"\n  attributes_cache: {}\n\n'),(152,'Module: ActiveRecord::Validations::ClassMethods',NULL,'.          ',NULL,'2010-04-25 01:42:26',NULL,24,'2010-06-02 13:46:34','2010-06-02 13:46:34','module-activerecordvalidationsclassmethods',0,'дочитать','--- \n- !ruby/object:Category \n  attributes: \n    name: Delicious\n    created_at: 2010-06-02 13:35:47\n    updated_at: 2010-06-02 13:35:47\n    lft: \"19\"\n    id: \"24\"\n    parent_id: \n    rgt: \"20\"\n  attributes_cache: {}\n\n'),(153,'Class: Date',NULL,'.          ',NULL,'2010-04-24 00:24:28',NULL,24,'2010-06-02 13:46:35','2010-06-02 13:46:35','class-date',0,'дочитать','--- \n- !ruby/object:Category \n  attributes: \n    name: Delicious\n    created_at: 2010-06-02 13:35:47\n    updated_at: 2010-06-02 13:35:47\n    lft: \"19\"\n    id: \"24\"\n    parent_id: \n    rgt: \"20\"\n  attributes_cache: {}\n\n'),(154,'Class: ActiveSupport::TimeWithZone',NULL,'.          ',NULL,'2010-04-24 00:22:40',NULL,24,'2010-06-02 13:46:35','2010-06-02 13:46:35','class-activesupporttimewithzone',0,'дочитать','--- \n- !ruby/object:Category \n  attributes: \n    name: Delicious\n    created_at: 2010-06-02 13:35:47\n    updated_at: 2010-06-02 13:35:47\n    lft: \"19\"\n    id: \"24\"\n    parent_id: \n    rgt: \"20\"\n  attributes_cache: {}\n\n'),(155,'Module: ActiveRecord::Associations::ClassMethods',NULL,'.          ',NULL,'2010-04-23 21:54:51',NULL,24,'2010-06-02 13:46:35','2010-06-02 13:46:35','module-activerecordassociationsclassmethods',0,'ассоциации_дочитать','--- \n- !ruby/object:Category \n  attributes: \n    name: Delicious\n    created_at: 2010-06-02 13:35:47\n    updated_at: 2010-06-02 13:35:47\n    lft: \"19\"\n    id: \"24\"\n    parent_id: \n    rgt: \"20\"\n  attributes_cache: {}\n\n'),(156,'A Guide to Active Record Associations',NULL,'.          ',NULL,'2010-04-23 21:54:37',NULL,24,'2010-06-02 13:46:36','2010-06-02 13:46:36','a-guide-to-active-record-associations',0,'дочитать','--- \n- !ruby/object:Category \n  attributes: \n    name: Delicious\n    created_at: 2010-06-02 13:35:47\n    updated_at: 2010-06-02 13:35:47\n    lft: \"19\"\n    id: \"24\"\n    parent_id: \n    rgt: \"20\"\n  attributes_cache: {}\n\n'),(157,'Class: Rails::Initializer',NULL,'.          ',NULL,'2010-04-23 21:54:12',NULL,24,'2010-06-02 13:46:36','2010-06-02 13:46:36','class-railsinitializer',0,'инициализация_дочитать','--- \n- !ruby/object:Category \n  attributes: \n    name: Delicious\n    created_at: 2010-06-02 13:35:47\n    updated_at: 2010-06-02 13:35:47\n    lft: \"19\"\n    id: \"24\"\n    parent_id: \n    rgt: \"20\"\n  attributes_cache: {}\n\n'),(158,'The Rails Initialization Process',NULL,'.          ',NULL,'2010-04-23 21:53:57',NULL,24,'2010-06-02 13:46:36','2010-06-02 13:46:36','the-rails-initialization-process',0,'инициализация_дочитать','--- \n- !ruby/object:Category \n  attributes: \n    name: Delicious\n    created_at: 2010-06-02 13:35:47\n    updated_at: 2010-06-02 13:35:47\n    lft: \"19\"\n    id: \"24\"\n    parent_id: \n    rgt: \"20\"\n  attributes_cache: {}\n\n'),(159,'Configuring Rails Applications',NULL,'.          ',NULL,'2010-04-23 21:53:42',NULL,24,'2010-06-02 13:46:37','2010-06-02 13:46:37','configuring-rails-applications',0,'инициализация_дочитать','--- \n- !ruby/object:Category \n  attributes: \n    name: Delicious\n    created_at: 2010-06-02 13:35:47\n    updated_at: 2010-06-02 13:35:47\n    lft: \"19\"\n    id: \"24\"\n    parent_id: \n    rgt: \"20\"\n  attributes_cache: {}\n\n'),(160,'Issues - yaroslav/russian - GitHub',NULL,'.          ',NULL,'2010-04-23 17:43:53',NULL,24,'2010-06-02 13:46:37','2010-06-02 13:46:37','issues-yaroslavrussian-github',0,'посмотреть_ответ','--- \n- !ruby/object:Category \n  attributes: \n    name: Delicious\n    created_at: 2010-06-02 13:35:47\n    updated_at: 2010-06-02 13:35:47\n    lft: \"19\"\n    id: \"24\"\n    parent_id: \n    rgt: \"20\"\n  attributes_cache: {}\n\n'),(161,'Issues - galetahub/rails-ckeditor - GitHub',NULL,'.          ',NULL,'2010-04-21 20:57:52',NULL,24,'2010-06-02 13:46:37','2010-06-02 13:46:37','issues-galetahubrails-ckeditor-github',0,'посмотреть_ответ','--- \n- !ruby/object:Category \n  attributes: \n    name: Delicious\n    created_at: 2010-06-02 13:35:47\n    updated_at: 2010-06-02 13:35:47\n    lft: \"19\"\n    id: \"24\"\n    parent_id: \n    rgt: \"20\"\n  attributes_cache: {}\n\n'),(162,'Продажа ноутбуков в Москве и Московской области',NULL,'.          ',NULL,'2010-04-11 13:44:20',NULL,24,'2010-06-02 13:46:38','2010-06-02 13:46:38','продажа-ноутбуков-в-москве-и-московской-области',0,'места2','--- \n- !ruby/object:Category \n  attributes: \n    name: Delicious\n    created_at: 2010-06-02 13:35:47\n    updated_at: 2010-06-02 13:35:47\n    lft: \"19\"\n    id: \"24\"\n    parent_id: \n    rgt: \"20\"\n  attributes_cache: {}\n\n'),(163,'Мои объявления - из рук в руки Москва и Подмосковье',NULL,'.          ',NULL,'2010-04-11 13:33:23',NULL,24,'2010-06-02 13:46:38','2010-06-02 13:46:38','мои-объявления-из-рук-в-руки-москва-и-подмосковье',0,'места2','--- \n- !ruby/object:Category \n  attributes: \n    name: Delicious\n    created_at: 2010-06-02 13:35:47\n    updated_at: 2010-06-02 13:35:47\n    lft: \"19\"\n    id: \"24\"\n    parent_id: \n    rgt: \"20\"\n  attributes_cache: {}\n\n'),(164,'Мои объявления | Личный кабинет | Деловой Мир: портал бесплатных объявлений',NULL,'.          ',NULL,'2010-04-11 13:18:58',NULL,24,'2010-06-02 13:46:38','2010-06-02 13:46:38','мои-объявления-личный-кабинет-деловой-мир-портал-бесплатных-объявлений',0,'места2','--- \n- !ruby/object:Category \n  attributes: \n    name: Delicious\n    created_at: 2010-06-02 13:35:47\n    updated_at: 2010-06-02 13:35:47\n    lft: \"19\"\n    id: \"24\"\n    parent_id: \n    rgt: \"20\"\n  attributes_cache: {}\n\n'),(165,'uquery.com - The Appstore Search Engine',NULL,'.          ',NULL,'2010-04-11 12:39:33',NULL,24,'2010-06-02 13:46:39','2010-06-02 13:46:39','uquerycom-the-appstore-search-engine',0,'iphone','--- \n- !ruby/object:Category \n  attributes: \n    name: Delicious\n    created_at: 2010-06-02 13:35:47\n    updated_at: 2010-06-02 13:35:47\n    lft: \"19\"\n    id: \"24\"\n    parent_id: \n    rgt: \"20\"\n  attributes_cache: {}\n\n'),(166,'iPhone Apps - Fresh Apps',NULL,'.          ',NULL,'2010-04-11 12:34:54',NULL,24,'2010-06-02 13:46:39','2010-06-02 13:46:39','iphone-apps-fresh-apps',0,'iphone','--- \n- !ruby/object:Category \n  attributes: \n    name: Delicious\n    created_at: 2010-06-02 13:35:47\n    updated_at: 2010-06-02 13:35:47\n    lft: \"19\"\n    id: \"24\"\n    parent_id: \n    rgt: \"20\"\n  attributes_cache: {}\n\n'),(167,'Go2Web20.net - The complete Web 2.0 directory',NULL,'.          ',NULL,'2010-04-11 12:34:26',NULL,24,'2010-06-02 13:46:39','2010-06-02 13:46:39','go2web20net-the-complete-web-20-directory',0,'Web2.0','--- \n- !ruby/object:Category \n  attributes: \n    name: Delicious\n    created_at: 2010-06-02 13:35:47\n    updated_at: 2010-06-02 13:35:47\n    lft: \"19\"\n    id: \"24\"\n    parent_id: \n    rgt: \"20\"\n  attributes_cache: {}\n\n'),(168,'Молоток.Ру',NULL,'.          ',NULL,'2010-04-08 10:58:17',NULL,24,'2010-06-02 13:46:40','2010-06-02 13:46:40','молотокру',0,'места2','--- \n- !ruby/object:Category \n  attributes: \n    name: Delicious\n    created_at: 2010-06-02 13:35:47\n    updated_at: 2010-06-02 13:35:47\n    lft: \"19\"\n    id: \"24\"\n    parent_id: \n    rgt: \"20\"\n  attributes_cache: {}\n\n'),(169,'Слияние Rails и Merb: Год спустя (часть 1 из 6) / Ruby on Rails / Хабрахабр',NULL,'.          ',NULL,'2010-04-08 10:47:05',NULL,24,'2010-06-02 13:46:40','2010-06-02 13:46:40','слияние-rails-и-merb-год-спустя-часть-1-из-6-ruby-on-rails-хабрахабр',0,'дочитать','--- \n- !ruby/object:Category \n  attributes: \n    name: Delicious\n    created_at: 2010-06-02 13:35:47\n    updated_at: 2010-06-02 13:35:47\n    lft: \"19\"\n    id: \"24\"\n    parent_id: \n    rgt: \"20\"\n  attributes_cache: {}\n\n'),(170,'Мои объявления - Offerman.ru',NULL,'.          ',NULL,'2010-04-08 10:43:34',NULL,24,'2010-06-02 13:46:40','2010-06-02 13:46:40','мои-объявления-offermanru',0,'места2','--- \n- !ruby/object:Category \n  attributes: \n    name: Delicious\n    created_at: 2010-06-02 13:35:47\n    updated_at: 2010-06-02 13:35:47\n    lft: \"19\"\n    id: \"24\"\n    parent_id: \n    rgt: \"20\"\n  attributes_cache: {}\n\n'),(171,'GPforce. Оптовая фотопечать',NULL,'.          ',NULL,'2010-04-06 16:16:48',NULL,24,'2010-06-02 13:46:41','2010-06-02 13:46:41','gpforce-оптовая-фотопечать',0,'фотоопт','--- \n- !ruby/object:Category \n  attributes: \n    name: Delicious\n    created_at: 2010-06-02 13:35:47\n    updated_at: 2010-06-02 13:35:47\n    lft: \"19\"\n    id: \"24\"\n    parent_id: \n    rgt: \"20\"\n  attributes_cache: {}\n\n'),(172,'Продажа минилабов в москве. /',NULL,'.          ',NULL,'2010-04-06 16:10:45',NULL,24,'2010-06-02 13:46:41','2010-06-02 13:46:41','продажа-минилабов-в-москве-',0,'фотоопт, 2008, 1, 90','--- \n- !ruby/object:Category \n  attributes: \n    name: Delicious\n    created_at: 2010-06-02 13:35:47\n    updated_at: 2010-06-02 13:35:47\n    lft: \"19\"\n    id: \"24\"\n    parent_id: \n    rgt: \"20\"\n  attributes_cache: {}\n\n'),(173,'ОПТОВАЯ ФОТОПЕЧАТЬ - Москва - Прочие услуги - фотопечать никольская',NULL,'.          ',NULL,'2010-04-06 16:07:28',NULL,24,'2010-06-02 13:46:41','2010-06-02 13:46:41','оптовая-фотопечать-москва-прочие-услуги-фотопечать-никольская',0,'фотоопт','--- \n- !ruby/object:Category \n  attributes: \n    name: Delicious\n    created_at: 2010-06-02 13:35:47\n    updated_at: 2010-06-02 13:35:47\n    lft: \"19\"\n    id: \"24\"\n    parent_id: \n    rgt: \"20\"\n  attributes_cache: {}\n\n'),(174,'Продаю: Оптовая и розничная фотопечать Цифры - Купить: Оптовая и розничная фотопечать Цифры - г.Москва м.Перово. -Москва',NULL,'.          ',NULL,'2010-04-06 15:59:46',NULL,24,'2010-06-02 13:46:42','2010-06-02 13:46:42','продаю-оптовая-и-розничная-фотопечать-цифры-купить-оптовая-и-розничная-фотопечать-цифры-гмосква-мперово-москва',0,'фотоопт','--- \n- !ruby/object:Category \n  attributes: \n    name: Delicious\n    created_at: 2010-06-02 13:35:47\n    updated_at: 2010-06-02 13:35:47\n    lft: \"19\"\n    id: \"24\"\n    parent_id: \n    rgt: \"20\"\n  attributes_cache: {}\n\n'),(175,'Оптовая фотопечать, фотопечать оптом и оптовая печать фотографий в сети фотосалонов «ФотоСезон» | FotoSezon.ru',NULL,'.          ',NULL,'2010-04-06 15:59:25',NULL,24,'2010-06-02 13:46:42','2010-06-02 13:46:42','оптовая-фотопечать-фотопечать-оптом-и-оптовая-печать-фотографий-в-сети-фотосалонов-фотосезон-fotosezonru',0,'фотоопт','--- \n- !ruby/object:Category \n  attributes: \n    name: Delicious\n    created_at: 2010-06-02 13:35:47\n    updated_at: 2010-06-02 13:35:47\n    lft: \"19\"\n    id: \"24\"\n    parent_id: \n    rgt: \"20\"\n  attributes_cache: {}\n\n'),(176,'Фотолаборатории продажа и покупка. - Старт',NULL,'.          ',NULL,'2010-04-06 15:17:13',NULL,24,'2010-06-02 13:46:42','2010-06-02 13:46:42','фотолаборатории-продажа-и-покупка-старт',0,'фотоопт, 3','--- \n- !ruby/object:Category \n  attributes: \n    name: Delicious\n    created_at: 2010-06-02 13:35:47\n    updated_at: 2010-06-02 13:35:47\n    lft: \"19\"\n    id: \"24\"\n    parent_id: \n    rgt: \"20\"\n  attributes_cache: {}\n\n'),(177,'Контактная информация',NULL,'.          ',NULL,'2010-04-06 13:48:35',NULL,24,'2010-06-02 13:46:43','2010-06-02 13:46:43','контактная-информация',0,'фотоопт, 1','--- \n- !ruby/object:Category \n  attributes: \n    name: Delicious\n    created_at: 2010-06-02 13:35:47\n    updated_at: 2010-06-02 13:35:47\n    lft: \"19\"\n    id: \"24\"\n    parent_id: \n    rgt: \"20\"\n  attributes_cache: {}\n\n'),(178,'Оптовая фотопечать оптики и цифры — доска объявлений Sie&ens',NULL,'.          ',NULL,'2010-04-06 12:57:34',NULL,24,'2010-06-02 13:46:43','2010-06-02 13:46:43','оптовая-фотопечать-оптики-и-цифры-—-доска-объявлений-sieens',0,'фотоопт','--- \n- !ruby/object:Category \n  attributes: \n    name: Delicious\n    created_at: 2010-06-02 13:35:47\n    updated_at: 2010-06-02 13:35:47\n    lft: \"19\"\n    id: \"24\"\n    parent_id: \n    rgt: \"20\"\n  attributes_cache: {}\n\n'),(179,'Оптовая Фотопечать от 1.8 р, работаем с регионами',NULL,'.          ',NULL,'2010-04-06 12:57:17',NULL,24,'2010-06-02 13:46:43','2010-06-02 13:46:43','оптовая-фотопечать-от-18-р-работаем-с-регионами',0,'фотоопт','--- \n- !ruby/object:Category \n  attributes: \n    name: Delicious\n    created_at: 2010-06-02 13:35:47\n    updated_at: 2010-06-02 13:35:47\n    lft: \"19\"\n    id: \"24\"\n    parent_id: \n    rgt: \"20\"\n  attributes_cache: {}\n\n'),(180,'ЦИФРОВАЯ & ОПТИЧЕСКАЯ ФОТОПЕЧАТЬ (495) 729-8675',NULL,'.          ',NULL,'2010-04-06 12:55:39',NULL,24,'2010-06-02 13:46:44','2010-06-02 13:46:44','цифровая-оптическая-фотопечать-495-729-8675',0,'фотоопт, 2','--- \n- !ruby/object:Category \n  attributes: \n    name: Delicious\n    created_at: 2010-06-02 13:35:47\n    updated_at: 2010-06-02 13:35:47\n    lft: \"19\"\n    id: \"24\"\n    parent_id: \n    rgt: \"20\"\n  attributes_cache: {}\n\n'),(181,'Контактная информация',NULL,'.          ',NULL,'2010-04-06 12:55:15',NULL,24,'2010-06-02 13:46:44','2010-06-02 13:46:44','контактная-информация--2',0,'фотоопт','--- \n- !ruby/object:Category \n  attributes: \n    name: Delicious\n    created_at: 2010-06-02 13:35:47\n    updated_at: 2010-06-02 13:35:47\n    lft: \"19\"\n    id: \"24\"\n    parent_id: \n    rgt: \"20\"\n  attributes_cache: {}\n\n'),(182,'ФОТОМАСТЕР',NULL,'.          ',NULL,'2010-04-06 12:52:30',NULL,24,'2010-06-02 13:46:44','2010-06-02 13:46:44','фотомастер',0,'фотоопт, 5','--- \n- !ruby/object:Category \n  attributes: \n    name: Delicious\n    created_at: 2010-06-02 13:35:47\n    updated_at: 2010-06-02 13:35:47\n    lft: \"19\"\n    id: \"24\"\n    parent_id: \n    rgt: \"20\"\n  attributes_cache: {}\n\n'),(183,'Фотолаборатории продажа и покупка. - Старт',NULL,'.          ',NULL,'2010-04-06 12:52:03',NULL,24,'2010-06-02 13:46:45','2010-06-02 13:46:45','фотолаборатории-продажа-и-покупка-старт--2',0,'фотоопт','--- \n- !ruby/object:Category \n  attributes: \n    name: Delicious\n    created_at: 2010-06-02 13:35:47\n    updated_at: 2010-06-02 13:35:47\n    lft: \"19\"\n    id: \"24\"\n    parent_id: \n    rgt: \"20\"\n  attributes_cache: {}\n\n'),(184,'Главная страница - ЭКСПЕРТФОТО - ЦЕНТРАЛЬНАЯ ФАБРИКА ФОТОПЕЧАТИ',NULL,'.          ',NULL,'2010-04-06 12:51:57',NULL,24,'2010-06-02 13:46:45','2010-06-02 13:46:45','главная-страница-экспертфото-центральная-фабрика-фотопечати',0,'фотоопт','--- \n- !ruby/object:Category \n  attributes: \n    name: Delicious\n    created_at: 2010-06-02 13:35:47\n    updated_at: 2010-06-02 13:35:47\n    lft: \"19\"\n    id: \"24\"\n    parent_id: \n    rgt: \"20\"\n  attributes_cache: {}\n\n'),(185,'Руслан Корнев — Мой Круг',NULL,'.          ',NULL,'2010-04-06 12:49:09',NULL,24,'2010-06-02 13:46:45','2010-06-02 13:46:46','руслан-корнев-—-мой-круг',0,'места','--- \n- !ruby/object:Category \n  attributes: \n    name: Delicious\n    created_at: 2010-06-02 13:35:47\n    updated_at: 2010-06-02 13:35:47\n    lft: \"19\"\n    id: \"24\"\n    parent_id: \n    rgt: \"20\"\n  attributes_cache: {}\n\n'),(186,'Резюме \"Веб - программист\"',NULL,'.          ',NULL,'2010-04-06 12:45:35',NULL,24,'2010-06-02 13:46:46','2010-06-02 13:46:46','резюме-веб-программист',0,'места','--- \n- !ruby/object:Category \n  attributes: \n    name: Delicious\n    created_at: 2010-06-02 13:35:47\n    updated_at: 2010-06-02 13:35:47\n    lft: \"19\"\n    id: \"24\"\n    parent_id: \n    rgt: \"20\"\n  attributes_cache: {}\n\n'),(187,'Продаю: Ноутбук Toshiba Satellite A300-23H - Купить: Ноутбук Toshiba Satellite A300-23H - Динамо -Москва',NULL,'.          ',NULL,'2010-04-06 12:45:17',NULL,24,'2010-06-02 13:46:46','2010-06-02 13:46:46','продаю-ноутбук-toshiba-satellite-a300-23h-купить-ноутбук-toshiba-satellite-a300-23h-динамо-москва',0,'места','--- \n- !ruby/object:Category \n  attributes: \n    name: Delicious\n    created_at: 2010-06-02 13:35:47\n    updated_at: 2010-06-02 13:35:47\n    lft: \"19\"\n    id: \"24\"\n    parent_id: \n    rgt: \"20\"\n  attributes_cache: {}\n\n'),(188,'ВторГрад.ру - торговля без преград!',NULL,'.          ',NULL,'2010-04-06 12:43:37',NULL,24,'2010-06-02 13:46:46','2010-06-02 13:46:46','вторградру-торговля-без-преград',0,'фотоопт','--- \n- !ruby/object:Category \n  attributes: \n    name: Delicious\n    created_at: 2010-06-02 13:35:47\n    updated_at: 2010-06-02 13:35:47\n    lft: \"19\"\n    id: \"24\"\n    parent_id: \n    rgt: \"20\"\n  attributes_cache: {}\n\n'),(189,'Оптовая печать фотографий от 2р30к!',NULL,'.          ',NULL,'2010-04-06 12:28:38',NULL,24,'2010-06-02 13:46:47','2010-06-02 13:46:47','оптовая-печать-фотографий-от-2р30к',0,'фотоопт, 4','--- \n- !ruby/object:Category \n  attributes: \n    name: Delicious\n    created_at: 2010-06-02 13:35:47\n    updated_at: 2010-06-02 13:35:47\n    lft: \"19\"\n    id: \"24\"\n    parent_id: \n    rgt: \"20\"\n  attributes_cache: {}\n\n'),(190,'jQuery MultiSelect Plugin by Eric Hynds',NULL,'.          ',NULL,'2010-04-06 10:55:00',NULL,24,'2010-06-02 13:46:47','2010-06-02 13:46:47','jquery-multiselect-plugin-by-eric-hynds',0,'jquery, multiselect','--- \n- !ruby/object:Category \n  attributes: \n    name: Delicious\n    created_at: 2010-06-02 13:35:47\n    updated_at: 2010-06-02 13:35:47\n    lft: \"19\"\n    id: \"24\"\n    parent_id: \n    rgt: \"20\"\n  attributes_cache: {}\n\n'),(191,'oauth-php - Project Hosting on Google Code',NULL,'.          ',NULL,'2010-04-05 15:51:24',NULL,24,'2010-06-02 13:46:47','2010-06-02 13:46:47','oauth-php-project-hosting-on-google-code',0,'oauth, php','--- \n- !ruby/object:Category \n  attributes: \n    name: Delicious\n    created_at: 2010-06-02 13:35:47\n    updated_at: 2010-06-02 13:35:47\n    lft: \"19\"\n    id: \"24\"\n    parent_id: \n    rgt: \"20\"\n  attributes_cache: {}\n\n'),(192,'Rails Framework Documentation',NULL,'.          ',NULL,'2010-04-02 16:06:14',NULL,24,'2010-06-02 13:46:48','2010-06-02 13:46:48','rails-framework-documentation',0,'rails, api','--- \n- !ruby/object:Category \n  attributes: \n    name: Delicious\n    created_at: 2010-06-02 13:35:47\n    updated_at: 2010-06-02 13:35:47\n    lft: \"19\"\n    id: \"24\"\n    parent_id: \n    rgt: \"20\"\n  attributes_cache: {}\n\n'),(193,'Edge Rails.info :: Articles',NULL,'.          ',NULL,'2010-04-02 16:05:40',NULL,24,'2010-06-02 13:46:48','2010-06-02 13:46:48','edge-railsinfo-articles',0,'rails3','--- \n- !ruby/object:Category \n  attributes: \n    name: Delicious\n    created_at: 2010-06-02 13:35:47\n    updated_at: 2010-06-02 13:35:47\n    lft: \"19\"\n    id: \"24\"\n    parent_id: \n    rgt: \"20\"\n  attributes_cache: {}\n\n'),(194,'omgbloglol',NULL,'.          ',NULL,'2010-04-02 16:03:09',NULL,24,'2010-06-02 13:46:48','2010-06-02 13:46:48','omgbloglol',0,'rails','--- \n- !ruby/object:Category \n  attributes: \n    name: Delicious\n    created_at: 2010-06-02 13:35:47\n    updated_at: 2010-06-02 13:35:47\n    lft: \"19\"\n    id: \"24\"\n    parent_id: \n    rgt: \"20\"\n  attributes_cache: {}\n\n'),(195,'Ruby Inside: The Ruby Blog',NULL,'.          ',NULL,'2010-04-02 16:02:53',NULL,24,'2010-06-02 13:46:49','2010-06-02 13:46:49','ruby-inside-the-ruby-blog',0,'rails3','--- \n- !ruby/object:Category \n  attributes: \n    name: Delicious\n    created_at: 2010-06-02 13:35:47\n    updated_at: 2010-06-02 13:35:47\n    lft: \"19\"\n    id: \"24\"\n    parent_id: \n    rgt: \"20\"\n  attributes_cache: {}\n\n'),(196,'Rails Inside: The Ruby on Rails News Blog',NULL,'.          ',NULL,'2010-04-02 16:01:54',NULL,24,'2010-06-02 13:46:49','2010-06-02 13:46:49','rails-inside-the-ruby-on-rails-news-blog',0,'rails','--- \n- !ruby/object:Category \n  attributes: \n    name: Delicious\n    created_at: 2010-06-02 13:35:47\n    updated_at: 2010-06-02 13:35:47\n    lft: \"19\"\n    id: \"24\"\n    parent_id: \n    rgt: \"20\"\n  attributes_cache: {}\n\n'),(197,'Katz Got Your Tongue?',NULL,'.          ',NULL,'2010-04-02 15:59:55',NULL,24,'2010-06-02 13:46:49','2010-06-02 13:46:50','katz-got-your-tongue',0,'rails','--- \n- !ruby/object:Category \n  attributes: \n    name: Delicious\n    created_at: 2010-06-02 13:35:47\n    updated_at: 2010-06-02 13:35:47\n    lft: \"19\"\n    id: \"24\"\n    parent_id: \n    rgt: \"20\"\n  attributes_cache: {}\n\n'),(198,'ProstoPrint.com - создай собственный магазин футболок и сувениров, без стартовых затрат, выплата вознаграждения за каждую продажу.',NULL,'.          ',NULL,'2010-04-02 06:48:44',NULL,24,'2010-06-02 13:46:50','2010-06-02 13:46:50','prostoprintcom-создай-собственный-магазин-футболок-и-сувениров-без-стартовых-затрат-выплата-вознаграждения-за-каждую-продажу',0,'photoprint','--- \n- !ruby/object:Category \n  attributes: \n    name: Delicious\n    created_at: 2010-06-02 13:35:47\n    updated_at: 2010-06-02 13:35:47\n    lft: \"19\"\n    id: \"24\"\n    parent_id: \n    rgt: \"20\"\n  attributes_cache: {}\n\n'),(199,'Фрилансер - Удаленная работа, советы фрилансерам, работа на дому',NULL,'.          ',NULL,'2010-04-01 07:28:38',NULL,24,'2010-06-02 13:46:50','2010-06-02 13:46:50','фрилансер-удаленная-работа-советы-фрилансерам-работа-на-дому',0,'freelance','--- \n- !ruby/object:Category \n  attributes: \n    name: Delicious\n    created_at: 2010-06-02 13:35:47\n    updated_at: 2010-06-02 13:35:47\n    lft: \"19\"\n    id: \"24\"\n    parent_id: \n    rgt: \"20\"\n  attributes_cache: {}\n\n'),(200,'Бизнес-инкубатор',NULL,'.          ',NULL,'2010-03-31 06:50:23',NULL,24,'2010-06-02 13:46:50','2010-06-02 13:46:51','бизнес-инкубатор',0,'startuphelp','--- \n- !ruby/object:Category \n  attributes: \n    name: Delicious\n    created_at: 2010-06-02 13:35:47\n    updated_at: 2010-06-02 13:35:47\n    lft: \"19\"\n    id: \"24\"\n    parent_id: \n    rgt: \"20\"\n  attributes_cache: {}\n\n'),(201,'has_many :bugs, :through => :rails - Ruby on Rails development London',NULL,'.          ',NULL,'2010-03-30 03:10:27',NULL,24,'2010-06-02 13:46:51','2010-06-02 13:46:51','hasmany-bugs-through-rails-ruby-on-rails-development-london',0,'rails, ruby, blog','--- \n- !ruby/object:Category \n  attributes: \n    name: Delicious\n    created_at: 2010-06-02 13:35:47\n    updated_at: 2010-06-02 13:35:47\n    lft: \"19\"\n    id: \"24\"\n    parent_id: \n    rgt: \"20\"\n  attributes_cache: {}\n\n'),(202,'Ruby on Rails Documentation',NULL,'.          ',NULL,'2010-03-30 03:02:54',NULL,24,'2010-06-02 13:46:51','2010-06-02 13:46:51','ruby-on-rails-documentation',0,'rails3','--- \n- !ruby/object:Category \n  attributes: \n    name: Delicious\n    created_at: 2010-06-02 13:35:47\n    updated_at: 2010-06-02 13:35:47\n    lft: \"19\"\n    id: \"24\"\n    parent_id: \n    rgt: \"20\"\n  attributes_cache: {}\n\n'),(203,'Chicago Printing | Chicago Printing Company | Online Printing Company | Chicago Digital Printing | Chicago Brochure Printing',NULL,'.          ',NULL,'2010-03-29 09:24:25',NULL,24,'2010-06-02 13:46:51','2010-06-02 13:46:51','chicago-printing-chicago-printing-company-online-printing-company-chicago-digital-printing-chicago-brochure-printing',0,'photoprint','--- \n- !ruby/object:Category \n  attributes: \n    name: Delicious\n    created_at: 2010-06-02 13:35:47\n    updated_at: 2010-06-02 13:35:47\n    lft: \"19\"\n    id: \"24\"\n    parent_id: \n    rgt: \"20\"\n  attributes_cache: {}\n\n'),(204,'git-cheat-sheet-medium.png (1100×850)',NULL,'.          ',NULL,'2010-03-28 09:08:54',NULL,24,'2010-06-02 13:46:52','2010-06-02 13:46:52','git-cheat-sheet-mediumpng-1100x850',0,'git','--- \n- !ruby/object:Category \n  attributes: \n    name: Delicious\n    created_at: 2010-06-02 13:35:47\n    updated_at: 2010-06-02 13:35:47\n    lft: \"19\"\n    id: \"24\"\n    parent_id: \n    rgt: \"20\"\n  attributes_cache: {}\n\n'),(205,'Git Wizardry / Git / Хабрахабр',NULL,'.          ',NULL,'2010-03-27 02:47:56',NULL,24,'2010-06-02 13:46:52','2010-06-02 13:46:52','git-wizardry-git-хабрахабр',0,'git, покуривать_время_от_времени','--- \n- !ruby/object:Category \n  attributes: \n    name: Delicious\n    created_at: 2010-06-02 13:35:47\n    updated_at: 2010-06-02 13:35:47\n    lft: \"19\"\n    id: \"24\"\n    parent_id: \n    rgt: \"20\"\n  attributes_cache: {}\n\n'),(206,'Learnivore: Ruby/Rails/iPhone screencasts',NULL,'.          ',NULL,'2010-03-27 02:44:27',NULL,24,'2010-06-02 13:46:52','2010-06-02 13:46:53','learnivore-rubyrailsiphone-screencasts',0,'ruby','--- \n- !ruby/object:Category \n  attributes: \n    name: Delicious\n    created_at: 2010-06-02 13:35:47\n    updated_at: 2010-06-02 13:35:47\n    lft: \"19\"\n    id: \"24\"\n    parent_id: \n    rgt: \"20\"\n  attributes_cache: {}\n\n'),(207,'INDEK.Биржа - многофункциональная система купли-продажи ссылок.',NULL,'.          ',NULL,'2010-03-25 02:44:44',NULL,24,'2010-06-02 13:46:53','2010-06-02 13:46:53','indekбиржа-многофункциональная-система-купли-продажи-ссылок',0,'seo','--- \n- !ruby/object:Category \n  attributes: \n    name: Delicious\n    created_at: 2010-06-02 13:35:47\n    updated_at: 2010-06-02 13:35:47\n    lft: \"19\"\n    id: \"24\"\n    parent_id: \n    rgt: \"20\"\n  attributes_cache: {}\n\n'),(208,'Блог MaulNet.ru – для тех, кто умеет зарабатывать в Интернете | Про SEO, заработок в Интернете, домены, партнерские программы, блоги',NULL,'.          ',NULL,'2010-03-25 02:33:01',NULL,24,'2010-06-02 13:46:53','2010-06-02 13:46:53','блог-maulnetru-–-для-тех-кто-умеет-зарабатывать-в-интернете-про-seo-заработок-в-интернете-домены-партнерские-программы-блоги',0,'seo','--- \n- !ruby/object:Category \n  attributes: \n    name: Delicious\n    created_at: 2010-06-02 13:35:47\n    updated_at: 2010-06-02 13:35:47\n    lft: \"19\"\n    id: \"24\"\n    parent_id: \n    rgt: \"20\"\n  attributes_cache: {}\n\n'),(209,'mastertalk реклама, поисковая оптимизация, рейтинги каталоги',NULL,'.          ',NULL,'2010-03-25 02:32:50',NULL,24,'2010-06-02 13:46:54','2010-06-02 13:46:54','mastertalk-реклама-поисковая-оптимизация-рейтинги-каталоги',0,'seo','--- \n- !ruby/object:Category \n  attributes: \n    name: Delicious\n    created_at: 2010-06-02 13:35:47\n    updated_at: 2010-06-02 13:35:47\n    lft: \"19\"\n    id: \"24\"\n    parent_id: \n    rgt: \"20\"\n  attributes_cache: {}\n\n'),(210,'SAPE.RU - покупка и продажа ссылок.',NULL,'.          ',NULL,'2010-03-25 02:31:56',NULL,24,'2010-06-02 13:46:54','2010-06-02 13:46:54','saperu-покупка-и-продажа-ссылок',0,'seo','--- \n- !ruby/object:Category \n  attributes: \n    name: Delicious\n    created_at: 2010-06-02 13:35:47\n    updated_at: 2010-06-02 13:35:47\n    lft: \"19\"\n    id: \"24\"\n    parent_id: \n    rgt: \"20\"\n  attributes_cache: {}\n\n'),(211,'Roem.ru | Все о российском интернет-бизнесе: инвестициях, стартапах, создании проектов и их продвижении.',NULL,'.          ',NULL,'2010-03-25 02:31:44',NULL,24,'2010-06-02 13:46:54','2010-06-02 13:46:54','roemru-все-о-российском-интернет-бизнесе-инвестициях-стартапах-создании-проектов-и-их-продвижении',0,'seo','--- \n- !ruby/object:Category \n  attributes: \n    name: Delicious\n    created_at: 2010-06-02 13:35:47\n    updated_at: 2010-06-02 13:35:47\n    lft: \"19\"\n    id: \"24\"\n    parent_id: \n    rgt: \"20\"\n  attributes_cache: {}\n\n'),(212,'Searchengines.ru - Поисковые системы, оптимизация и продвижение сайта',NULL,'.          ',NULL,'2010-03-25 02:27:56',NULL,24,'2010-06-02 13:46:55','2010-06-02 13:46:55','searchenginesru-поисковые-системы-оптимизация-и-продвижение-сайта',0,'seo','--- \n- !ruby/object:Category \n  attributes: \n    name: Delicious\n    created_at: 2010-06-02 13:35:47\n    updated_at: 2010-06-02 13:35:47\n    lft: \"19\"\n    id: \"24\"\n    parent_id: \n    rgt: \"20\"\n  attributes_cache: {}\n\n'),(213,'Etxt.RU - биржа контента, рерайтинг, копирайтинг, перевод, готовые статьи',NULL,'.          ',NULL,'2010-03-25 02:25:00',NULL,24,'2010-06-02 13:46:55','2010-06-02 13:46:55','etxtru-биржа-контента-рерайтинг-копирайтинг-перевод-готовые-статьи',0,'seo','--- \n- !ruby/object:Category \n  attributes: \n    name: Delicious\n    created_at: 2010-06-02 13:35:47\n    updated_at: 2010-06-02 13:35:47\n    lft: \"19\"\n    id: \"24\"\n    parent_id: \n    rgt: \"20\"\n  attributes_cache: {}\n\n'),(214,'Биржа копирайтинга - NeoText.ru',NULL,'.          ',NULL,'2010-03-25 02:24:37',NULL,24,'2010-06-02 13:46:55','2010-06-02 13:46:55','биржа-копирайтинга-neotextru',0,'seo','--- \n- !ruby/object:Category \n  attributes: \n    name: Delicious\n    created_at: 2010-06-02 13:35:47\n    updated_at: 2010-06-02 13:35:47\n    lft: \"19\"\n    id: \"24\"\n    parent_id: \n    rgt: \"20\"\n  attributes_cache: {}\n\n'),(215,'Текстовые биржи Рунета: взгляд изнутри (топ бирж копирайтеров) \"SEOadd\" - Блог ATOG\'a',NULL,'.          ',NULL,'2010-03-25 02:23:22',NULL,24,'2010-06-02 13:46:55','2010-06-02 13:46:55','текстовые-биржи-рунета-взгляд-изнутри-топ-бирж-копирайтеров-seoadd-блог-atoga',0,'seo','--- \n- !ruby/object:Category \n  attributes: \n    name: Delicious\n    created_at: 2010-06-02 13:35:47\n    updated_at: 2010-06-02 13:35:47\n    lft: \"19\"\n    id: \"24\"\n    parent_id: \n    rgt: \"20\"\n  attributes_cache: {}\n\n'),(216,'Биржа копирайтинга - NeoText.ru',NULL,'.          ',NULL,'2010-03-25 02:22:52',NULL,24,'2010-06-02 13:46:56','2010-06-02 13:46:56','биржа-копирайтинга-neotextru--2',0,'seo','--- \n- !ruby/object:Category \n  attributes: \n    name: Delicious\n    created_at: 2010-06-02 13:35:47\n    updated_at: 2010-06-02 13:35:47\n    lft: \"19\"\n    id: \"24\"\n    parent_id: \n    rgt: \"20\"\n  attributes_cache: {}\n\n'),(217,'Liex.ru - естественное продвижение сайтов',NULL,'.          ',NULL,'2010-03-25 02:21:48',NULL,24,'2010-06-02 13:46:56','2010-06-02 13:46:56','liexru-естественное-продвижение-сайтов',0,'seo','--- \n- !ruby/object:Category \n  attributes: \n    name: Delicious\n    created_at: 2010-06-02 13:35:47\n    updated_at: 2010-06-02 13:35:47\n    lft: \"19\"\n    id: \"24\"\n    parent_id: \n    rgt: \"20\"\n  attributes_cache: {}\n\n'),(218,'Rails 3 Reading Material | Medium eXposure',NULL,'.          ',NULL,'2010-03-23 19:44:24',NULL,24,'2010-06-02 13:46:56','2010-06-02 13:46:56','rails-3-reading-material-medium-exposure',0,'rails3','--- \n- !ruby/object:Category \n  attributes: \n    name: Delicious\n    created_at: 2010-06-02 13:35:47\n    updated_at: 2010-06-02 13:35:47\n    lft: \"19\"\n    id: \"24\"\n    parent_id: \n    rgt: \"20\"\n  attributes_cache: {}\n\n'),(219,'Edge Rails.info :: The Skinny on Scopes (Formerly named_scope)',NULL,'.          ',NULL,'2010-03-23 19:44:11',NULL,24,'2010-06-02 13:46:57','2010-06-02 13:46:57','edge-railsinfo-the-skinny-on-scopes-formerly-namedscope',0,'rails3','--- \n- !ruby/object:Category \n  attributes: \n    name: Delicious\n    created_at: 2010-06-02 13:35:47\n    updated_at: 2010-06-02 13:35:47\n    lft: \"19\"\n    id: \"24\"\n    parent_id: \n    rgt: \"20\"\n  attributes_cache: {}\n\n'),(220,'Rails Plugins Compatibility Tracking - RailsPlugins.org',NULL,'.          ',NULL,'2010-03-23 09:01:23',NULL,24,'2010-06-02 13:46:57','2010-06-02 13:46:57','rails-plugins-compatibility-tracking-railspluginsorg--2',0,'rails3','--- \n- !ruby/object:Category \n  attributes: \n    name: Delicious\n    created_at: 2010-06-02 13:35:47\n    updated_at: 2010-06-02 13:35:47\n    lft: \"19\"\n    id: \"24\"\n    parent_id: \n    rgt: \"20\"\n  attributes_cache: {}\n\n'),(221,'Django | The Web framework for perfectionists with deadlines',NULL,'.          ',NULL,'2010-03-23 05:06:53',NULL,24,'2010-06-02 13:46:57','2010-06-02 13:46:57','django-the-web-framework-for-perfectionists-with-deadlines',0,'python','--- \n- !ruby/object:Category \n  attributes: \n    name: Delicious\n    created_at: 2010-06-02 13:35:47\n    updated_at: 2010-06-02 13:35:47\n    lft: \"19\"\n    id: \"24\"\n    parent_id: \n    rgt: \"20\"\n  attributes_cache: {}\n\n'),(222,'Topsy - A search engine powered by tweets',NULL,'.          ',NULL,'2010-03-22 02:50:27',NULL,24,'2010-06-02 13:46:58','2010-06-02 13:46:58','topsy-a-search-engine-powered-by-tweets',0,'twitter','--- \n- !ruby/object:Category \n  attributes: \n    name: Delicious\n    created_at: 2010-06-02 13:35:47\n    updated_at: 2010-06-02 13:35:47\n    lft: \"19\"\n    id: \"24\"\n    parent_id: \n    rgt: \"20\"\n  attributes_cache: {}\n\n'),(223,'Twitter Search',NULL,'.          ',NULL,'2010-03-22 02:49:36',NULL,24,'2010-06-02 13:46:58','2010-06-02 13:46:58','twitter-search',0,'twitter','--- \n- !ruby/object:Category \n  attributes: \n    name: Delicious\n    created_at: 2010-06-02 13:35:47\n    updated_at: 2010-06-02 13:35:47\n    lft: \"19\"\n    id: \"24\"\n    parent_id: \n    rgt: \"20\"\n  attributes_cache: {}\n\n'),(224,'i print it — печать фотокниг, открыток и календарей из iPhoto',NULL,'.          ',NULL,'2010-03-22 02:17:57',NULL,24,'2010-06-02 13:46:58','2010-06-02 13:46:58','i-print-it-—-печать-фотокниг-открыток-и-календарей-из-iphoto',0,'photoprint','--- \n- !ruby/object:Category \n  attributes: \n    name: Delicious\n    created_at: 2010-06-02 13:35:47\n    updated_at: 2010-06-02 13:35:47\n    lft: \"19\"\n    id: \"24\"\n    parent_id: \n    rgt: \"20\"\n  attributes_cache: {}\n\n'),(225,'moo | we love to print',NULL,'.          ',NULL,'2010-03-22 01:30:22',NULL,24,'2010-06-02 13:46:59','2010-06-02 13:46:59','moo-we-love-to-print',0,'photoprint','--- \n- !ruby/object:Category \n  attributes: \n    name: Delicious\n    created_at: 2010-06-02 13:35:47\n    updated_at: 2010-06-02 13:35:47\n    lft: \"19\"\n    id: \"24\"\n    parent_id: \n    rgt: \"20\"\n  attributes_cache: {}\n\n'),(226,'Make your own photo book with Blurb',NULL,'.          ',NULL,'2010-03-22 01:28:17',NULL,24,'2010-06-02 13:46:59','2010-06-02 13:46:59','make-your-own-photo-book-with-blurb',0,'photoprint','--- \n- !ruby/object:Category \n  attributes: \n    name: Delicious\n    created_at: 2010-06-02 13:35:47\n    updated_at: 2010-06-02 13:35:47\n    lft: \"19\"\n    id: \"24\"\n    parent_id: \n    rgt: \"20\"\n  attributes_cache: {}\n\n'),(227,'Online Digital Photo Printing in India! Send Photos, Photo Greetings, Photo Calendars and Photo T-Shirts to India',NULL,'.          ',NULL,'2010-03-21 21:12:45',NULL,24,'2010-06-02 13:46:59','2010-06-02 13:46:59','online-digital-photo-printing-in-india-send-photos-photo-greetings-photo-calendars-and-photo-t-shirts-to-india',0,'photoprint','--- \n- !ruby/object:Category \n  attributes: \n    name: Delicious\n    created_at: 2010-06-02 13:35:47\n    updated_at: 2010-06-02 13:35:47\n    lft: \"19\"\n    id: \"24\"\n    parent_id: \n    rgt: \"20\"\n  attributes_cache: {}\n\n'),(228,'Napartner.ru — биржа бизнес партнерства, startup проекты, интернет стартап, идеи стартапов, партнерство, поиск бизнес партнера и инвестора, кредиты малому бизнесу с нуля, сотрудничество в бизнесе, поиск делового партнера и партнера по бизнесу.',NULL,'.          ',NULL,'2010-03-21 17:40:48',NULL,24,'2010-06-02 13:47:00','2010-06-02 13:47:00','napartnerru-—-биржа-бизнес-партнерства-startup-проекты-интернет-стартап-идеи-стартапов-партнерство-поиск-бизнес-партнера-и-инвестора-кредиты-малому-бизнесу-с-нуля-сотрудничество-в-бизнесе-поиск-делового-партнера-и-партнера-по-бизнесу',0,'startuphelp, партнерство','--- \n- !ruby/object:Category \n  attributes: \n    name: Delicious\n    created_at: 2010-06-02 13:35:47\n    updated_at: 2010-06-02 13:35:47\n    lft: \"19\"\n    id: \"24\"\n    parent_id: \n    rgt: \"20\"\n  attributes_cache: {}\n\n'),(229,'Getting Real by 37signals',NULL,'.          ',NULL,'2010-03-21 02:53:10',NULL,24,'2010-06-02 13:47:00','2010-06-02 13:47:00','getting-real-by-37signals',0,'Дочитать, проверка','--- \n- !ruby/object:Category \n  attributes: \n    name: Delicious\n    created_at: 2010-06-02 13:35:47\n    updated_at: 2010-06-02 13:35:47\n    lft: \"19\"\n    id: \"24\"\n    parent_id: \n    rgt: \"20\"\n  attributes_cache: {}\n\n'),(230,'Проверка домена, проверить домены и доменные имена :: Reg.Ru',NULL,'.          ',NULL,'2010-03-21 01:00:05',NULL,24,'2010-06-02 13:47:00','2010-06-02 13:47:00','проверка-домена-проверить-домены-и-доменные-имена-regru',0,'domain','--- \n- !ruby/object:Category \n  attributes: \n    name: Delicious\n    created_at: 2010-06-02 13:35:47\n    updated_at: 2010-06-02 13:35:47\n    lft: \"19\"\n    id: \"24\"\n    parent_id: \n    rgt: \"20\"\n  attributes_cache: {}\n\n'),(231,'Российские интернет-технологии 2010',NULL,'.          ',NULL,'2010-03-20 23:46:08',NULL,24,'2010-06-02 13:47:01','2010-06-02 13:47:01','российские-интернет-технологии-2010',0,'conference, startup','--- \n- !ruby/object:Category \n  attributes: \n    name: Delicious\n    created_at: 2010-06-02 13:35:47\n    updated_at: 2010-06-02 13:35:47\n    lft: \"19\"\n    id: \"24\"\n    parent_id: \n    rgt: \"20\"\n  attributes_cache: {}\n\n'),(232,'Диалоговая система диагностики diagnos.ru',NULL,'.          ',NULL,'2010-03-20 03:21:07',NULL,24,'2010-06-02 13:47:01','2010-06-02 13:47:01','диалоговая-система-диагностики-diagnosru',0,'','--- \n- !ruby/object:Category \n  attributes: \n    name: Delicious\n    created_at: 2010-06-02 13:35:47\n    updated_at: 2010-06-02 13:35:47\n    lft: \"19\"\n    id: \"24\"\n    parent_id: \n    rgt: \"20\"\n  attributes_cache: {}\n\n'),(233,'Java : Is there a good natural language processing library - Stack Overflow',NULL,'.          ',NULL,'2010-03-20 02:53:10',NULL,24,'2010-06-02 13:47:01','2010-06-02 13:47:01','java-is-there-a-good-natural-language-processing-library-stack-overflow',0,'nlp, java','--- \n- !ruby/object:Category \n  attributes: \n    name: Delicious\n    created_at: 2010-06-02 13:35:47\n    updated_at: 2010-06-02 13:35:47\n    lft: \"19\"\n    id: \"24\"\n    parent_id: \n    rgt: \"20\"\n  attributes_cache: {}\n\n'),(234,'Getting Real by 37signals',NULL,'.          ',NULL,'2010-03-20 01:52:47',NULL,24,'2010-06-02 13:47:02','2010-06-02 13:47:02','getting-real-by-37signals--2',0,'readthis!','--- \n- !ruby/object:Category \n  attributes: \n    name: Delicious\n    created_at: 2010-06-02 13:35:47\n    updated_at: 2010-06-02 13:35:47\n    lft: \"19\"\n    id: \"24\"\n    parent_id: \n    rgt: \"20\"\n  attributes_cache: {}\n\n'),(235,'DevConf - конференция профессиональных вебразработчиков, посвященная ведущим технологиям программирования и вебразработки',NULL,'.          ',NULL,'2010-03-20 01:52:23',NULL,24,'2010-06-02 13:47:02','2010-06-02 13:47:02','devconf-конференция-профессиональных-вебразработчиков-посвященная-ведущим-технологиям-программирования-и-вебразработки',0,'startuphelp','--- \n- !ruby/object:Category \n  attributes: \n    name: Delicious\n    created_at: 2010-06-02 13:35:47\n    updated_at: 2010-06-02 13:35:47\n    lft: \"19\"\n    id: \"24\"\n    parent_id: \n    rgt: \"20\"\n  attributes_cache: {}\n\n'),(236,'Сервис upXP.ru — повышение опыта в реальных проектах! / Идеи для стартапов / Хабрахабр',NULL,'.          ',NULL,'2010-03-20 01:52:05',NULL,24,'2010-06-02 13:47:02','2010-06-02 13:47:03','сервис-upxpru-—-повышение-опыта-в-реальных-проектах-идеи-для-стартапов-хабрахабр',0,'startuphelp','--- \n- !ruby/object:Category \n  attributes: \n    name: Delicious\n    created_at: 2010-06-02 13:35:47\n    updated_at: 2010-06-02 13:35:47\n    lft: \"19\"\n    id: \"24\"\n    parent_id: \n    rgt: \"20\"\n  attributes_cache: {}\n\n'),(237,'Harvest — превратим идеи в проекты за 2 дня',NULL,'.          ',NULL,'2010-03-20 01:48:57',NULL,24,'2010-06-02 13:47:03','2010-06-02 13:47:03','harvest-—-превратим-идеи-в-проекты-за-2-дня',0,'startuphelp','--- \n- !ruby/object:Category \n  attributes: \n    name: Delicious\n    created_at: 2010-06-02 13:35:47\n    updated_at: 2010-06-02 13:35:47\n    lft: \"19\"\n    id: \"24\"\n    parent_id: \n    rgt: \"20\"\n  attributes_cache: {}\n\n'),(238,'PARTAGE - ServicesWeb20.com - Services Web 2.0 - Le répertoire web 2.0',NULL,'.          ',NULL,'2010-03-20 00:34:32',NULL,24,'2010-06-02 13:47:03','2010-06-02 13:47:03','partage-servicesweb20com-services-web-20-le-repertoire-web-20',0,'inspiration, catalog, Web2.0','--- \n- !ruby/object:Category \n  attributes: \n    name: Delicious\n    created_at: 2010-06-02 13:35:47\n    updated_at: 2010-06-02 13:35:47\n    lft: \"19\"\n    id: \"24\"\n    parent_id: \n    rgt: \"20\"\n  attributes_cache: {}\n\n'),(239,'Панель вебмастера',NULL,'.          ',NULL,'2010-03-19 23:00:24',NULL,24,'2010-06-02 13:47:03','2010-06-02 13:47:03','панель-вебмастера',0,'seo, ideas, inspiration, business, work, freelance','--- \n- !ruby/object:Category \n  attributes: \n    name: Delicious\n    created_at: 2010-06-02 13:35:47\n    updated_at: 2010-06-02 13:35:47\n    lft: \"19\"\n    id: \"24\"\n    parent_id: \n    rgt: \"20\"\n  attributes_cache: {}\n\n'),(240,'Zazzle | Custom T-Shirts, Personalized Gifts, Posters, Art, and more',NULL,'.          ',NULL,'2010-03-19 15:39:50',NULL,24,'2010-06-02 13:47:04','2010-06-02 13:47:04','zazzle-custom-t-shirts-personalized-gifts-posters-art-and-more',0,'photo, print, photoprint','--- \n- !ruby/object:Category \n  attributes: \n    name: Delicious\n    created_at: 2010-06-02 13:35:47\n    updated_at: 2010-06-02 13:35:47\n    lft: \"19\"\n    id: \"24\"\n    parent_id: \n    rgt: \"20\"\n  attributes_cache: {}\n\n'),(241,'TrueVDS: Заказ',NULL,'.          ',NULL,'2010-03-19 02:41:04',NULL,24,'2010-06-02 13:47:04','2010-06-02 13:47:04','truevds-заказ',0,'webhosting','--- \n- !ruby/object:Category \n  attributes: \n    name: Delicious\n    created_at: 2010-06-02 13:35:47\n    updated_at: 2010-06-02 13:35:47\n    lft: \"19\"\n    id: \"24\"\n    parent_id: \n    rgt: \"20\"\n  attributes_cache: {}\n\n'),(242,'OAuth « hueniverse',NULL,'.          ',NULL,'2010-03-19 01:45:05',NULL,24,'2010-06-02 13:47:05','2010-06-02 13:47:05','oauth-hueniverse',0,'oauth','--- \n- !ruby/object:Category \n  attributes: \n    name: Delicious\n    created_at: 2010-06-02 13:35:47\n    updated_at: 2010-06-02 13:35:47\n    lft: \"19\"\n    id: \"24\"\n    parent_id: \n    rgt: \"20\"\n  attributes_cache: {}\n\n'),(243,'Общая лента — Identi.ca',NULL,'.          ',NULL,'2010-03-18 19:59:27',NULL,24,'2010-06-02 13:47:05','2010-06-02 13:47:05','общая-лента-—-identica',0,'opensource, php, twitter, statusnet, startup','--- \n- !ruby/object:Category \n  attributes: \n    name: Delicious\n    created_at: 2010-06-02 13:35:47\n    updated_at: 2010-06-02 13:35:47\n    lft: \"19\"\n    id: \"24\"\n    parent_id: \n    rgt: \"20\"\n  attributes_cache: {}\n\n'),(244,'Виртуальный тур по производству типографии 50 Копеек',NULL,'.          ',NULL,'2010-03-09 17:06:16',NULL,24,'2010-06-02 13:47:05','2010-06-02 13:47:05','виртуальный-тур-по-производству-типографии-50-копеек',0,'','--- \n- !ruby/object:Category \n  attributes: \n    name: Delicious\n    created_at: 2010-06-02 13:35:47\n    updated_at: 2010-06-02 13:35:47\n    lft: \"19\"\n    id: \"24\"\n    parent_id: \n    rgt: \"20\"\n  attributes_cache: {}\n\n'),(245,'Harvest — превратим идеи в проекты за 2 дня » Видео',NULL,'.          ',NULL,'2010-03-09 00:53:50',NULL,24,'2010-06-02 13:47:06','2010-06-02 13:47:06','harvest-—-превратим-идеи-в-проекты-за-2-дня-видео',0,'досмотреть_и_удалить','--- \n- !ruby/object:Category \n  attributes: \n    name: Delicious\n    created_at: 2010-06-02 13:35:47\n    updated_at: 2010-06-02 13:35:47\n    lft: \"19\"\n    id: \"24\"\n    parent_id: \n    rgt: \"20\"\n  attributes_cache: {}\n\n'),(246,'Technorati',NULL,'.          ',NULL,'2010-02-18 18:40:54',NULL,24,'2010-06-02 13:47:06','2010-06-02 13:47:06','technorati',0,'Web2.0','--- \n- !ruby/object:Category \n  attributes: \n    name: Delicious\n    created_at: 2010-06-02 13:35:47\n    updated_at: 2010-06-02 13:35:47\n    lft: \"19\"\n    id: \"24\"\n    parent_id: \n    rgt: \"20\"\n  attributes_cache: {}\n\n'),(247,'LinkedIn | Relationships Matter',NULL,'.          ',NULL,'2010-02-18 18:40:28',NULL,24,'2010-06-02 13:47:06','2010-06-02 13:47:06','linkedin-relationships-matter',0,'Web2.0','--- \n- !ruby/object:Category \n  attributes: \n    name: Delicious\n    created_at: 2010-06-02 13:35:47\n    updated_at: 2010-06-02 13:35:47\n    lft: \"19\"\n    id: \"24\"\n    parent_id: \n    rgt: \"20\"\n  attributes_cache: {}\n\n'),(248,'Bayesian Classification on Rails | Logan Koester',NULL,'.          ',NULL,'2010-02-11 02:08:26',NULL,24,'2010-06-02 13:47:07','2010-06-04 04:34:32','bayesian-classification-on-rails-logan-koester',1,'rubyonrails, bayesian','--- \n- !ruby/object:Category \n  attributes: \n    name: !binary |\n      0JvQtdC90YLQsCBXZWIgMi4w\n\n    created_at: 2010-06-02 13:53:11\n    updated_at: 2010-06-02 13:53:11\n    lft: \"17\"\n    id: \"25\"\n    parent_id: \n    rgt: \"24\"\n  attributes_cache: {}\n\n- !ruby/object:Category \n  attributes: \n    name: Delicious\n    created_at: 2010-06-02 13:35:47\n    updated_at: 2010-06-02 13:53:31\n    lft: \"18\"\n    id: \"24\"\n    parent_id: \"25\"\n    rgt: \"19\"\n  attributes_cache: {}\n\n'),(249,'Конференция по Ruby On Rails',NULL,'.          ',NULL,'2010-01-27 23:24:20',NULL,24,'2010-06-02 13:47:07','2010-06-02 13:47:07','конференция-по-ruby-on-rails',0,'rails','--- \n- !ruby/object:Category \n  attributes: \n    name: Delicious\n    created_at: 2010-06-02 13:35:47\n    updated_at: 2010-06-02 13:35:47\n    lft: \"19\"\n    id: \"24\"\n    parent_id: \n    rgt: \"20\"\n  attributes_cache: {}\n\n'),(250,'Active Record -- Object-relation mapping put on rails',NULL,'.          ',NULL,'2010-01-27 00:16:28',NULL,24,'2010-06-02 13:47:07','2010-06-02 13:47:07','active-record-object-relation-mapping-put-on-rails',0,'rails','--- \n- !ruby/object:Category \n  attributes: \n    name: Delicious\n    created_at: 2010-06-02 13:35:47\n    updated_at: 2010-06-02 13:35:47\n    lft: \"19\"\n    id: \"24\"\n    parent_id: \n    rgt: \"20\"\n  attributes_cache: {}\n\n'),(251,'haml',NULL,'.          ',NULL,'2010-01-26 12:39:54',NULL,24,'2010-06-02 13:47:08','2010-06-02 13:47:08','haml',0,'haml','--- \n- !ruby/object:Category \n  attributes: \n    name: Delicious\n    created_at: 2010-06-02 13:35:47\n    updated_at: 2010-06-02 13:35:47\n    lft: \"19\"\n    id: \"24\"\n    parent_id: \n    rgt: \"20\"\n  attributes_cache: {}\n\n'),(252,'StartupPoint.ru - Сообщество стартаперов и инвесторов',NULL,'.          ',NULL,'2010-01-13 00:25:25',NULL,24,'2010-06-02 13:47:08','2010-06-02 13:47:08','startuppointru-сообщество-стартаперов-и-инвесторов',0,'startuphelp','--- \n- !ruby/object:Category \n  attributes: \n    name: Delicious\n    created_at: 2010-06-02 13:35:47\n    updated_at: 2010-06-02 13:35:47\n    lft: \"19\"\n    id: \"24\"\n    parent_id: \n    rgt: \"20\"\n  attributes_cache: {}\n\n'),(253,'Бизнес-инкубатор',NULL,'.          ',NULL,'2010-01-13 00:25:07',NULL,24,'2010-06-02 13:47:08','2010-06-02 13:47:08','бизнес-инкубатор--2',0,'startup','--- \n- !ruby/object:Category \n  attributes: \n    name: Delicious\n    created_at: 2010-06-02 13:35:47\n    updated_at: 2010-06-02 13:35:47\n    lft: \"19\"\n    id: \"24\"\n    parent_id: \n    rgt: \"20\"\n  attributes_cache: {}\n\n'),(254,'Startup Weekend',NULL,'.          ',NULL,'2010-01-13 00:24:42',NULL,24,'2010-06-02 13:47:08','2010-06-02 13:47:09','startup-weekend',0,'startup','--- \n- !ruby/object:Category \n  attributes: \n    name: Delicious\n    created_at: 2010-06-02 13:35:47\n    updated_at: 2010-06-02 13:35:47\n    lft: \"19\"\n    id: \"24\"\n    parent_id: \n    rgt: \"20\"\n  attributes_cache: {}\n\n'),(255,'StartupEX — взаимопомощь стартаперов',NULL,'.          ',NULL,'2010-01-12 23:48:21',NULL,24,'2010-06-02 13:47:09','2010-06-02 13:47:09','startupex-—-взаимопомощь-стартаперов',0,'startup','--- \n- !ruby/object:Category \n  attributes: \n    name: Delicious\n    created_at: 2010-06-02 13:35:47\n    updated_at: 2010-06-02 13:35:47\n    lft: \"19\"\n    id: \"24\"\n    parent_id: \n    rgt: \"20\"\n  attributes_cache: {}\n\n'),(256,'Ruby on Rails guides',NULL,'.          ',NULL,'2010-01-12 08:29:05',NULL,24,'2010-06-02 13:47:09','2010-06-02 13:47:09','ruby-on-rails-guides',0,'rubyonrails','--- \n- !ruby/object:Category \n  attributes: \n    name: Delicious\n    created_at: 2010-06-02 13:35:47\n    updated_at: 2010-06-02 13:35:47\n    lft: \"19\"\n    id: \"24\"\n    parent_id: \n    rgt: \"20\"\n  attributes_cache: {}\n\n'),(257,'Mr. Neighborly\'s Humble Little Ruby Book',NULL,'.          ',NULL,'2010-01-09 11:36:23',NULL,24,'2010-06-02 13:47:09','2010-06-02 13:47:09','mr-neighborlys-humble-little-ruby-book',0,'','--- \n- !ruby/object:Category \n  attributes: \n    name: Delicious\n    created_at: 2010-06-02 13:35:47\n    updated_at: 2010-06-02 13:35:47\n    lft: \"19\"\n    id: \"24\"\n    parent_id: \n    rgt: \"20\"\n  attributes_cache: {}\n\n'),(258,'[Ruby-Doc.org: Documenting the Ruby Language]',NULL,'.          ',NULL,'2010-01-09 11:36:06',NULL,24,'2010-06-02 13:47:10','2010-06-02 13:47:10','ruby-docorg-documenting-the-ruby-language',0,'','--- \n- !ruby/object:Category \n  attributes: \n    name: Delicious\n    created_at: 2010-06-02 13:35:47\n    updated_at: 2010-06-02 13:35:47\n    lft: \"19\"\n    id: \"24\"\n    parent_id: \n    rgt: \"20\"\n  attributes_cache: {}\n\n'),(259,'The Ruby Toolbox: Know your options!',NULL,'.          ',NULL,'2010-01-09 05:12:58',NULL,24,'2010-06-02 13:47:10','2010-06-02 13:47:10','the-ruby-toolbox-know-your-options--2',0,'','--- \n- !ruby/object:Category \n  attributes: \n    name: Delicious\n    created_at: 2010-06-02 13:35:47\n    updated_at: 2010-06-02 13:35:47\n    lft: \"19\"\n    id: \"24\"\n    parent_id: \n    rgt: \"20\"\n  attributes_cache: {}\n\n'),(260,'Open Source Rails | adva cms',NULL,'.          ',NULL,'2010-01-08 23:26:44',NULL,24,'2010-06-02 13:47:10','2010-06-02 13:47:10','open-source-rails-adva-cms',0,'rubyonrails','--- \n- !ruby/object:Category \n  attributes: \n    name: Delicious\n    created_at: 2010-06-02 13:35:47\n    updated_at: 2010-06-02 13:35:47\n    lft: \"19\"\n    id: \"24\"\n    parent_id: \n    rgt: \"20\"\n  attributes_cache: {}\n\n'),(261,'Working With Rails - Home',NULL,'.          ',NULL,'2010-01-06 20:33:27',NULL,24,'2010-06-02 13:47:11','2010-06-02 13:47:11','working-with-rails-home',0,'rubyonrails','--- \n- !ruby/object:Category \n  attributes: \n    name: Delicious\n    created_at: 2010-06-02 13:35:47\n    updated_at: 2010-06-02 13:35:47\n    lft: \"19\"\n    id: \"24\"\n    parent_id: \n    rgt: \"20\"\n  attributes_cache: {}\n\n'),(262,'Ruby Language Reference Manual',NULL,'.          ',NULL,'2010-01-05 02:38:07',NULL,24,'2010-06-02 13:47:11','2010-06-02 13:47:11','ruby-language-reference-manual',0,'from_toshiba, ruby','--- \n- !ruby/object:Category \n  attributes: \n    name: Delicious\n    created_at: 2010-06-02 13:35:47\n    updated_at: 2010-06-02 13:35:47\n    lft: \"19\"\n    id: \"24\"\n    parent_id: \n    rgt: \"20\"\n  attributes_cache: {}\n\n'),(263,'Руководство по поисковой оптимизации для начинающих от Google (Google Webmaster Help)',NULL,'.          ',NULL,'2010-01-05 01:22:38',NULL,24,'2010-06-02 13:47:11','2010-06-02 13:47:11','руководство-по-поисковой-оптимизации-для-начинающих-от-google-google-webmaster-help',0,'from_toshiba, seo, google, tutorial, оптимизация, webdev, сайт, blog','--- \n- !ruby/object:Category \n  attributes: \n    name: Delicious\n    created_at: 2010-06-02 13:35:47\n    updated_at: 2010-06-02 13:35:47\n    lft: \"19\"\n    id: \"24\"\n    parent_id: \n    rgt: \"20\"\n  attributes_cache: {}\n\n'),(264,'Партнеры системы LinkFeed.ru',NULL,'.          ',NULL,'2010-01-05 01:18:26',NULL,24,'2010-06-02 13:47:12','2010-06-02 13:47:12','партнеры-системы-linkfeedru',0,'from_toshiba','--- \n- !ruby/object:Category \n  attributes: \n    name: Delicious\n    created_at: 2010-06-02 13:35:47\n    updated_at: 2010-06-02 13:35:47\n    lft: \"19\"\n    id: \"24\"\n    parent_id: \n    rgt: \"20\"\n  attributes_cache: {}\n\n'),(265,'Система регистрации доменных имен в зонах .RU/.SU и международных зонах com, net, org, biz, info, in, ws, cn.',NULL,'.          ',NULL,'2010-01-05 01:16:40',NULL,24,'2010-06-02 13:47:12','2010-06-02 13:47:12','система-регистрации-доменных-имен-в-зонах-rusu-и-международных-зонах-com-net-org-biz-info-in-ws-cn',0,'from_toshiba','--- \n- !ruby/object:Category \n  attributes: \n    name: Delicious\n    created_at: 2010-06-02 13:35:47\n    updated_at: 2010-06-02 13:35:47\n    lft: \"19\"\n    id: \"24\"\n    parent_id: \n    rgt: \"20\"\n  attributes_cache: {}\n\n'),(266,'Премиум-домены в зоне RU / SU / AM :: Reg.Ru',NULL,'.          ',NULL,'2010-01-05 01:16:36',NULL,24,'2010-06-02 13:47:13','2010-06-02 13:47:13','премиум-домены-в-зоне-ru-su-am-regru',0,'from_toshiba','--- \n- !ruby/object:Category \n  attributes: \n    name: Delicious\n    created_at: 2010-06-02 13:35:47\n    updated_at: 2010-06-02 13:35:47\n    lft: \"19\"\n    id: \"24\"\n    parent_id: \n    rgt: \"20\"\n  attributes_cache: {}\n\n'),(267,'SEO >> Морфология',NULL,'.          ',NULL,'2010-01-04 14:37:16',NULL,24,'2010-06-02 13:47:13','2010-06-02 13:47:13','seo-морфология',0,'from_toshiba','--- \n- !ruby/object:Category \n  attributes: \n    name: Delicious\n    created_at: 2010-06-02 13:35:47\n    updated_at: 2010-06-02 13:35:47\n    lft: \"19\"\n    id: \"24\"\n    parent_id: \n    rgt: \"20\"\n  attributes_cache: {}\n\n'),(268,'Front page - APIdock',NULL,'.          ',NULL,'2010-01-04 02:42:15',NULL,24,'2010-06-02 13:47:13','2010-06-02 13:47:13','front-page-apidock',0,'from_toshiba, ruby, rails, api, documentation, rubyonrails, reference, rspec','--- \n- !ruby/object:Category \n  attributes: \n    name: Delicious\n    created_at: 2010-06-02 13:35:47\n    updated_at: 2010-06-02 13:35:47\n    lft: \"19\"\n    id: \"24\"\n    parent_id: \n    rgt: \"20\"\n  attributes_cache: {}\n\n'),(269,'http://guides.rails.info/',NULL,'.          ',NULL,'2010-01-04 00:34:51',NULL,24,'2010-06-02 13:47:14','2010-06-02 13:47:14','httpguidesrailsinfo',0,'from_toshiba, rails, rubyonrails, ruby, tutorial, documentation, reference','--- \n- !ruby/object:Category \n  attributes: \n    name: Delicious\n    created_at: 2010-06-02 13:35:47\n    updated_at: 2010-06-02 13:35:47\n    lft: \"19\"\n    id: \"24\"\n    parent_id: \n    rgt: \"20\"\n  attributes_cache: {}\n\n'),(270,'rdoc.info',NULL,'.          ',NULL,'2010-01-04 00:34:47',NULL,24,'2010-06-02 13:47:14','2010-06-02 13:47:14','rdocinfo',0,'from_toshiba, ruby, documentation, rdoc, github, api, rails, docs','--- \n- !ruby/object:Category \n  attributes: \n    name: Delicious\n    created_at: 2010-06-02 13:35:47\n    updated_at: 2010-06-02 13:35:47\n    lft: \"19\"\n    id: \"24\"\n    parent_id: \n    rgt: \"20\"\n  attributes_cache: {}\n\n'),(271,'Search: cms - GitHub',NULL,'.          ',NULL,'2010-01-04 00:34:38',NULL,24,'2010-06-02 13:47:15','2010-06-02 13:47:15','search-cms-github',0,'from_toshiba','--- \n- !ruby/object:Category \n  attributes: \n    name: Delicious\n    created_at: 2010-06-02 13:35:47\n    updated_at: 2010-06-02 13:35:47\n    lft: \"19\"\n    id: \"24\"\n    parent_id: \n    rgt: \"20\"\n  attributes_cache: {}\n\n'),(272,'Open Source Rails',NULL,'.          ',NULL,'2010-01-04 00:34:32',NULL,24,'2010-06-02 13:47:15','2010-06-02 13:47:15','open-source-rails',0,'from_toshiba, rails, opensource, rubyonrails, ruby, application, gallery, free','--- \n- !ruby/object:Category \n  attributes: \n    name: Delicious\n    created_at: 2010-06-02 13:35:47\n    updated_at: 2010-06-02 13:35:47\n    lft: \"19\"\n    id: \"24\"\n    parent_id: \n    rgt: \"20\"\n  attributes_cache: {}\n\n'),(273,'15 Free Open Source Ruby On Rails Applications',NULL,'.          ',NULL,'2010-01-04 00:34:27',NULL,24,'2010-06-02 13:47:16','2010-06-02 13:47:16','15-free-open-source-ruby-on-rails-applications',0,'from_toshiba, rails, ruby, opensource, apps, rubyonrails, free, ecommerce','--- \n- !ruby/object:Category \n  attributes: \n    name: Delicious\n    created_at: 2010-06-02 13:35:47\n    updated_at: 2010-06-02 13:35:47\n    lft: \"19\"\n    id: \"24\"\n    parent_id: \n    rgt: \"20\"\n  attributes_cache: {}\n\n'),(274,'Corbina.TV \"@0=A;OF88 MD8@=>3> B5;52845=8O',NULL,'.          ',NULL,'2007-12-17 02:05:13',NULL,24,'2010-06-02 13:47:16','2010-06-02 13:47:16','corbinatv-0aof88-md83-b5528458o',0,'imported, tv','--- \n- !ruby/object:Category \n  attributes: \n    name: Delicious\n    created_at: 2010-06-02 13:35:47\n    updated_at: 2010-06-02 13:35:47\n    lft: \"19\"\n    id: \"24\"\n    parent_id: \n    rgt: \"20\"\n  attributes_cache: {}\n\n'),(275,'FlazX - eBook By Category (MySQL)',NULL,'.          ',NULL,'2007-12-17 02:05:13',NULL,24,'2010-06-02 13:47:17','2010-06-02 13:47:17','flazx-ebook-by-category-mysql',0,'imported','--- \n- !ruby/object:Category \n  attributes: \n    name: Delicious\n    created_at: 2010-06-02 13:35:47\n    updated_at: 2010-06-02 13:35:47\n    lft: \"19\"\n    id: \"24\"\n    parent_id: \n    rgt: \"20\"\n  attributes_cache: {}\n\n'),(276,'High Scalability Building bigger, faster, more reliable websites.',NULL,'.          ',NULL,'2007-12-17 02:05:13',NULL,24,'2010-06-02 13:47:17','2010-06-02 13:47:17','high-scalability-building-bigger-faster-more-reliable-websites',0,'imported, scalability','--- \n- !ruby/object:Category \n  attributes: \n    name: Delicious\n    created_at: 2010-06-02 13:35:47\n    updated_at: 2010-06-02 13:35:47\n    lft: \"19\"\n    id: \"24\"\n    parent_id: \n    rgt: \"20\"\n  attributes_cache: {}\n\n'),(277,'1C-⊘8B@8:A #?@02;5=85 A09B>< - ⊘51>;LH>9 20@80=B @50;870F88 AJAX 2 ⊘8B@8:A5',NULL,'.          ',NULL,'2007-12-17 02:05:13',NULL,24,'2010-06-02 13:47:17','2010-06-02 13:47:17','1c-⊘8b8a-02585-a09b-⊘51lh9-2080b-50870f88-ajax-2-⊘8b8a5',0,'imported','--- \n- !ruby/object:Category \n  attributes: \n    name: Delicious\n    created_at: 2010-06-02 13:35:47\n    updated_at: 2010-06-02 13:35:47\n    lft: \"19\"\n    id: \"24\"\n    parent_id: \n    rgt: \"20\"\n  attributes_cache: {}\n\n'),(278,'Sphinx - Free open-source SQL full-text search engine',NULL,'.          ',NULL,'2007-12-17 02:05:13',NULL,24,'2010-06-02 13:47:18','2010-06-02 13:47:18','sphinx-free-open-source-sql-full-text-search-engine',0,'imported, search','--- \n- !ruby/object:Category \n  attributes: \n    name: Delicious\n    created_at: 2010-06-02 13:35:47\n    updated_at: 2010-06-02 13:35:47\n    lft: \"19\"\n    id: \"24\"\n    parent_id: \n    rgt: \"20\"\n  attributes_cache: {}\n\n'),(279,'deliGoo 70 =545;N «B>@<>7OI89» Lifehacker, 7;>1=K5 04<8=K del.icio.us 8 Web product of the week - !B0@B0?K - ⊘;>38 - %01@0E01@',NULL,'.          ',NULL,'2007-12-17 02:05:13',NULL,24,'2010-06-02 13:47:18','2010-06-02 13:47:18','deligoo-70-545n-b7oi89-lifehacker-71k5-048k-delicious-8-web-product-of-the-week-b0b0k-⊘38-010e01',0,'imported, deliGoo','--- \n- !ruby/object:Category \n  attributes: \n    name: Delicious\n    created_at: 2010-06-02 13:35:47\n    updated_at: 2010-06-02 13:35:47\n    lft: \"19\"\n    id: \"24\"\n    parent_id: \n    rgt: \"20\"\n  attributes_cache: {}\n\n'),(280,'Top10SQLPerformanceTips - MySQLForge Wiki',NULL,'.          ',NULL,'2007-12-17 02:05:13',NULL,24,'2010-06-02 13:47:18','2010-06-02 13:47:18','top10sqlperformancetips-mysqlforge-wiki',0,'imported, mysql','--- \n- !ruby/object:Category \n  attributes: \n    name: Delicious\n    created_at: 2010-06-02 13:35:47\n    updated_at: 2010-06-02 13:35:47\n    lft: \"19\"\n    id: \"24\"\n    parent_id: \n    rgt: \"20\"\n  attributes_cache: {}\n\n'),(281,'K7 TUBE',NULL,'.          ',NULL,'2007-12-17 02:05:13',NULL,24,'2010-06-02 13:47:19','2010-06-02 13:47:19','k7-tube',0,'imported','--- \n- !ruby/object:Category \n  attributes: \n    name: Delicious\n    created_at: 2010-06-02 13:35:47\n    updated_at: 2010-06-02 13:35:47\n    lft: \"19\"\n    id: \"24\"\n    parent_id: \n    rgt: \"20\"\n  attributes_cache: {}\n\n'),(282,'Drop.io Simple, Private Storage & Sharing',NULL,'.          ',NULL,'2007-12-17 02:05:13',NULL,24,'2010-06-02 13:47:19','2010-06-02 13:47:19','dropio-simple-private-storage-sharing',0,'imported, storage','--- \n- !ruby/object:Category \n  attributes: \n    name: Delicious\n    created_at: 2010-06-02 13:35:47\n    updated_at: 2010-06-02 13:35:47\n    lft: \"19\"\n    id: \"24\"\n    parent_id: \n    rgt: \"20\"\n  attributes_cache: {}\n\n'),(283,'MySQL AB How to Monitor MySQL\'s performance',NULL,'.          ',NULL,'2007-12-17 02:05:13',NULL,24,'2010-06-02 13:47:19','2010-06-02 13:47:19','mysql-ab-how-to-monitor-mysqls-performance',0,'imported, mysql','--- \n- !ruby/object:Category \n  attributes: \n    name: Delicious\n    created_at: 2010-06-02 13:35:47\n    updated_at: 2010-06-02 13:35:47\n    lft: \"19\"\n    id: \"24\"\n    parent_id: \n    rgt: \"20\"\n  attributes_cache: {}\n\n'),(284,'The Data Charmer',NULL,'.          ',NULL,'2007-12-17 02:05:13',NULL,24,'2010-06-02 13:47:20','2010-06-02 13:47:20','the-data-charmer',0,'imported, mysql','--- \n- !ruby/object:Category \n  attributes: \n    name: Delicious\n    created_at: 2010-06-02 13:35:47\n    updated_at: 2010-06-02 13:35:47\n    lft: \"19\"\n    id: \"24\"\n    parent_id: \n    rgt: \"20\"\n  attributes_cache: {}\n\n'),(285,'Tutorial - Zend Framework Development - Zend Framework Wiki',NULL,'.          ',NULL,'2007-12-17 02:05:13',NULL,24,'2010-06-02 13:47:20','2010-06-02 13:47:20','tutorial-zend-framework-development-zend-framework-wiki',0,'imported','--- \n- !ruby/object:Category \n  attributes: \n    name: Delicious\n    created_at: 2010-06-02 13:35:47\n    updated_at: 2010-06-02 13:35:47\n    lft: \"19\"\n    id: \"24\"\n    parent_id: \n    rgt: \"20\"\n  attributes_cache: {}\n\n'),(286,'@Customising custom corners and borders | 456 Berea Street',NULL,'.          ',NULL,'2007-12-06 10:08:30',NULL,24,'2010-06-02 13:47:20','2010-06-02 13:47:20','customising-custom-corners-and-borders-456-berea-street',0,'imported, from, firefox, css','--- \n- !ruby/object:Category \n  attributes: \n    name: Delicious\n    created_at: 2010-06-02 13:35:47\n    updated_at: 2010-06-02 13:35:47\n    lft: \"19\"\n    id: \"24\"\n    parent_id: \n    rgt: \"20\"\n  attributes_cache: {}\n\n'),(287,'ONLamp.com -- PHP Search Engine Showdown',NULL,'.          ',NULL,'2007-12-06 05:02:04',NULL,24,'2010-06-02 13:47:21','2010-06-02 13:47:21','onlampcom-php-search-engine-showdown',0,'imported, from, firefox, php','--- \n- !ruby/object:Category \n  attributes: \n    name: Delicious\n    created_at: 2010-06-02 13:35:47\n    updated_at: 2010-06-02 13:35:47\n    lft: \"19\"\n    id: \"24\"\n    parent_id: \n    rgt: \"20\"\n  attributes_cache: {}\n\n'),(288,'JonDesign\'s (Javascript) Smooth SlideShow - Showcase Mode - BCB =0;>65=85 B5:AB0 =0 :0@B8=:C',NULL,'.          ',NULL,'2007-12-04 20:37:49',NULL,24,'2010-06-02 13:47:21','2010-06-02 13:47:21','jondesigns-javascript-smooth-slideshow-showcase-mode-bcb-06585-b5ab0-0-0b8c',0,'imported, from, firefox, slideshow','--- \n- !ruby/object:Category \n  attributes: \n    name: Delicious\n    created_at: 2010-06-02 13:35:47\n    updated_at: 2010-06-02 13:35:47\n    lft: \"19\"\n    id: \"24\"\n    parent_id: \n    rgt: \"20\"\n  attributes_cache: {}\n\n'),(289,'Hot Scripts :: JavaScript :: Scripts and Programs :: Navigation :: Menus',NULL,'.          ',NULL,'2007-12-04 20:34:34',NULL,24,'2010-06-02 13:47:22','2010-06-02 13:47:22','hot-scripts-javascript-scripts-and-programs-navigation-menus',0,'imported, from, firefox','--- \n- !ruby/object:Category \n  attributes: \n    name: Delicious\n    created_at: 2010-06-02 13:35:47\n    updated_at: 2010-06-02 13:35:47\n    lft: \"19\"\n    id: \"24\"\n    parent_id: \n    rgt: \"20\"\n  attributes_cache: {}\n\n'),(290,'JavaScript Scripts - Navigation Tools',NULL,'.          ',NULL,'2007-12-04 20:31:50',NULL,24,'2010-06-02 13:47:22','2010-06-02 13:47:22','javascript-scripts-navigation-tools',0,'imported, from, firefox','--- \n- !ruby/object:Category \n  attributes: \n    name: Delicious\n    created_at: 2010-06-02 13:35:47\n    updated_at: 2010-06-02 13:35:47\n    lft: \"19\"\n    id: \"24\"\n    parent_id: \n    rgt: \"20\"\n  attributes_cache: {}\n\n'),(291,'Web Software Components: WYSIWYG Editors at htmlArea.com',NULL,'.          ',NULL,'2007-12-04 20:03:51',NULL,24,'2010-06-02 13:47:22','2010-06-02 13:47:22','web-software-components-wysiwyg-editors-at-htmlareacom',0,'imported, from, firefox, WYSIWYG','--- \n- !ruby/object:Category \n  attributes: \n    name: Delicious\n    created_at: 2010-06-02 13:35:47\n    updated_at: 2010-06-02 13:35:47\n    lft: \"19\"\n    id: \"24\"\n    parent_id: \n    rgt: \"20\"\n  attributes_cache: {}\n\n'),(292,'TinyMCE Javascript Content Editor by Moxiecode Systems AB',NULL,'.          ',NULL,'2007-12-04 20:01:18',NULL,24,'2010-06-02 13:47:23','2010-06-02 13:47:23','tinymce-javascript-content-editor-by-moxiecode-systems-ab',0,'imported, from, firefox, javascript','--- \n- !ruby/object:Category \n  attributes: \n    name: Delicious\n    created_at: 2010-06-02 13:35:47\n    updated_at: 2010-06-02 13:35:47\n    lft: \"19\"\n    id: \"24\"\n    parent_id: \n    rgt: \"20\"\n  attributes_cache: {}\n\n'),(293,'Free scripts downloads - Softpedia',NULL,'.          ',NULL,'2007-12-04 20:01:13',NULL,24,'2010-06-02 13:47:23','2010-06-02 13:47:23','free-scripts-downloads-softpedia',0,'imported, from, firefox','--- \n- !ruby/object:Category \n  attributes: \n    name: Delicious\n    created_at: 2010-06-02 13:35:47\n    updated_at: 2010-06-02 13:35:47\n    lft: \"19\"\n    id: \"24\"\n    parent_id: \n    rgt: \"20\"\n  attributes_cache: {}\n\n'),(294,'htmlArea.com WYSIWYG editor directory',NULL,'.          ',NULL,'2007-12-04 19:52:57',NULL,24,'2010-06-02 13:47:23','2010-06-02 13:47:23','htmlareacom-wysiwyg-editor-directory',0,'imported, from, firefox, wysiwyg','--- \n- !ruby/object:Category \n  attributes: \n    name: Delicious\n    created_at: 2010-06-02 13:35:47\n    updated_at: 2010-06-02 13:35:47\n    lft: \"19\"\n    id: \"24\"\n    parent_id: \n    rgt: \"20\"\n  attributes_cache: {}\n\n'),(295,'Genii Software | WebEditors',NULL,'.          ',NULL,'2007-12-04 19:49:54',NULL,24,'2010-06-02 13:47:24','2010-06-02 13:47:24','genii-software-webeditors',0,'imported, from, firefox, wysiwyg','--- \n- !ruby/object:Category \n  attributes: \n    name: Delicious\n    created_at: 2010-06-02 13:35:47\n    updated_at: 2010-06-02 13:35:47\n    lft: \"19\"\n    id: \"24\"\n    parent_id: \n    rgt: \"20\"\n  attributes_cache: {}\n\n'),(296,'Free Web-Based WYSIWYG HTML Editors JavaScripts (thefreecountry.com)',NULL,'.          ',NULL,'2007-12-04 19:09:05',NULL,24,'2010-06-02 13:47:24','2010-06-02 13:47:24','free-web-based-wysiwyg-html-editors-javascripts-thefreecountrycom',0,'imported, from, firefox','--- \n- !ruby/object:Category \n  attributes: \n    name: Delicious\n    created_at: 2010-06-02 13:35:47\n    updated_at: 2010-06-02 13:35:47\n    lft: \"19\"\n    id: \"24\"\n    parent_id: \n    rgt: \"20\"\n  attributes_cache: {}\n\n'),(297,'externalResources ⊘ Mootools ⊘ Trac',NULL,'.          ',NULL,'2007-12-01 21:12:39',NULL,24,'2010-06-02 13:47:24','2010-06-02 13:47:25','externalresources-⊘-mootools-⊘-trac',0,'imported, from, firefox, mootools','--- \n- !ruby/object:Category \n  attributes: \n    name: Delicious\n    created_at: 2010-06-02 13:35:47\n    updated_at: 2010-06-02 13:35:47\n    lft: \"19\"\n    id: \"24\"\n    parent_id: \n    rgt: \"20\"\n  attributes_cache: {}\n\n'),(298,'Next ｻ',NULL,'.          ',NULL,'2007-06-11 20:29:34',NULL,24,'2010-06-02 13:47:25','2010-06-02 13:47:25','next-ｻ',0,'imported, from, firefox','--- \n- !ruby/object:Category \n  attributes: \n    name: Delicious\n    created_at: 2010-06-02 13:35:47\n    updated_at: 2010-06-02 13:35:47\n    lft: \"19\"\n    id: \"24\"\n    parent_id: \n    rgt: \"20\"\n  attributes_cache: {}\n\n'),(299,'Присоединяйтесь к сообществу',NULL,'.          ',NULL,'2007-05-13 13:56:13',NULL,24,'2010-06-02 13:47:25','2010-06-02 13:47:25','присоединяйтесь-к-сообществу',0,'imported, MozillaFirefox','--- \n- !ruby/object:Category \n  attributes: \n    name: Delicious\n    created_at: 2010-06-02 13:35:47\n    updated_at: 2010-06-02 13:35:47\n    lft: \"19\"\n    id: \"24\"\n    parent_id: \n    rgt: \"20\"\n  attributes_cache: {}\n\n'),(300,'Начальная страница',NULL,'.          ',NULL,'2007-05-13 13:56:11',NULL,24,'2010-06-02 13:47:26','2010-06-02 13:47:26','начальная-страница',0,'imported, firefox:toolbar','--- \n- !ruby/object:Category \n  attributes: \n    name: Delicious\n    created_at: 2010-06-02 13:35:47\n    updated_at: 2010-06-02 13:35:47\n    lft: \"19\"\n    id: \"24\"\n    parent_id: \n    rgt: \"20\"\n  attributes_cache: {}\n\n'),(301,'Расширения для работы с закладками',NULL,'.          ',NULL,'2007-05-13 13:56:02',NULL,24,'2010-06-02 13:47:26','2010-06-02 13:47:26','расширения-для-работы-с-закладками',0,'imported, firefox:bookmarks','--- \n- !ruby/object:Category \n  attributes: \n    name: Delicious\n    created_at: 2010-06-02 13:35:47\n    updated_at: 2010-06-02 13:35:47\n    lft: \"19\"\n    id: \"24\"\n    parent_id: \n    rgt: \"20\"\n  attributes_cache: {}\n\n'),(302,'css (\"web2.0\" | \"web 2.0\") forms - Поиск в Google',NULL,'.          ',NULL,'2007-05-13 03:49:59',NULL,24,'2010-06-02 13:47:27','2010-06-02 13:47:27','css-web20-web-20-forms-поиск-в-google',0,'imported, firefox:bookmarks','--- \n- !ruby/object:Category \n  attributes: \n    name: Delicious\n    created_at: 2010-06-02 13:35:47\n    updated_at: 2010-06-02 13:35:47\n    lft: \"19\"\n    id: \"24\"\n    parent_id: \n    rgt: \"20\"\n  attributes_cache: {}\n\n'),(303,'web2.0+form | mister-wong.de | Social Bookmarking Tool',NULL,'.          ',NULL,'2007-05-13 03:45:17',NULL,24,'2010-06-02 13:47:27','2010-06-02 13:47:27','web20form-mister-wongde-social-bookmarking-tool',0,'imported, firefox:bookmarks','--- \n- !ruby/object:Category \n  attributes: \n    name: Delicious\n    created_at: 2010-06-02 13:35:47\n    updated_at: 2010-06-02 13:35:47\n    lft: \"19\"\n    id: \"24\"\n    parent_id: \n    rgt: \"20\"\n  attributes_cache: {}\n\n'),(304,'Styled Checkboxes and Styled Radio Buttons | formStyle',NULL,'.          ',NULL,'2007-05-13 03:44:09',NULL,24,'2010-06-02 13:47:27','2010-06-02 13:47:27','styled-checkboxes-and-styled-radio-buttons-formstyle',0,'imported, firefox:bookmarks, css','--- \n- !ruby/object:Category \n  attributes: \n    name: Delicious\n    created_at: 2010-06-02 13:35:47\n    updated_at: 2010-06-02 13:35:47\n    lft: \"19\"\n    id: \"24\"\n    parent_id: \n    rgt: \"20\"\n  attributes_cache: {}\n\n'),(305,'Niceforms',NULL,'.          ',NULL,'2007-05-13 03:38:59',NULL,24,'2010-06-02 13:47:28','2010-06-02 13:47:28','niceforms',0,'imported, firefox:bookmarks, css','--- \n- !ruby/object:Category \n  attributes: \n    name: Delicious\n    created_at: 2010-06-02 13:35:47\n    updated_at: 2010-06-02 13:35:47\n    lft: \"19\"\n    id: \"24\"\n    parent_id: \n    rgt: \"20\"\n  attributes_cache: {}\n\n'),(306,'Webmascon - журнал для веб-мастеров',NULL,'.          ',NULL,'2007-05-13 03:37:17',NULL,24,'2010-06-02 13:47:28','2010-06-02 13:47:28','webmascon-журнал-для-веб-мастеров',0,'imported, firefox:bookmarks, css','--- \n- !ruby/object:Category \n  attributes: \n    name: Delicious\n    created_at: 2010-06-02 13:35:47\n    updated_at: 2010-06-02 13:35:47\n    lft: \"19\"\n    id: \"24\"\n    parent_id: \n    rgt: \"20\"\n  attributes_cache: {}\n\n'),(307,'Новости: «CSS»',NULL,'.          ',NULL,'2007-05-13 03:35:54',NULL,24,'2010-06-02 13:47:28','2010-06-02 13:47:28','новости-css',0,'imported, firefox:bookmarks','--- \n- !ruby/object:Category \n  attributes: \n    name: Delicious\n    created_at: 2010-06-02 13:35:47\n    updated_at: 2010-06-02 13:35:47\n    lft: \"19\"\n    id: \"24\"\n    parent_id: \n    rgt: \"20\"\n  attributes_cache: {}\n\n'),(308,'CSS-Based Forms: Modern Solutions | Smashing Magazine',NULL,'.          ',NULL,'2007-05-13 03:03:35',NULL,24,'2010-06-02 13:47:29','2010-06-02 13:47:29','css-based-forms-modern-solutions-smashing-magazine',0,'imported, firefox:bookmarks, css','--- \n- !ruby/object:Category \n  attributes: \n    name: Delicious\n    created_at: 2010-06-02 13:35:47\n    updated_at: 2010-06-02 13:35:47\n    lft: \"19\"\n    id: \"24\"\n    parent_id: \n    rgt: \"20\"\n  attributes_cache: {}\n\n'),(309,'Deziner Folio » Blog Archive » Ultimate Web 2.0 Layer Styles - Free Download',NULL,'.          ',NULL,'2007-05-13 03:01:41',NULL,24,'2010-06-02 13:47:29','2010-06-02 13:47:29','deziner-folio-blog-archive-ultimate-web-20-layer-styles-free-download',0,'imported, firefox:bookmarks, photoshop','--- \n- !ruby/object:Category \n  attributes: \n    name: Delicious\n    created_at: 2010-06-02 13:35:47\n    updated_at: 2010-06-02 13:35:47\n    lft: \"19\"\n    id: \"24\"\n    parent_id: \n    rgt: \"20\"\n  attributes_cache: {}\n\n'),(310,'Layout Gala: a collection of 40 CSS layouts based on the same markup and ready for download!',NULL,'.          ',NULL,'2007-05-13 02:58:23',NULL,24,'2010-06-02 13:47:29','2010-06-02 13:47:29','layout-gala-a-collection-of-40-css-layouts-based-on-the-same-markup-and-ready-for-download',0,'imported, firefox:bookmarks, css','--- \n- !ruby/object:Category \n  attributes: \n    name: Delicious\n    created_at: 2010-06-02 13:35:47\n    updated_at: 2010-06-02 13:35:47\n    lft: \"19\"\n    id: \"24\"\n    parent_id: \n    rgt: \"20\"\n  attributes_cache: {}\n\n'),(311,'Интернетные штучки » Шпаргалка по Рунету: 63 сервисa русского web 2.0',NULL,'.          ',NULL,'2007-05-13 02:54:43',NULL,24,'2010-06-02 13:47:30','2010-06-02 13:47:30','интернетные-штучки-шпаргалка-по-рунету-63-сервисa-русского-web-20',0,'imported, firefox:bookmarks','--- \n- !ruby/object:Category \n  attributes: \n    name: Delicious\n    created_at: 2010-06-02 13:35:47\n    updated_at: 2010-06-02 13:35:47\n    lft: \"19\"\n    id: \"24\"\n    parent_id: \n    rgt: \"20\"\n  attributes_cache: {}\n\n'),(312,'Web 2.0 how-to design style guide',NULL,'.          ',NULL,'2007-05-13 02:54:07',NULL,24,'2010-06-02 13:47:30','2010-06-02 13:47:30','web-20-how-to-design-style-guide',0,'imported, firefox:bookmarks, Web2.0','--- \n- !ruby/object:Category \n  attributes: \n    name: Delicious\n    created_at: 2010-06-02 13:35:47\n    updated_at: 2010-06-02 13:35:47\n    lft: \"19\"\n    id: \"24\"\n    parent_id: \n    rgt: \"20\"\n  attributes_cache: {}\n\n'),(313,'deconcept › SWFObject: Javascript Flash Player detection and embed script',NULL,'.          ',NULL,'2007-05-12 23:56:05',NULL,24,'2010-06-02 13:47:30','2010-06-02 13:47:31','deconcept-›-swfobject-javascript-flash-player-detection-and-embed-script',0,'imported, firefox:bookmarks, flash','--- \n- !ruby/object:Category \n  attributes: \n    name: Delicious\n    created_at: 2010-06-02 13:35:47\n    updated_at: 2010-06-02 13:35:47\n    lft: \"19\"\n    id: \"24\"\n    parent_id: \n    rgt: \"20\"\n  attributes_cache: {}\n\n'),(314,'Как полностью отключить кэш в браузере? :: Полезные советы :: Денвер :: Форум «Лаборатории dk»',NULL,'.          ',NULL,'2007-05-12 22:10:10',NULL,24,'2010-06-02 13:47:31','2010-06-02 13:47:31','как-полностью-отключить-кэш-в-браузере-полезные-советы-денвер-форум-лаборатории-dk',0,'imported, firefox:bookmarks','--- \n- !ruby/object:Category \n  attributes: \n    name: Delicious\n    created_at: 2010-06-02 13:35:47\n    updated_at: 2010-06-02 13:35:47\n    lft: \"19\"\n    id: \"24\"\n    parent_id: \n    rgt: \"20\"\n  attributes_cache: {}\n\n'),(315,'The Second Acid Test',NULL,'.          ',NULL,'2007-05-12 15:25:34',NULL,24,'2010-06-02 13:47:31','2010-06-02 13:47:31','the-second-acid-test',0,'imported, firefox:bookmarks, css','--- \n- !ruby/object:Category \n  attributes: \n    name: Delicious\n    created_at: 2010-06-02 13:35:47\n    updated_at: 2010-06-02 13:35:47\n    lft: \"19\"\n    id: \"24\"\n    parent_id: \n    rgt: \"20\"\n  attributes_cache: {}\n\n'),(316,'Acid2: The Guided Tour - The Web Standards Project',NULL,'.          ',NULL,'2007-05-12 15:25:28',NULL,24,'2010-06-02 13:47:32','2010-06-02 13:47:32','acid2-the-guided-tour-the-web-standards-project',0,'imported, firefox:bookmarks, CSS','--- \n- !ruby/object:Category \n  attributes: \n    name: Delicious\n    created_at: 2010-06-02 13:35:47\n    updated_at: 2010-06-02 13:35:47\n    lft: \"19\"\n    id: \"24\"\n    parent_id: \n    rgt: \"20\"\n  attributes_cache: {}\n\n'),(317,'Zend Studio Enterprise Edition v5.5.0 » Скачать бесплатно программы игры фильмы музыку mp3 скрипты знаменитости книги юмор и приколы',NULL,'.          ',NULL,'2007-05-12 12:09:46',NULL,24,'2010-06-02 13:47:32','2010-06-02 13:47:32','zend-studio-enterprise-edition-v550-скачать-бесплатно-программы-игры-фильмы-музыку-mp3-скрипты-знаменитости-книги-юмор-и-приколы',0,'imported, firefox:bookmarks','--- \n- !ruby/object:Category \n  attributes: \n    name: Delicious\n    created_at: 2010-06-02 13:35:47\n    updated_at: 2010-06-02 13:35:47\n    lft: \"19\"\n    id: \"24\"\n    parent_id: \n    rgt: \"20\"\n  attributes_cache: {}\n\n'),(318,'70 Expert Ideas For Better CSS Coding | Smashing Magazine',NULL,'.          ',NULL,'2007-05-11 22:36:10',NULL,24,'2010-06-02 13:47:32','2010-06-02 13:47:32','70-expert-ideas-for-better-css-coding-smashing-magazine',0,'imported, firefox:bookmarks, CSS','--- \n- !ruby/object:Category \n  attributes: \n    name: Delicious\n    created_at: 2010-06-02 13:35:47\n    updated_at: 2010-06-02 13:35:47\n    lft: \"19\"\n    id: \"24\"\n    parent_id: \n    rgt: \"20\"\n  attributes_cache: {}\n\n'),(319,'SEOmoz\'s Web 2.0 Awards',NULL,'.          ',NULL,'2007-05-01 21:07:27',NULL,24,'2010-06-02 13:47:33','2010-06-02 13:47:33','seomozs-web-20-awards',0,'imported, firefox:bookmarks','--- \n- !ruby/object:Category \n  attributes: \n    name: Delicious\n    created_at: 2010-06-02 13:35:47\n    updated_at: 2010-06-02 13:35:47\n    lft: \"19\"\n    id: \"24\"\n    parent_id: \n    rgt: \"20\"\n  attributes_cache: {}\n\n'),(320,'BLUE VERTIGO | Web Design Resources Links | Last update MAR.05.2007',NULL,'.          ',NULL,'2007-03-10 23:50:26',NULL,24,'2010-06-02 13:47:33','2010-06-02 13:47:33','blue-vertigo-web-design-resources-links-last-update-mar052007',0,'imported, firefox:bookmarks, design','--- \n- !ruby/object:Category \n  attributes: \n    name: Delicious\n    created_at: 2010-06-02 13:35:47\n    updated_at: 2010-06-02 13:35:47\n    lft: \"19\"\n    id: \"24\"\n    parent_id: \n    rgt: \"20\"\n  attributes_cache: {}\n\n'),(321,'» 25 Code Snippets for Web Designers (Part1)',NULL,'.          ',NULL,'2007-03-10 22:26:06',NULL,24,'2010-06-02 13:47:33','2010-06-02 13:47:33','-25-code-snippets-for-web-designers-part1',0,'imported, firefox:bookmarks, css','--- \n- !ruby/object:Category \n  attributes: \n    name: Delicious\n    created_at: 2010-06-02 13:35:47\n    updated_at: 2010-06-02 13:35:47\n    lft: \"19\"\n    id: \"24\"\n    parent_id: \n    rgt: \"20\"\n  attributes_cache: {}\n\n'),(322,'Blueprint css фреймворк и режим разметки','','<p>\r\n	Милый <a href=\"http://ru.wikipedia.org/wiki/%D0%91%D1%83%D0%BA%D0%BC%D0%B0%D1%80%D0%BA%D0%BB%D0%B5%D1%82\">букмарклет</a> для включения grid&#39;a на сайте использующий <a href=\"http://www.blueprintcss.org/\">Blueprint CSS</a></p>\r\n<blockquote>\r\n	<p>\r\n		javascript:void($(&#39;.container&#39;).toggleClass(&#39;showgrid&#39;));</p>\r\n</blockquote>\r\n',1,'2010-06-03 06:28:00',1,26,'2010-06-03 06:32:23','2010-06-03 06:33:19','blueprint-css-фреймворк-и-режим-разметки',1,'javascript, jquery, букмарклет, bookmarklet, Blueprint','--- \n- !ruby/object:Category \n  attributes: \n    name: !binary |\n      0J4g0YDQsNCx0L7RgtC1\n\n    created_at: 2010-06-02 12:45:49\n    updated_at: 2010-06-02 12:45:49\n    lft: \"7\"\n    id: \"20\"\n    parent_id: \n    rgt: \"16\"\n  attributes_cache: {}\n\n- !ruby/object:Category \n  attributes: \n    name: Javascript\n    created_at: 2010-06-02 12:47:28\n    updated_at: 2010-06-02 12:47:39\n    lft: \"10\"\n    id: \"21\"\n    parent_id: \"20\"\n    rgt: \"13\"\n  attributes_cache: {}\n\n- !ruby/object:Category \n  attributes: \n    name: jQuery\n    created_at: 2010-06-03 06:28:23\n    updated_at: 2010-06-03 06:28:23\n    lft: \"11\"\n    id: \"26\"\n    parent_id: \"21\"\n    rgt: \"12\"\n  attributes_cache: {}\n\n'),(323,'jQuery MultiSelect Plugin by Eric Hynds','','<p>\r\n	Очень многообещающий плагин, написанный на jQuery - Multiselect&nbsp;</p>\r\n<p style=\"text-align: center; \">\r\n	<img alt=\"multiselect jquery\" src=\"/assets/pictures/3/content__.png?1275547047\" style=\"width: 535px; height: 313px; \" /></p>\r\n',1,'2010-06-03 06:36:00',1,26,'2010-06-03 06:38:11','2010-06-03 06:38:11','jquery-multiselect-plugin-by-eric-hynds--2',0,'jquery, multiselect, plugin','--- \n- !ruby/object:Category \n  attributes: \n    name: !binary |\n      0J4g0YDQsNCx0L7RgtC1\n\n    created_at: 2010-06-02 12:45:49\n    updated_at: 2010-06-02 12:45:49\n    lft: \"7\"\n    id: \"20\"\n    parent_id: \n    rgt: \"16\"\n  attributes_cache: {}\n\n- !ruby/object:Category \n  attributes: \n    name: Javascript\n    created_at: 2010-06-02 12:47:28\n    updated_at: 2010-06-02 12:47:39\n    lft: \"10\"\n    id: \"21\"\n    parent_id: \"20\"\n    rgt: \"13\"\n  attributes_cache: {}\n\n- !ruby/object:Category \n  attributes: \n    name: jQuery\n    created_at: 2010-06-03 06:28:23\n    updated_at: 2010-06-03 06:28:23\n    lft: \"11\"\n    id: \"26\"\n    parent_id: \"21\"\n    rgt: \"12\"\n  attributes_cache: {}\n\n'),(324,'Проверочный','','<p>\r\n	Проверка</p>\r\n',1,'2010-06-03 09:05:00',1,27,'2010-06-03 09:06:33','2010-06-03 09:06:33','проверочный',29,'проверяемый','--- \n- !ruby/object:Category \n  attributes: \n    name: !binary |\n      0J/RgNC+0LLQtdGA0L7Rh9C60LA=\n\n    created_at: 2010-06-03 09:06:20\n    updated_at: 2010-06-03 09:06:20\n    lft: \"25\"\n    id: \"27\"\n    parent_id: \n    rgt: \"26\"\n  attributes_cache: {}\n\n');
/*!40000 ALTER TABLE `posts` ENABLE KEYS */;
UNLOCK TABLES;

--
-- Table structure for table `roles`
--

DROP TABLE IF EXISTS `roles`;
/*!40101 SET @saved_cs_client     = @@character_set_client */;
/*!40101 SET character_set_client = utf8 */;
CREATE TABLE `roles` (
  `id` int(11) NOT NULL AUTO_INCREMENT,
  `name` varchar(255) COLLATE utf8_unicode_ci DEFAULT NULL,
  `created_at` datetime DEFAULT NULL,
  `updated_at` datetime DEFAULT NULL,
  PRIMARY KEY (`id`)
) ENGINE=InnoDB AUTO_INCREMENT=3 DEFAULT CHARSET=utf8 COLLATE=utf8_unicode_ci;
/*!40101 SET character_set_client = @saved_cs_client */;

--
-- Dumping data for table `roles`
--

LOCK TABLES `roles` WRITE;
/*!40000 ALTER TABLE `roles` DISABLE KEYS */;
INSERT INTO `roles` VALUES (1,'admin','2010-05-25 22:01:11','2010-05-25 22:01:11'),(2,'user','2010-05-26 23:17:50','2010-05-26 23:17:50');
/*!40000 ALTER TABLE `roles` ENABLE KEYS */;
UNLOCK TABLES;

--
-- Table structure for table `rpx_identifiers`
--

DROP TABLE IF EXISTS `rpx_identifiers`;
/*!40101 SET @saved_cs_client     = @@character_set_client */;
/*!40101 SET character_set_client = utf8 */;
CREATE TABLE `rpx_identifiers` (
  `id` int(11) NOT NULL AUTO_INCREMENT,
  `identifier` varchar(255) COLLATE utf8_unicode_ci NOT NULL,
  `provider_name` varchar(255) COLLATE utf8_unicode_ci DEFAULT NULL,
  `user_id` int(11) NOT NULL,
  `created_at` datetime DEFAULT NULL,
  `updated_at` datetime DEFAULT NULL,
  PRIMARY KEY (`id`),
  UNIQUE KEY `index_rpx_identifiers_on_identifier` (`identifier`),
  KEY `index_rpx_identifiers_on_user_id` (`user_id`)
) ENGINE=InnoDB AUTO_INCREMENT=3 DEFAULT CHARSET=utf8 COLLATE=utf8_unicode_ci;
/*!40101 SET character_set_client = @saved_cs_client */;

--
-- Dumping data for table `rpx_identifiers`
--

LOCK TABLES `rpx_identifiers` WRITE;
/*!40000 ALTER TABLE `rpx_identifiers` DISABLE KEYS */;
INSERT INTO `rpx_identifiers` VALUES (1,'https://www.google.com/accounts/o8/id?id=AItOawmJxHOJY2r31hJgmtOxedlyYS_ZjtygkRI','Google',1,'2010-05-25 22:42:46','2010-05-25 22:42:46'),(2,'http://twitter.com/account/profile?user_id=76902768','Twitter',1,'2010-05-30 10:37:43','2010-05-30 10:37:43');
/*!40000 ALTER TABLE `rpx_identifiers` ENABLE KEYS */;
UNLOCK TABLES;

--
-- Table structure for table `schema_migrations`
--

DROP TABLE IF EXISTS `schema_migrations`;
/*!40101 SET @saved_cs_client     = @@character_set_client */;
/*!40101 SET character_set_client = utf8 */;
CREATE TABLE `schema_migrations` (
  `version` varchar(255) COLLATE utf8_unicode_ci NOT NULL,
  UNIQUE KEY `unique_schema_migrations` (`version`)
) ENGINE=InnoDB DEFAULT CHARSET=utf8 COLLATE=utf8_unicode_ci;
/*!40101 SET character_set_client = @saved_cs_client */;

--
-- Dumping data for table `schema_migrations`
--

LOCK TABLES `schema_migrations` WRITE;
/*!40000 ALTER TABLE `schema_migrations` DISABLE KEYS */;
INSERT INTO `schema_migrations` VALUES ('20100414144425'),('20100414163435'),('20100415183559'),('20100415183658'),('20100419144150'),('20100420191422'),('20100420225159'),('20100424163028'),('20100426223543'),('20100504083610'),('20100511195646'),('20100512085634'),('20100515150125'),('20100515214044'),('20100515225620'),('20100520121932'),('20100603184929');
/*!40000 ALTER TABLE `schema_migrations` ENABLE KEYS */;
UNLOCK TABLES;

--
-- Table structure for table `sessions`
--

DROP TABLE IF EXISTS `sessions`;
/*!40101 SET @saved_cs_client     = @@character_set_client */;
/*!40101 SET character_set_client = utf8 */;
CREATE TABLE `sessions` (
  `id` int(11) NOT NULL AUTO_INCREMENT,
  `session_id` varchar(255) COLLATE utf8_unicode_ci NOT NULL,
  `data` text COLLATE utf8_unicode_ci,
  `created_at` datetime DEFAULT NULL,
  `updated_at` datetime DEFAULT NULL,
  PRIMARY KEY (`id`),
  KEY `index_sessions_on_session_id` (`session_id`),
  KEY `index_sessions_on_updated_at` (`updated_at`)
) ENGINE=InnoDB DEFAULT CHARSET=utf8 COLLATE=utf8_unicode_ci;
/*!40101 SET character_set_client = @saved_cs_client */;

--
-- Dumping data for table `sessions`
--

LOCK TABLES `sessions` WRITE;
/*!40000 ALTER TABLE `sessions` DISABLE KEYS */;
/*!40000 ALTER TABLE `sessions` ENABLE KEYS */;
UNLOCK TABLES;

--
-- Table structure for table `slugs`
--

DROP TABLE IF EXISTS `slugs`;
/*!40101 SET @saved_cs_client     = @@character_set_client */;
/*!40101 SET character_set_client = utf8 */;
CREATE TABLE `slugs` (
  `id` int(11) NOT NULL AUTO_INCREMENT,
  `name` varchar(255) COLLATE utf8_unicode_ci DEFAULT NULL,
  `sluggable_id` int(11) DEFAULT NULL,
  `sequence` int(11) NOT NULL DEFAULT '1',
  `sluggable_type` varchar(40) COLLATE utf8_unicode_ci DEFAULT NULL,
  `scope` varchar(255) COLLATE utf8_unicode_ci DEFAULT NULL,
  `created_at` datetime DEFAULT NULL,
  PRIMARY KEY (`id`),
  UNIQUE KEY `index_slugs_on_n_s_s_and_s` (`name`,`sluggable_type`,`sequence`,`scope`),
  KEY `index_slugs_on_sluggable_id` (`sluggable_id`)
) ENGINE=InnoDB AUTO_INCREMENT=336 DEFAULT CHARSET=utf8 COLLATE=utf8_unicode_ci;
/*!40101 SET character_set_client = @saved_cs_client */;

--
-- Dumping data for table `slugs`
--

LOCK TABLES `slugs` WRITE;
/*!40000 ALTER TABLE `slugs` DISABLE KEYS */;
INSERT INTO `slugs` VALUES (1,'rjs-и-работа-с-связными-объектами',1,1,'Post',NULL,'2010-05-25 22:02:38'),(2,'wi-fi-от-билайн-yota-4g-и-бесплатный-интернет',2,1,'Post',NULL,'2010-05-25 23:06:51'),(3,'tweetie-2',3,1,'Post',NULL,'2010-05-26 00:45:22'),(4,'shazam',4,1,'Post',NULL,'2010-05-26 00:56:02'),(6,'pterm',6,1,'Post',NULL,'2010-05-26 01:09:27'),(7,'issh',7,1,'Post',NULL,'2010-05-26 01:10:51'),(9,'shoutcast',9,1,'Post',NULL,'2010-05-26 01:14:54'),(10,'radiobox',10,1,'Post',NULL,'2010-05-26 01:16:18'),(11,'igo-my-way',11,1,'Post',NULL,'2010-05-26 01:20:17'),(12,'rdp',12,1,'Post',NULL,'2010-05-26 01:21:35'),(13,'jaddu-vnc',13,1,'Post',NULL,'2010-05-26 01:23:21'),(14,'digg',14,1,'Post',NULL,'2010-05-26 01:25:24'),(15,'facebook',15,1,'Post',NULL,'2010-05-26 01:26:02'),(16,'foursquare',16,1,'Post',NULL,'2010-05-26 01:26:36'),(17,'якарты',17,1,'Post',NULL,'2010-05-26 01:27:19'),(18,'flickr',18,1,'Post',NULL,'2010-05-26 01:32:12'),(19,'alter-geo',19,1,'Post',NULL,'2010-05-26 01:34:19'),(20,'opera-mini',20,1,'Post',NULL,'2010-05-26 01:40:27'),(21,'instapaper',21,1,'Post',NULL,'2010-05-26 01:41:34'),(22,'yummy',22,1,'Post',NULL,'2010-05-26 01:42:58'),(23,'free-wi-fi',23,1,'Post',NULL,'2010-05-26 01:46:11'),(24,'oz-wifi',24,1,'Post',NULL,'2010-05-26 01:47:18'),(25,'qiwi-wallet',25,1,'Post',NULL,'2010-05-26 01:48:18'),(26,'keepermobile',26,1,'Post',NULL,'2010-05-26 01:49:41'),(27,'ifitness',27,1,'Post',NULL,'2010-05-26 01:50:58'),(28,'paypal',28,1,'Post',NULL,'2010-05-26 01:52:29'),(29,'shout-it',29,1,'Post',NULL,'2010-05-26 01:53:14'),(30,'iblacklist',30,1,'Post',NULL,'2010-05-26 02:06:31'),(31,'installous',31,1,'Post',NULL,'2010-05-26 02:08:26'),(32,'написать-о-походе-в-мирбис',32,1,'Post',NULL,'2010-05-26 02:10:45'),(33,'vlc-remote',33,1,'Post',NULL,'2010-05-26 02:13:12'),(34,'подумать',34,1,'Post',NULL,'2010-05-26 02:15:32'),(37,'заметки-vim',37,1,'Post',NULL,'2010-05-26 22:48:07'),(38,'world-series-of-poker-hold-‘em-legend',38,2,'Post',NULL,'2010-05-27 00:29:31'),(48,'irusradiof',8,1,'Post',NULL,'2010-05-31 05:05:15'),(49,'irusradio',8,1,'Post',NULL,'2010-05-31 05:29:08'),(51,'teambox',41,1,'Post',NULL,'2010-06-01 13:23:43'),(55,'radiant',45,1,'Post',NULL,'2010-06-02 04:34:17'),(56,'tracks',46,1,'Post',NULL,'2010-06-02 04:35:02'),(57,'substruct',47,1,'Post',NULL,'2010-06-02 04:36:47'),(58,'railscasts',48,1,'Post',NULL,'2010-06-02 04:37:12'),(59,'spot-us',49,1,'Post',NULL,'2010-06-02 04:37:29'),(60,'spree',50,1,'Post',NULL,'2010-06-02 04:37:53'),(61,'bucketwise',51,1,'Post',NULL,'2010-06-02 04:39:20'),(62,'rboard',52,1,'Post',NULL,'2010-06-02 04:39:47'),(63,'bostonrb',53,1,'Post',NULL,'2010-06-02 04:44:55'),(64,'insoshi',54,1,'Post',NULL,'2010-06-02 04:45:25'),(65,'lovdbyless',55,1,'Post',NULL,'2010-06-02 04:45:47'),(66,'tog',56,1,'Post',NULL,'2010-06-02 04:46:13'),(67,'refinerycms',57,1,'Post',NULL,'2010-06-02 04:53:33'),(68,'browsercms',58,1,'Post',NULL,'2010-06-02 04:56:09'),(69,'zena',59,1,'Post',NULL,'2010-06-02 05:42:46'),(72,'событие-при-не-выходе-со-страницы-с-не-сохраненными-данными',62,1,'Post',NULL,'2010-06-02 12:17:52'),(73,'episode-78-may-21-2010',63,1,'Post',NULL,'2010-06-02 13:17:00'),(74,'использование-ckeditor-в-rails-приложениях',64,1,'Post',NULL,'2010-06-02 13:17:01'),(75,'прогресс-загрузки-файлов-с-rails-и-nginx',65,1,'Post',NULL,'2010-06-02 13:17:01'),(76,'reflexive-live-class-and-source-code-browser',66,1,'Post',NULL,'2010-06-02 13:17:01'),(77,'detecting-duplicate-images-with-ruby',67,1,'Post',NULL,'2010-06-02 13:17:02'),(78,'best-ruby-open-source-test-suites-awards',68,1,'Post',NULL,'2010-06-02 13:17:02'),(79,'ann-rubymine-202-rvm-bundler-pre-built-ruby-debug-gem-for-windows-and-more',69,1,'Post',NULL,'2010-06-02 13:17:03'),(80,'ann-free-sinatra-course',70,1,'Post',NULL,'2010-06-02 13:17:03'),(81,'oauth2-gem',71,1,'Post',NULL,'2010-06-02 13:17:03'),(82,'businesstime-gem-released',72,1,'Post',NULL,'2010-06-02 13:17:04'),(83,'radiant-cms-090-rc2-released',73,1,'Post',NULL,'2010-06-02 13:17:04'),(84,'bayesmotel',74,1,'Post',NULL,'2010-06-02 13:17:04'),(85,'очередной-moscow-mysql-user-group-meeting-19-00-17го-мая',75,1,'Post',NULL,'2010-06-02 13:17:04'),(86,'я-пиарюсь-i-съезд-интернет-разработчиков-состоится-20-мая-2010-года',76,1,'Post',NULL,'2010-06-02 13:17:05'),(87,'mysql-очередная-встреча-moscow-mysql-user-group-пройдет-17мая-в-1930-мвднх',77,1,'Post',NULL,'2010-06-02 13:17:05'),(88,'open-source-ряды-open-source-игр-пополнились-еще-4-классными-экземплярами',78,1,'Post',NULL,'2010-06-02 13:17:05'),(89,'хостинг-хостинги-однодневки',79,1,'Post',NULL,'2010-06-02 13:17:06'),(90,'хостинг-рассказ-создателя-хостинга-однодневки',80,1,'Post',NULL,'2010-06-02 13:17:07'),(91,'woto-pushed-to-master-at-wotoblog',81,1,'Post',NULL,'2010-06-02 13:27:25'),(92,'woto-pushed-to-master-at-wotoblog',82,2,'Post',NULL,'2010-06-02 13:27:26'),(93,'woto-pushed-to-test-at-wotoblog',83,1,'Post',NULL,'2010-06-02 13:27:26'),(94,'woto-pushed-to-master-at-wotoblog',84,3,'Post',NULL,'2010-06-02 13:27:26'),(95,'woto-started-watching-wepposwww-delicious',85,1,'Post',NULL,'2010-06-02 13:27:27'),(96,'woto-started-watching-tenderlovenokogiri',86,1,'Post',NULL,'2010-06-02 13:27:27'),(97,'woto-started-watching-mloughranapicache',87,1,'Post',NULL,'2010-06-02 13:27:27'),(98,'woto-pushed-to-master-at-wotoblog',88,4,'Post',NULL,'2010-06-02 13:27:28'),(99,'woto-created-branch-test-at-wotoblog',89,1,'Post',NULL,'2010-06-02 13:27:28'),(100,'woto-pushed-to-master-at-wotoblog',90,5,'Post',NULL,'2010-06-02 13:27:28'),(101,'woto-pushed-to-master-at-wotoblog',91,6,'Post',NULL,'2010-06-02 13:27:29'),(102,'woto-pushed-to-master-at-wotoblog',92,7,'Post',NULL,'2010-06-02 13:27:29'),(103,'woto-started-watching-rynode',93,1,'Post',NULL,'2010-06-02 13:27:30'),(104,'woto-started-watching-mreinschautocompletejquery',94,1,'Post',NULL,'2010-06-02 13:27:30'),(105,'woto-started-watching-cainlevycomponents',95,1,'Post',NULL,'2010-06-02 13:27:30'),(106,'woto-started-watching-cainlevycomponents',96,2,'Post',NULL,'2010-06-02 13:27:31'),(107,'woto-started-watching-neocoinjrails',97,1,'Post',NULL,'2010-06-02 13:27:31'),(108,'woto-pushed-to-master-at-wotoblog',98,8,'Post',NULL,'2010-06-02 13:27:32'),(109,'woto-pushed-to-master-at-wotoblog',99,9,'Post',NULL,'2010-06-02 13:27:32'),(110,'woto-started-watching-inaturalistinaturalist',100,1,'Post',NULL,'2010-06-02 13:27:32'),(111,'woto-started-watching-brentmc79brentmc79com',101,1,'Post',NULL,'2010-06-02 13:27:33'),(112,'woto-started-watching-extensiondarmok',102,1,'Post',NULL,'2010-06-02 13:27:33'),(113,'woto-pushed-to-master-at-wotowho-uses-that-plugin',103,1,'Post',NULL,'2010-06-02 13:27:33'),(114,'woto-pushed-to-master-at-wotowho-uses-that-plugin',104,2,'Post',NULL,'2010-06-02 13:27:34'),(115,'woto-created-branch-master-at-wotowho-uses-that-plugin',105,1,'Post',NULL,'2010-06-02 13:27:34'),(116,'woto-created-repository-who-uses-that-plugin',106,1,'Post',NULL,'2010-06-02 13:27:35'),(117,'woto-pushed-to-master-at-wotoblog',107,10,'Post',NULL,'2010-06-02 13:27:35'),(118,'woto-pushed-to-cachejsandcssassets-at-wotoblog',108,1,'Post',NULL,'2010-06-02 13:27:35'),(119,'woto-pushed-to-cachejsandcssassets-at-wotoblog',109,2,'Post',NULL,'2010-06-02 13:27:36'),(120,'woto-created-branch-cachejsandcssassets-at-wotoblog',110,1,'Post',NULL,'2010-06-02 13:27:36'),(121,'woto-started-watching-sstephensonsprockets-rails',111,1,'Post',NULL,'2010-06-02 13:27:36'),(122,'woto-started-watching-carlhudabundler',112,1,'Post',NULL,'2010-06-02 13:27:37'),(123,'woto-started-watching-reinhjquery-autocomplete',113,1,'Post',NULL,'2010-06-02 13:27:37'),(124,'woto-started-watching-foobarwidgetmoney',114,1,'Post',NULL,'2010-06-02 13:27:38'),(125,'woto-started-watching-insoshiinsoshi',115,1,'Post',NULL,'2010-06-02 13:27:38'),(126,'moodleorg-open-source-community-based-tools-for-learning',116,1,'Post',NULL,'2010-06-02 13:46:21'),(127,'ie-netrenderer-browser-compatibility-check-89178236863000postssearch',117,1,'Post',NULL,'2010-06-02 13:46:22'),(128,'check-browser-compatibility-cross-platform-browser-test-browsershots',118,1,'Post',NULL,'2010-06-02 13:46:22'),(129,'rails-plugins-compatibility-tracking-railspluginsorg',119,1,'Post',NULL,'2010-06-02 13:46:23'),(130,'the-ruby-toolbox-know-your-options',120,1,'Post',NULL,'2010-06-02 13:46:23'),(131,'best-of-vim-tips-gvims-key-features-zzapper',121,1,'Post',NULL,'2010-06-02 13:46:23'),(132,'useful-vim-features-stack-overflow',122,1,'Post',NULL,'2010-06-02 13:46:23'),(133,'yui-compressor-yui-library',123,1,'Post',NULL,'2010-06-02 13:46:24'),(134,'getting-started-with-the-closure-compiler-application-closure-compiler-google-code',124,1,'Post',NULL,'2010-06-02 13:46:24'),(135,'coding-in-the-rain-rails-development-on-ubuntu-1004',125,1,'Post',NULL,'2010-06-02 13:46:25'),(136,'кудапойтиинфо-развлечения-в-москве-идеи-для-отдыха-куда-пойти',126,1,'Post',NULL,'2010-06-02 13:46:25'),(137,'ruby-rails-веб-разработка-с-удовольствием',127,1,'Post',NULL,'2010-06-02 13:46:26'),(138,'еще-раз-о-виджетах-на-примере-календаря-rubyonrails-to-russian-группы-google',128,1,'Post',NULL,'2010-06-02 13:46:26'),(139,'developgithub-api-libraries',129,1,'Post',NULL,'2010-06-02 13:46:26'),(140,'dbloetes-ioctocat-at-master-github',130,1,'Post',NULL,'2010-06-02 13:46:27'),(141,'module-actioncontrollercomponents',131,1,'Post',NULL,'2010-06-02 13:46:27'),(142,'activerecord-include-group-conditions-rubyonrails-to-russian-группы-google',132,1,'Post',NULL,'2010-06-02 13:46:28'),(143,'issues-stffndeclarativeauthorization-github',133,1,'Post',NULL,'2010-06-02 13:46:28'),(144,'gitfaq-git-scm-wiki',134,1,'Post',NULL,'2010-06-02 13:46:28'),(145,'everyday-git-with-20-commands-or-so',135,1,'Post',NULL,'2010-06-02 13:46:28'),(146,'gittutorial7',136,1,'Post',NULL,'2010-06-02 13:46:29'),(147,'простой-вопрос-про-declarativeauthorization-rubyonrails-to-russian-группы-google',137,1,'Post',NULL,'2010-06-02 13:46:29'),(148,'git-ed-spencer',138,1,'Post',NULL,'2010-06-02 13:46:30'),(149,'issues-tardateauthlogicrpx-github',139,1,'Post',NULL,'2010-06-02 13:46:30'),(150,'issues-tardaterails-authlogic-rpx-sample-github',140,1,'Post',NULL,'2010-06-02 13:46:30'),(151,'➘-сайт-знакомств',141,1,'Post',NULL,'2010-06-02 13:46:31'),(152,'блог-на-ruby-on-rails-rubyonrails-to-russian-группы-google',142,1,'Post',NULL,'2010-06-02 13:46:31'),(153,'active-record-query-interface',143,1,'Post',NULL,'2010-06-02 13:46:31'),(154,'active-record-validations-and-callbacks',144,1,'Post',NULL,'2010-06-02 13:46:32'),(155,'search-and-replace-vim-tips-wiki',145,1,'Post',NULL,'2010-06-02 13:46:32'),(156,'как-ограничить-пользователя-одной-сессией-rubyonrails-to-russian-группы-google',146,1,'Post',NULL,'2010-06-02 13:46:32'),(157,'railsclubdevconfru-rubyonrails-to-russian-группы-google',147,1,'Post',NULL,'2010-06-02 13:46:32'),(158,'rails-routing-from-the-inside-out',148,1,'Post',NULL,'2010-06-02 13:46:33'),(159,'module-actioncontrollerresources',149,1,'Post',NULL,'2010-06-02 13:46:33'),(160,'prototype-javascript-framework-functionbind',150,1,'Post',NULL,'2010-06-02 13:46:34'),(161,'module-actionviewhelpersformoptionshelper',151,1,'Post',NULL,'2010-06-02 13:46:34'),(162,'module-activerecordvalidationsclassmethods',152,1,'Post',NULL,'2010-06-02 13:46:34'),(163,'class-date',153,1,'Post',NULL,'2010-06-02 13:46:35'),(164,'class-activesupporttimewithzone',154,1,'Post',NULL,'2010-06-02 13:46:35'),(165,'module-activerecordassociationsclassmethods',155,1,'Post',NULL,'2010-06-02 13:46:35'),(166,'a-guide-to-active-record-associations',156,1,'Post',NULL,'2010-06-02 13:46:36'),(167,'class-railsinitializer',157,1,'Post',NULL,'2010-06-02 13:46:36'),(168,'the-rails-initialization-process',158,1,'Post',NULL,'2010-06-02 13:46:36'),(169,'configuring-rails-applications',159,1,'Post',NULL,'2010-06-02 13:46:37'),(170,'issues-yaroslavrussian-github',160,1,'Post',NULL,'2010-06-02 13:46:37'),(171,'issues-galetahubrails-ckeditor-github',161,1,'Post',NULL,'2010-06-02 13:46:37'),(172,'продажа-ноутбуков-в-москве-и-московской-области',162,1,'Post',NULL,'2010-06-02 13:46:38'),(173,'мои-объявления-из-рук-в-руки-москва-и-подмосковье',163,1,'Post',NULL,'2010-06-02 13:46:38'),(174,'мои-объявления-личный-кабинет-деловой-мир-портал-бесплатных-объявлений',164,1,'Post',NULL,'2010-06-02 13:46:38'),(175,'uquerycom-the-appstore-search-engine',165,1,'Post',NULL,'2010-06-02 13:46:39'),(176,'iphone-apps-fresh-apps',166,1,'Post',NULL,'2010-06-02 13:46:39'),(177,'go2web20net-the-complete-web-20-directory',167,1,'Post',NULL,'2010-06-02 13:46:39'),(178,'молотокру',168,1,'Post',NULL,'2010-06-02 13:46:40'),(179,'слияние-rails-и-merb-год-спустя-часть-1-из-6-ruby-on-rails-хабрахабр',169,1,'Post',NULL,'2010-06-02 13:46:40'),(180,'мои-объявления-offermanru',170,1,'Post',NULL,'2010-06-02 13:46:40'),(181,'gpforce-оптовая-фотопечать',171,1,'Post',NULL,'2010-06-02 13:46:41'),(182,'продажа-минилабов-в-москве-',172,1,'Post',NULL,'2010-06-02 13:46:41'),(183,'оптовая-фотопечать-москва-прочие-услуги-фотопечать-никольская',173,1,'Post',NULL,'2010-06-02 13:46:41'),(184,'продаю-оптовая-и-розничная-фотопечать-цифры-купить-оптовая-и-розничная-фотопечать-цифры-гмосква-мперово-москва',174,1,'Post',NULL,'2010-06-02 13:46:42'),(185,'оптовая-фотопечать-фотопечать-оптом-и-оптовая-печать-фотографий-в-сети-фотосалонов-фотосезон-fotosezonru',175,1,'Post',NULL,'2010-06-02 13:46:42'),(186,'фотолаборатории-продажа-и-покупка-старт',176,1,'Post',NULL,'2010-06-02 13:46:42'),(187,'контактная-информация',177,1,'Post',NULL,'2010-06-02 13:46:43'),(188,'оптовая-фотопечать-оптики-и-цифры-—-доска-объявлений-sieens',178,1,'Post',NULL,'2010-06-02 13:46:43'),(189,'оптовая-фотопечать-от-18-р-работаем-с-регионами',179,1,'Post',NULL,'2010-06-02 13:46:43'),(190,'цифровая-оптическая-фотопечать-495-729-8675',180,1,'Post',NULL,'2010-06-02 13:46:44'),(191,'контактная-информация',181,2,'Post',NULL,'2010-06-02 13:46:44'),(192,'фотомастер',182,1,'Post',NULL,'2010-06-02 13:46:44'),(193,'фотолаборатории-продажа-и-покупка-старт',183,2,'Post',NULL,'2010-06-02 13:46:45'),(194,'главная-страница-экспертфото-центральная-фабрика-фотопечати',184,1,'Post',NULL,'2010-06-02 13:46:45'),(195,'руслан-корнев-—-мой-круг',185,1,'Post',NULL,'2010-06-02 13:46:46'),(196,'резюме-веб-программист',186,1,'Post',NULL,'2010-06-02 13:46:46'),(197,'продаю-ноутбук-toshiba-satellite-a300-23h-купить-ноутбук-toshiba-satellite-a300-23h-динамо-москва',187,1,'Post',NULL,'2010-06-02 13:46:46'),(198,'вторградру-торговля-без-преград',188,1,'Post',NULL,'2010-06-02 13:46:46'),(199,'оптовая-печать-фотографий-от-2р30к',189,1,'Post',NULL,'2010-06-02 13:46:47'),(200,'jquery-multiselect-plugin-by-eric-hynds',190,1,'Post',NULL,'2010-06-02 13:46:47'),(201,'oauth-php-project-hosting-on-google-code',191,1,'Post',NULL,'2010-06-02 13:46:47'),(202,'rails-framework-documentation',192,1,'Post',NULL,'2010-06-02 13:46:48'),(203,'edge-railsinfo-articles',193,1,'Post',NULL,'2010-06-02 13:46:48'),(204,'omgbloglol',194,1,'Post',NULL,'2010-06-02 13:46:48'),(205,'ruby-inside-the-ruby-blog',195,1,'Post',NULL,'2010-06-02 13:46:49'),(206,'rails-inside-the-ruby-on-rails-news-blog',196,1,'Post',NULL,'2010-06-02 13:46:49'),(207,'katz-got-your-tongue',197,1,'Post',NULL,'2010-06-02 13:46:50'),(208,'prostoprintcom-создай-собственный-магазин-футболок-и-сувениров-без-стартовых-затрат-выплата-вознаграждения-за-каждую-продажу',198,1,'Post',NULL,'2010-06-02 13:46:50'),(209,'фрилансер-удаленная-работа-советы-фрилансерам-работа-на-дому',199,1,'Post',NULL,'2010-06-02 13:46:50'),(210,'бизнес-инкубатор',200,1,'Post',NULL,'2010-06-02 13:46:51'),(211,'hasmany-bugs-through-rails-ruby-on-rails-development-london',201,1,'Post',NULL,'2010-06-02 13:46:51'),(212,'ruby-on-rails-documentation',202,1,'Post',NULL,'2010-06-02 13:46:51'),(213,'chicago-printing-chicago-printing-company-online-printing-company-chicago-digital-printing-chicago-brochure-printing',203,1,'Post',NULL,'2010-06-02 13:46:51'),(214,'git-cheat-sheet-mediumpng-1100x850',204,1,'Post',NULL,'2010-06-02 13:46:52'),(215,'git-wizardry-git-хабрахабр',205,1,'Post',NULL,'2010-06-02 13:46:52'),(216,'learnivore-rubyrailsiphone-screencasts',206,1,'Post',NULL,'2010-06-02 13:46:53'),(217,'indekбиржа-многофункциональная-система-купли-продажи-ссылок',207,1,'Post',NULL,'2010-06-02 13:46:53'),(218,'блог-maulnetru-–-для-тех-кто-умеет-зарабатывать-в-интернете-про-seo-заработок-в-интернете-домены-партнерские-программы-блоги',208,1,'Post',NULL,'2010-06-02 13:46:53'),(219,'mastertalk-реклама-поисковая-оптимизация-рейтинги-каталоги',209,1,'Post',NULL,'2010-06-02 13:46:54'),(220,'saperu-покупка-и-продажа-ссылок',210,1,'Post',NULL,'2010-06-02 13:46:54'),(221,'roemru-все-о-российском-интернет-бизнесе-инвестициях-стартапах-создании-проектов-и-их-продвижении',211,1,'Post',NULL,'2010-06-02 13:46:54'),(222,'searchenginesru-поисковые-системы-оптимизация-и-продвижение-сайта',212,1,'Post',NULL,'2010-06-02 13:46:55'),(223,'etxtru-биржа-контента-рерайтинг-копирайтинг-перевод-готовые-статьи',213,1,'Post',NULL,'2010-06-02 13:46:55'),(224,'биржа-копирайтинга-neotextru',214,1,'Post',NULL,'2010-06-02 13:46:55'),(225,'текстовые-биржи-рунета-взгляд-изнутри-топ-бирж-копирайтеров-seoadd-блог-atoga',215,1,'Post',NULL,'2010-06-02 13:46:55'),(226,'биржа-копирайтинга-neotextru',216,2,'Post',NULL,'2010-06-02 13:46:56'),(227,'liexru-естественное-продвижение-сайтов',217,1,'Post',NULL,'2010-06-02 13:46:56'),(228,'rails-3-reading-material-medium-exposure',218,1,'Post',NULL,'2010-06-02 13:46:56'),(229,'edge-railsinfo-the-skinny-on-scopes-formerly-namedscope',219,1,'Post',NULL,'2010-06-02 13:46:57'),(230,'rails-plugins-compatibility-tracking-railspluginsorg',220,2,'Post',NULL,'2010-06-02 13:46:57'),(231,'django-the-web-framework-for-perfectionists-with-deadlines',221,1,'Post',NULL,'2010-06-02 13:46:57'),(232,'topsy-a-search-engine-powered-by-tweets',222,1,'Post',NULL,'2010-06-02 13:46:58'),(233,'twitter-search',223,1,'Post',NULL,'2010-06-02 13:46:58'),(234,'i-print-it-—-печать-фотокниг-открыток-и-календарей-из-iphoto',224,1,'Post',NULL,'2010-06-02 13:46:58'),(235,'moo-we-love-to-print',225,1,'Post',NULL,'2010-06-02 13:46:59'),(236,'make-your-own-photo-book-with-blurb',226,1,'Post',NULL,'2010-06-02 13:46:59'),(237,'online-digital-photo-printing-in-india-send-photos-photo-greetings-photo-calendars-and-photo-t-shirts-to-india',227,1,'Post',NULL,'2010-06-02 13:46:59'),(238,'napartnerru-—-биржа-бизнес-партнерства-startup-проекты-интернет-стартап-идеи-стартапов-партнерство-поиск-бизнес-партнера-и-инвестора-кредиты-малому-бизнесу-с-нуля-сотрудничество-в-бизнесе-поиск-делового-партнера-и-партнера-по-бизнесу',228,1,'Post',NULL,'2010-06-02 13:47:00'),(239,'getting-real-by-37signals',229,1,'Post',NULL,'2010-06-02 13:47:00'),(240,'проверка-домена-проверить-домены-и-доменные-имена-regru',230,1,'Post',NULL,'2010-06-02 13:47:00'),(241,'российские-интернет-технологии-2010',231,1,'Post',NULL,'2010-06-02 13:47:01'),(242,'диалоговая-система-диагностики-diagnosru',232,1,'Post',NULL,'2010-06-02 13:47:01'),(243,'java-is-there-a-good-natural-language-processing-library-stack-overflow',233,1,'Post',NULL,'2010-06-02 13:47:01'),(244,'getting-real-by-37signals',234,2,'Post',NULL,'2010-06-02 13:47:02'),(245,'devconf-конференция-профессиональных-вебразработчиков-посвященная-ведущим-технологиям-программирования-и-вебразработки',235,1,'Post',NULL,'2010-06-02 13:47:02'),(246,'сервис-upxpru-—-повышение-опыта-в-реальных-проектах-идеи-для-стартапов-хабрахабр',236,1,'Post',NULL,'2010-06-02 13:47:03'),(247,'harvest-—-превратим-идеи-в-проекты-за-2-дня',237,1,'Post',NULL,'2010-06-02 13:47:03'),(248,'partage-servicesweb20com-services-web-20-le-repertoire-web-20',238,1,'Post',NULL,'2010-06-02 13:47:03'),(249,'панель-вебмастера',239,1,'Post',NULL,'2010-06-02 13:47:03'),(250,'zazzle-custom-t-shirts-personalized-gifts-posters-art-and-more',240,1,'Post',NULL,'2010-06-02 13:47:04'),(251,'truevds-заказ',241,1,'Post',NULL,'2010-06-02 13:47:04'),(252,'oauth-hueniverse',242,1,'Post',NULL,'2010-06-02 13:47:05'),(253,'общая-лента-—-identica',243,1,'Post',NULL,'2010-06-02 13:47:05'),(254,'виртуальный-тур-по-производству-типографии-50-копеек',244,1,'Post',NULL,'2010-06-02 13:47:05'),(255,'harvest-—-превратим-идеи-в-проекты-за-2-дня-видео',245,1,'Post',NULL,'2010-06-02 13:47:06'),(256,'technorati',246,1,'Post',NULL,'2010-06-02 13:47:06'),(257,'linkedin-relationships-matter',247,1,'Post',NULL,'2010-06-02 13:47:06'),(258,'bayesian-classification-on-rails-logan-koester',248,1,'Post',NULL,'2010-06-02 13:47:07'),(259,'конференция-по-ruby-on-rails',249,1,'Post',NULL,'2010-06-02 13:47:07'),(260,'active-record-object-relation-mapping-put-on-rails',250,1,'Post',NULL,'2010-06-02 13:47:07'),(261,'haml',251,1,'Post',NULL,'2010-06-02 13:47:08'),(262,'startuppointru-сообщество-стартаперов-и-инвесторов',252,1,'Post',NULL,'2010-06-02 13:47:08'),(263,'бизнес-инкубатор',253,2,'Post',NULL,'2010-06-02 13:47:08'),(264,'startup-weekend',254,1,'Post',NULL,'2010-06-02 13:47:09'),(265,'startupex-—-взаимопомощь-стартаперов',255,1,'Post',NULL,'2010-06-02 13:47:09'),(266,'ruby-on-rails-guides',256,1,'Post',NULL,'2010-06-02 13:47:09'),(267,'mr-neighborlys-humble-little-ruby-book',257,1,'Post',NULL,'2010-06-02 13:47:09'),(268,'ruby-docorg-documenting-the-ruby-language',258,1,'Post',NULL,'2010-06-02 13:47:10'),(269,'the-ruby-toolbox-know-your-options',259,2,'Post',NULL,'2010-06-02 13:47:10'),(270,'open-source-rails-adva-cms',260,1,'Post',NULL,'2010-06-02 13:47:10'),(271,'working-with-rails-home',261,1,'Post',NULL,'2010-06-02 13:47:11'),(272,'ruby-language-reference-manual',262,1,'Post',NULL,'2010-06-02 13:47:11'),(273,'руководство-по-поисковой-оптимизации-для-начинающих-от-google-google-webmaster-help',263,1,'Post',NULL,'2010-06-02 13:47:11'),(274,'партнеры-системы-linkfeedru',264,1,'Post',NULL,'2010-06-02 13:47:12'),(275,'система-регистрации-доменных-имен-в-зонах-rusu-и-международных-зонах-com-net-org-biz-info-in-ws-cn',265,1,'Post',NULL,'2010-06-02 13:47:12'),(276,'премиум-домены-в-зоне-ru-su-am-regru',266,1,'Post',NULL,'2010-06-02 13:47:13'),(277,'seo-морфология',267,1,'Post',NULL,'2010-06-02 13:47:13'),(278,'front-page-apidock',268,1,'Post',NULL,'2010-06-02 13:47:13'),(279,'httpguidesrailsinfo',269,1,'Post',NULL,'2010-06-02 13:47:14'),(280,'rdocinfo',270,1,'Post',NULL,'2010-06-02 13:47:14'),(281,'search-cms-github',271,1,'Post',NULL,'2010-06-02 13:47:15'),(282,'open-source-rails',272,1,'Post',NULL,'2010-06-02 13:47:15'),(283,'15-free-open-source-ruby-on-rails-applications',273,1,'Post',NULL,'2010-06-02 13:47:16'),(284,'corbinatv-0aof88-md83-b5528458o',274,1,'Post',NULL,'2010-06-02 13:47:16'),(285,'flazx-ebook-by-category-mysql',275,1,'Post',NULL,'2010-06-02 13:47:17'),(286,'high-scalability-building-bigger-faster-more-reliable-websites',276,1,'Post',NULL,'2010-06-02 13:47:17'),(287,'1c-⊘8b8a-02585-a09b-⊘51lh9-2080b-50870f88-ajax-2-⊘8b8a5',277,1,'Post',NULL,'2010-06-02 13:47:17'),(288,'sphinx-free-open-source-sql-full-text-search-engine',278,1,'Post',NULL,'2010-06-02 13:47:18'),(289,'deligoo-70-545n-b7oi89-lifehacker-71k5-048k-delicious-8-web-product-of-the-week-b0b0k-⊘38-010e01',279,1,'Post',NULL,'2010-06-02 13:47:18'),(290,'top10sqlperformancetips-mysqlforge-wiki',280,1,'Post',NULL,'2010-06-02 13:47:18'),(291,'k7-tube',281,1,'Post',NULL,'2010-06-02 13:47:19'),(292,'dropio-simple-private-storage-sharing',282,1,'Post',NULL,'2010-06-02 13:47:19'),(293,'mysql-ab-how-to-monitor-mysqls-performance',283,1,'Post',NULL,'2010-06-02 13:47:19'),(294,'the-data-charmer',284,1,'Post',NULL,'2010-06-02 13:47:20'),(295,'tutorial-zend-framework-development-zend-framework-wiki',285,1,'Post',NULL,'2010-06-02 13:47:20'),(296,'customising-custom-corners-and-borders-456-berea-street',286,1,'Post',NULL,'2010-06-02 13:47:20'),(297,'onlampcom-php-search-engine-showdown',287,1,'Post',NULL,'2010-06-02 13:47:21'),(298,'jondesigns-javascript-smooth-slideshow-showcase-mode-bcb-06585-b5ab0-0-0b8c',288,1,'Post',NULL,'2010-06-02 13:47:21'),(299,'hot-scripts-javascript-scripts-and-programs-navigation-menus',289,1,'Post',NULL,'2010-06-02 13:47:22'),(300,'javascript-scripts-navigation-tools',290,1,'Post',NULL,'2010-06-02 13:47:22'),(301,'web-software-components-wysiwyg-editors-at-htmlareacom',291,1,'Post',NULL,'2010-06-02 13:47:22'),(302,'tinymce-javascript-content-editor-by-moxiecode-systems-ab',292,1,'Post',NULL,'2010-06-02 13:47:23'),(303,'free-scripts-downloads-softpedia',293,1,'Post',NULL,'2010-06-02 13:47:23'),(304,'htmlareacom-wysiwyg-editor-directory',294,1,'Post',NULL,'2010-06-02 13:47:23'),(305,'genii-software-webeditors',295,1,'Post',NULL,'2010-06-02 13:47:24'),(306,'free-web-based-wysiwyg-html-editors-javascripts-thefreecountrycom',296,1,'Post',NULL,'2010-06-02 13:47:24'),(307,'externalresources-⊘-mootools-⊘-trac',297,1,'Post',NULL,'2010-06-02 13:47:25'),(308,'next-ｻ',298,1,'Post',NULL,'2010-06-02 13:47:25'),(309,'присоединяйтесь-к-сообществу',299,1,'Post',NULL,'2010-06-02 13:47:25'),(310,'начальная-страница',300,1,'Post',NULL,'2010-06-02 13:47:26'),(311,'расширения-для-работы-с-закладками',301,1,'Post',NULL,'2010-06-02 13:47:26'),(312,'css-web20-web-20-forms-поиск-в-google',302,1,'Post',NULL,'2010-06-02 13:47:27'),(313,'web20form-mister-wongde-social-bookmarking-tool',303,1,'Post',NULL,'2010-06-02 13:47:27'),(314,'styled-checkboxes-and-styled-radio-buttons-formstyle',304,1,'Post',NULL,'2010-06-02 13:47:27'),(315,'niceforms',305,1,'Post',NULL,'2010-06-02 13:47:28'),(316,'webmascon-журнал-для-веб-мастеров',306,1,'Post',NULL,'2010-06-02 13:47:28'),(317,'новости-css',307,1,'Post',NULL,'2010-06-02 13:47:28'),(318,'css-based-forms-modern-solutions-smashing-magazine',308,1,'Post',NULL,'2010-06-02 13:47:29'),(319,'deziner-folio-blog-archive-ultimate-web-20-layer-styles-free-download',309,1,'Post',NULL,'2010-06-02 13:47:29'),(320,'layout-gala-a-collection-of-40-css-layouts-based-on-the-same-markup-and-ready-for-download',310,1,'Post',NULL,'2010-06-02 13:47:29'),(321,'интернетные-штучки-шпаргалка-по-рунету-63-сервисa-русского-web-20',311,1,'Post',NULL,'2010-06-02 13:47:30'),(322,'web-20-how-to-design-style-guide',312,1,'Post',NULL,'2010-06-02 13:47:30'),(323,'deconcept-›-swfobject-javascript-flash-player-detection-and-embed-script',313,1,'Post',NULL,'2010-06-02 13:47:31'),(324,'как-полностью-отключить-кэш-в-браузере-полезные-советы-денвер-форум-лаборатории-dk',314,1,'Post',NULL,'2010-06-02 13:47:31'),(325,'the-second-acid-test',315,1,'Post',NULL,'2010-06-02 13:47:31'),(326,'acid2-the-guided-tour-the-web-standards-project',316,1,'Post',NULL,'2010-06-02 13:47:32'),(327,'zend-studio-enterprise-edition-v550-скачать-бесплатно-программы-игры-фильмы-музыку-mp3-скрипты-знаменитости-книги-юмор-и-приколы',317,1,'Post',NULL,'2010-06-02 13:47:32'),(328,'70-expert-ideas-for-better-css-coding-smashing-magazine',318,1,'Post',NULL,'2010-06-02 13:47:32'),(329,'seomozs-web-20-awards',319,1,'Post',NULL,'2010-06-02 13:47:33'),(330,'blue-vertigo-web-design-resources-links-last-update-mar052007',320,1,'Post',NULL,'2010-06-02 13:47:33'),(331,'-25-code-snippets-for-web-designers-part1',321,1,'Post',NULL,'2010-06-02 13:47:33'),(332,'blueprint-css-фреймворк-и-режим-разметки',322,1,'Post',NULL,'2010-06-03 06:32:24'),(333,'событие-при-выходе-со-страницы-с-не-сохраненными-данными',62,1,'Post',NULL,'2010-06-03 06:33:57'),(334,'jquery-multiselect-plugin-by-eric-hynds',323,2,'Post',NULL,'2010-06-03 06:38:11'),(335,'проверочный',324,1,'Post',NULL,'2010-06-03 09:06:33');
/*!40000 ALTER TABLE `slugs` ENABLE KEYS */;
UNLOCK TABLES;

--
-- Table structure for table `taggings`
--

DROP TABLE IF EXISTS `taggings`;
/*!40101 SET @saved_cs_client     = @@character_set_client */;
/*!40101 SET character_set_client = utf8 */;
CREATE TABLE `taggings` (
  `id` int(11) NOT NULL AUTO_INCREMENT,
  `tag_id` int(11) DEFAULT NULL,
  `taggable_id` int(11) DEFAULT NULL,
  `tagger_id` int(11) DEFAULT NULL,
  `tagger_type` varchar(255) COLLATE utf8_unicode_ci DEFAULT NULL,
  `taggable_type` varchar(255) COLLATE utf8_unicode_ci DEFAULT NULL,
  `context` varchar(255) COLLATE utf8_unicode_ci DEFAULT NULL,
  `created_at` datetime DEFAULT NULL,
  PRIMARY KEY (`id`),
  KEY `index_taggings_on_tag_id` (`tag_id`),
  KEY `index_taggings_on_taggable_id_and_taggable_type_and_context` (`taggable_id`,`taggable_type`,`context`)
) ENGINE=InnoDB AUTO_INCREMENT=657 DEFAULT CHARSET=utf8 COLLATE=utf8_unicode_ci;
/*!40101 SET character_set_client = @saved_cs_client */;

--
-- Dumping data for table `taggings`
--

LOCK TABLES `taggings` WRITE;
/*!40000 ALTER TABLE `taggings` DISABLE KEYS */;
INSERT INTO `taggings` VALUES (1,1,1,NULL,NULL,'Post','tags','2010-05-25 22:02:38'),(2,2,1,NULL,NULL,'Post','tags','2010-05-25 22:02:39'),(3,3,1,NULL,NULL,'Post','tags','2010-05-25 22:02:39'),(4,4,1,NULL,NULL,'Post','tags','2010-05-25 22:02:40'),(5,5,1,NULL,NULL,'Post','tags','2010-05-25 22:02:40'),(6,6,1,NULL,NULL,'Post','tags','2010-05-25 22:02:40'),(7,7,2,NULL,NULL,'Post','tags','2010-05-25 23:06:52'),(8,8,2,NULL,NULL,'Post','tags','2010-05-25 23:06:53'),(9,9,2,NULL,NULL,'Post','tags','2010-05-25 23:06:53'),(10,10,2,NULL,NULL,'Post','tags','2010-05-25 23:06:53'),(11,11,2,NULL,NULL,'Post','tags','2010-05-25 23:06:54'),(12,12,2,NULL,NULL,'Post','tags','2010-05-25 23:06:54'),(13,13,2,NULL,NULL,'Post','tags','2010-05-25 23:06:55'),(14,14,3,NULL,NULL,'Post','tags','2010-05-26 00:45:22'),(15,15,3,NULL,NULL,'Post','tags','2010-05-26 00:45:22'),(16,16,3,NULL,NULL,'Post','tags','2010-05-26 00:45:22'),(17,17,3,NULL,NULL,'Post','tags','2010-05-26 00:45:23'),(18,18,3,NULL,NULL,'Post','tags','2010-05-26 00:45:23'),(19,19,4,NULL,NULL,'Post','tags','2010-05-26 00:56:02'),(20,20,4,NULL,NULL,'Post','tags','2010-05-26 00:59:00'),(21,21,4,NULL,NULL,'Post','tags','2010-05-26 00:59:00'),(22,22,4,NULL,NULL,'Post','tags','2010-05-26 00:59:00'),(26,26,6,NULL,NULL,'Post','tags','2010-05-26 01:09:28'),(27,27,6,NULL,NULL,'Post','tags','2010-05-26 01:09:28'),(28,28,6,NULL,NULL,'Post','tags','2010-05-26 01:09:29'),(29,26,7,NULL,NULL,'Post','tags','2010-05-26 01:10:51'),(30,27,7,NULL,NULL,'Post','tags','2010-05-26 01:10:51'),(31,28,7,NULL,NULL,'Post','tags','2010-05-26 01:10:51'),(32,8,8,NULL,NULL,'Post','tags','2010-05-26 01:13:34'),(34,21,8,NULL,NULL,'Post','tags','2010-05-26 01:13:35'),(38,8,9,NULL,NULL,'Post','tags','2010-05-26 01:14:54'),(39,21,9,NULL,NULL,'Post','tags','2010-05-26 01:14:54'),(40,29,9,NULL,NULL,'Post','tags','2010-05-26 01:14:54'),(41,30,9,NULL,NULL,'Post','tags','2010-05-26 01:14:54'),(42,31,9,NULL,NULL,'Post','tags','2010-05-26 01:14:55'),(43,32,9,NULL,NULL,'Post','tags','2010-05-26 01:14:55'),(44,33,9,NULL,NULL,'Post','tags','2010-05-26 01:14:56'),(45,34,9,NULL,NULL,'Post','tags','2010-05-26 01:14:56'),(46,8,10,NULL,NULL,'Post','tags','2010-05-26 01:16:18'),(47,20,10,NULL,NULL,'Post','tags','2010-05-26 01:16:18'),(48,21,10,NULL,NULL,'Post','tags','2010-05-26 01:16:18'),(49,30,10,NULL,NULL,'Post','tags','2010-05-26 01:16:18'),(50,31,10,NULL,NULL,'Post','tags','2010-05-26 01:16:18'),(51,34,10,NULL,NULL,'Post','tags','2010-05-26 01:16:18'),(52,16,11,NULL,NULL,'Post','tags','2010-05-26 01:20:18'),(53,35,11,NULL,NULL,'Post','tags','2010-05-26 01:20:18'),(54,36,11,NULL,NULL,'Post','tags','2010-05-26 01:20:19'),(55,37,12,NULL,NULL,'Post','tags','2010-05-26 01:21:36'),(56,38,12,NULL,NULL,'Post','tags','2010-05-26 01:21:37'),(57,39,12,NULL,NULL,'Post','tags','2010-05-26 01:21:37'),(58,40,12,NULL,NULL,'Post','tags','2010-05-26 01:21:38'),(59,28,13,NULL,NULL,'Post','tags','2010-05-26 01:23:22'),(60,38,13,NULL,NULL,'Post','tags','2010-05-26 01:23:22'),(61,39,13,NULL,NULL,'Post','tags','2010-05-26 01:23:22'),(62,40,13,NULL,NULL,'Post','tags','2010-05-26 01:23:23'),(63,41,13,NULL,NULL,'Post','tags','2010-05-26 01:23:23'),(64,7,17,NULL,NULL,'Post','tags','2010-05-26 01:27:19'),(65,42,17,NULL,NULL,'Post','tags','2010-05-26 01:27:19'),(66,43,17,NULL,NULL,'Post','tags','2010-05-26 01:27:19'),(67,16,16,NULL,NULL,'Post','tags','2010-05-26 01:30:00'),(68,44,16,NULL,NULL,'Post','tags','2010-05-26 01:30:00'),(69,45,16,NULL,NULL,'Post','tags','2010-05-26 01:30:00'),(70,46,16,NULL,NULL,'Post','tags','2010-05-26 01:30:00'),(71,45,14,NULL,NULL,'Post','tags','2010-05-26 01:30:56'),(72,47,14,NULL,NULL,'Post','tags','2010-05-26 01:30:56'),(73,48,14,NULL,NULL,'Post','tags','2010-05-26 01:30:56'),(74,45,15,NULL,NULL,'Post','tags','2010-05-26 01:31:17'),(75,49,15,NULL,NULL,'Post','tags','2010-05-26 01:31:17'),(76,50,15,NULL,NULL,'Post','tags','2010-05-26 01:31:17'),(77,45,18,NULL,NULL,'Post','tags','2010-05-26 01:32:13'),(78,51,18,NULL,NULL,'Post','tags','2010-05-26 01:32:13'),(79,52,18,NULL,NULL,'Post','tags','2010-05-26 01:32:13'),(80,53,18,NULL,NULL,'Post','tags','2010-05-26 01:32:13'),(81,16,19,NULL,NULL,'Post','tags','2010-05-26 01:34:19'),(82,45,19,NULL,NULL,'Post','tags','2010-05-26 01:34:19'),(83,46,19,NULL,NULL,'Post','tags','2010-05-26 01:34:19'),(84,54,19,NULL,NULL,'Post','tags','2010-05-26 01:34:19'),(85,55,19,NULL,NULL,'Post','tags','2010-05-26 01:34:19'),(86,56,20,NULL,NULL,'Post','tags','2010-05-26 01:40:27'),(87,57,21,NULL,NULL,'Post','tags','2010-05-26 01:41:34'),(88,58,21,NULL,NULL,'Post','tags','2010-05-26 01:41:34'),(89,59,21,NULL,NULL,'Post','tags','2010-05-26 01:41:34'),(90,45,22,NULL,NULL,'Post','tags','2010-05-26 01:42:58'),(91,56,22,NULL,NULL,'Post','tags','2010-05-26 01:42:58'),(92,60,22,NULL,NULL,'Post','tags','2010-05-26 01:42:58'),(93,61,22,NULL,NULL,'Post','tags','2010-05-26 01:42:58'),(94,8,23,NULL,NULL,'Post','tags','2010-05-26 01:46:11'),(95,16,23,NULL,NULL,'Post','tags','2010-05-26 01:46:11'),(96,30,23,NULL,NULL,'Post','tags','2010-05-26 01:46:11'),(97,8,24,NULL,NULL,'Post','tags','2010-05-26 01:47:18'),(98,16,24,NULL,NULL,'Post','tags','2010-05-26 01:47:18'),(99,30,24,NULL,NULL,'Post','tags','2010-05-26 01:47:18'),(100,62,25,NULL,NULL,'Post','tags','2010-05-26 01:48:18'),(101,63,25,NULL,NULL,'Post','tags','2010-05-26 01:48:18'),(102,62,26,NULL,NULL,'Post','tags','2010-05-26 01:49:41'),(103,63,26,NULL,NULL,'Post','tags','2010-05-26 01:49:41'),(104,64,26,NULL,NULL,'Post','tags','2010-05-26 01:49:41'),(105,65,27,NULL,NULL,'Post','tags','2010-05-26 01:50:59'),(106,66,27,NULL,NULL,'Post','tags','2010-05-26 01:50:59'),(107,30,28,NULL,NULL,'Post','tags','2010-05-26 01:52:29'),(108,32,28,NULL,NULL,'Post','tags','2010-05-26 01:52:29'),(109,62,28,NULL,NULL,'Post','tags','2010-05-26 01:52:29'),(110,63,28,NULL,NULL,'Post','tags','2010-05-26 01:52:29'),(111,67,28,NULL,NULL,'Post','tags','2010-05-26 01:52:29'),(112,68,30,NULL,NULL,'Post','tags','2010-05-26 02:06:31'),(113,69,30,NULL,NULL,'Post','tags','2010-05-26 02:06:31'),(114,70,31,NULL,NULL,'Post','tags','2010-05-26 02:08:26'),(115,71,31,NULL,NULL,'Post','tags','2010-05-26 02:08:26'),(116,72,31,NULL,NULL,'Post','tags','2010-05-26 02:08:27'),(117,73,31,NULL,NULL,'Post','tags','2010-05-26 02:08:27'),(118,74,32,NULL,NULL,'Post','tags','2010-05-26 02:10:45'),(119,21,33,NULL,NULL,'Post','tags','2010-05-26 02:13:12'),(120,31,33,NULL,NULL,'Post','tags','2010-05-26 02:13:12'),(121,75,33,NULL,NULL,'Post','tags','2010-05-26 02:13:12'),(122,76,34,NULL,NULL,'Post','tags','2010-05-26 02:15:32'),(123,77,34,NULL,NULL,'Post','tags','2010-05-26 02:15:32'),(124,7,32,NULL,NULL,'Post','tags','2010-05-26 02:20:15'),(125,78,32,NULL,NULL,'Post','tags','2010-05-26 02:20:15'),(128,79,37,NULL,NULL,'Post','tags','2010-05-26 23:22:59'),(129,80,37,NULL,NULL,'Post','tags','2010-05-26 23:22:59'),(130,81,37,NULL,NULL,'Post','tags','2010-05-26 23:22:59'),(131,82,37,NULL,NULL,'Post','tags','2010-05-26 23:22:59'),(132,23,38,NULL,NULL,'Post','tags','2010-05-27 00:29:31'),(133,24,38,NULL,NULL,'Post','tags','2010-05-27 00:29:31'),(134,25,38,NULL,NULL,'Post','tags','2010-05-27 00:29:32'),(135,30,26,NULL,NULL,'Post','tags','2010-05-30 19:40:39'),(150,20,8,NULL,NULL,'Post','tags','2010-05-31 07:06:59'),(151,29,8,NULL,NULL,'Post','tags','2010-05-31 07:06:59'),(152,30,8,NULL,NULL,'Post','tags','2010-05-31 07:06:59'),(156,31,8,NULL,NULL,'Post','tags','2010-06-01 13:00:57'),(157,109,41,NULL,NULL,'Post','tags','2010-06-01 13:23:43'),(158,110,41,NULL,NULL,'Post','tags','2010-06-01 13:23:43'),(159,111,41,NULL,NULL,'Post','tags','2010-06-01 13:23:43'),(160,112,41,NULL,NULL,'Post','tags','2010-06-01 13:23:43'),(161,113,41,NULL,NULL,'Post','tags','2010-06-01 13:23:43'),(162,114,41,NULL,NULL,'Post','tags','2010-06-01 13:23:43'),(163,115,41,NULL,NULL,'Post','tags','2010-06-01 13:23:43'),(164,116,41,NULL,NULL,'Post','tags','2010-06-01 13:23:43'),(165,117,41,NULL,NULL,'Post','tags','2010-06-01 13:23:43'),(166,118,41,NULL,NULL,'Post','tags','2010-06-01 13:23:43'),(167,119,41,NULL,NULL,'Post','tags','2010-06-01 13:23:43'),(168,120,41,NULL,NULL,'Post','tags','2010-06-01 13:23:43'),(169,121,41,NULL,NULL,'Post','tags','2010-06-01 13:23:43'),(179,126,18,NULL,NULL,'Post','tags','2010-06-02 08:37:17'),(181,128,62,NULL,NULL,'Post','tags','2010-06-02 12:17:52'),(182,129,62,NULL,NULL,'Post','tags','2010-06-02 12:17:52'),(183,130,62,NULL,NULL,'Post','tags','2010-06-02 12:17:52'),(184,131,63,NULL,NULL,'Post','tags','2010-06-02 13:17:01'),(185,132,63,NULL,NULL,'Post','tags','2010-06-02 13:17:01'),(186,133,76,NULL,NULL,'Post','tags','2010-06-02 13:17:05'),(187,134,76,NULL,NULL,'Post','tags','2010-06-02 13:17:05'),(188,135,77,NULL,NULL,'Post','tags','2010-06-02 13:17:05'),(189,136,77,NULL,NULL,'Post','tags','2010-06-02 13:17:05'),(190,137,77,NULL,NULL,'Post','tags','2010-06-02 13:17:05'),(191,138,78,NULL,NULL,'Post','tags','2010-06-02 13:17:06'),(192,139,78,NULL,NULL,'Post','tags','2010-06-02 13:17:06'),(193,140,78,NULL,NULL,'Post','tags','2010-06-02 13:17:06'),(194,141,78,NULL,NULL,'Post','tags','2010-06-02 13:17:06'),(195,142,78,NULL,NULL,'Post','tags','2010-06-02 13:17:06'),(196,143,78,NULL,NULL,'Post','tags','2010-06-02 13:17:06'),(197,144,78,NULL,NULL,'Post','tags','2010-06-02 13:17:06'),(198,145,78,NULL,NULL,'Post','tags','2010-06-02 13:17:06'),(199,146,78,NULL,NULL,'Post','tags','2010-06-02 13:17:06'),(200,147,79,NULL,NULL,'Post','tags','2010-06-02 13:17:06'),(201,147,80,NULL,NULL,'Post','tags','2010-06-02 13:17:07'),(202,148,80,NULL,NULL,'Post','tags','2010-06-02 13:17:07'),(203,149,81,NULL,NULL,'Post','tags','2010-06-02 13:27:25'),(204,150,81,NULL,NULL,'Post','tags','2010-06-02 13:27:25'),(205,149,82,NULL,NULL,'Post','tags','2010-06-02 13:27:26'),(206,150,82,NULL,NULL,'Post','tags','2010-06-02 13:27:26'),(207,149,83,NULL,NULL,'Post','tags','2010-06-02 13:27:26'),(208,150,83,NULL,NULL,'Post','tags','2010-06-02 13:27:26'),(209,149,84,NULL,NULL,'Post','tags','2010-06-02 13:27:26'),(210,150,84,NULL,NULL,'Post','tags','2010-06-02 13:27:27'),(211,151,85,NULL,NULL,'Post','tags','2010-06-02 13:27:27'),(212,152,85,NULL,NULL,'Post','tags','2010-06-02 13:27:27'),(213,153,86,NULL,NULL,'Post','tags','2010-06-02 13:27:27'),(214,154,86,NULL,NULL,'Post','tags','2010-06-02 13:27:27'),(215,155,87,NULL,NULL,'Post','tags','2010-06-02 13:27:28'),(216,156,87,NULL,NULL,'Post','tags','2010-06-02 13:27:28'),(217,149,88,NULL,NULL,'Post','tags','2010-06-02 13:27:28'),(218,150,88,NULL,NULL,'Post','tags','2010-06-02 13:27:28'),(219,149,89,NULL,NULL,'Post','tags','2010-06-02 13:27:28'),(220,150,89,NULL,NULL,'Post','tags','2010-06-02 13:27:28'),(221,149,90,NULL,NULL,'Post','tags','2010-06-02 13:27:28'),(222,150,90,NULL,NULL,'Post','tags','2010-06-02 13:27:28'),(223,149,91,NULL,NULL,'Post','tags','2010-06-02 13:27:29'),(224,150,91,NULL,NULL,'Post','tags','2010-06-02 13:27:29'),(225,149,92,NULL,NULL,'Post','tags','2010-06-02 13:27:29'),(226,150,92,NULL,NULL,'Post','tags','2010-06-02 13:27:29'),(227,157,93,NULL,NULL,'Post','tags','2010-06-02 13:27:30'),(228,158,93,NULL,NULL,'Post','tags','2010-06-02 13:27:30'),(229,159,94,NULL,NULL,'Post','tags','2010-06-02 13:27:30'),(230,160,94,NULL,NULL,'Post','tags','2010-06-02 13:27:30'),(231,161,95,NULL,NULL,'Post','tags','2010-06-02 13:27:31'),(232,162,95,NULL,NULL,'Post','tags','2010-06-02 13:27:31'),(233,161,96,NULL,NULL,'Post','tags','2010-06-02 13:27:31'),(234,162,96,NULL,NULL,'Post','tags','2010-06-02 13:27:31'),(235,163,97,NULL,NULL,'Post','tags','2010-06-02 13:27:31'),(236,164,97,NULL,NULL,'Post','tags','2010-06-02 13:27:31'),(237,149,98,NULL,NULL,'Post','tags','2010-06-02 13:27:32'),(238,150,98,NULL,NULL,'Post','tags','2010-06-02 13:27:32'),(239,149,99,NULL,NULL,'Post','tags','2010-06-02 13:27:32'),(240,150,99,NULL,NULL,'Post','tags','2010-06-02 13:27:32'),(241,165,100,NULL,NULL,'Post','tags','2010-06-02 13:27:32'),(242,166,101,NULL,NULL,'Post','tags','2010-06-02 13:27:33'),(243,167,102,NULL,NULL,'Post','tags','2010-06-02 13:27:33'),(244,168,102,NULL,NULL,'Post','tags','2010-06-02 13:27:33'),(245,149,103,NULL,NULL,'Post','tags','2010-06-02 13:27:33'),(246,169,103,NULL,NULL,'Post','tags','2010-06-02 13:27:33'),(247,149,104,NULL,NULL,'Post','tags','2010-06-02 13:27:34'),(248,169,104,NULL,NULL,'Post','tags','2010-06-02 13:27:34'),(249,149,105,NULL,NULL,'Post','tags','2010-06-02 13:27:34'),(250,169,105,NULL,NULL,'Post','tags','2010-06-02 13:27:35'),(251,149,106,NULL,NULL,'Post','tags','2010-06-02 13:27:35'),(252,169,106,NULL,NULL,'Post','tags','2010-06-02 13:27:35'),(253,149,107,NULL,NULL,'Post','tags','2010-06-02 13:27:35'),(254,150,107,NULL,NULL,'Post','tags','2010-06-02 13:27:35'),(255,149,108,NULL,NULL,'Post','tags','2010-06-02 13:27:35'),(256,150,108,NULL,NULL,'Post','tags','2010-06-02 13:27:36'),(257,149,109,NULL,NULL,'Post','tags','2010-06-02 13:27:36'),(258,150,109,NULL,NULL,'Post','tags','2010-06-02 13:27:36'),(259,149,110,NULL,NULL,'Post','tags','2010-06-02 13:27:36'),(260,150,110,NULL,NULL,'Post','tags','2010-06-02 13:27:36'),(261,170,111,NULL,NULL,'Post','tags','2010-06-02 13:27:37'),(262,171,111,NULL,NULL,'Post','tags','2010-06-02 13:27:37'),(263,172,112,NULL,NULL,'Post','tags','2010-06-02 13:27:37'),(264,173,112,NULL,NULL,'Post','tags','2010-06-02 13:27:37'),(265,174,113,NULL,NULL,'Post','tags','2010-06-02 13:27:37'),(266,175,113,NULL,NULL,'Post','tags','2010-06-02 13:27:37'),(267,176,114,NULL,NULL,'Post','tags','2010-06-02 13:27:38'),(268,177,114,NULL,NULL,'Post','tags','2010-06-02 13:27:38'),(269,178,115,NULL,NULL,'Post','tags','2010-06-02 13:27:38'),(270,179,116,NULL,NULL,'Post','tags','2010-06-02 13:46:21'),(271,180,116,NULL,NULL,'Post','tags','2010-06-02 13:46:22'),(272,181,116,NULL,NULL,'Post','tags','2010-06-02 13:46:22'),(273,182,117,NULL,NULL,'Post','tags','2010-06-02 13:46:22'),(274,183,117,NULL,NULL,'Post','tags','2010-06-02 13:46:22'),(275,184,117,NULL,NULL,'Post','tags','2010-06-02 13:46:22'),(276,182,118,NULL,NULL,'Post','tags','2010-06-02 13:46:22'),(277,183,118,NULL,NULL,'Post','tags','2010-06-02 13:46:22'),(278,185,118,NULL,NULL,'Post','tags','2010-06-02 13:46:22'),(279,186,119,NULL,NULL,'Post','tags','2010-06-02 13:46:23'),(280,186,120,NULL,NULL,'Post','tags','2010-06-02 13:46:23'),(281,80,121,NULL,NULL,'Post','tags','2010-06-02 13:46:23'),(282,187,121,NULL,NULL,'Post','tags','2010-06-02 13:46:23'),(283,80,122,NULL,NULL,'Post','tags','2010-06-02 13:46:24'),(284,187,122,NULL,NULL,'Post','tags','2010-06-02 13:46:24'),(285,128,123,NULL,NULL,'Post','tags','2010-06-02 13:46:24'),(286,188,123,NULL,NULL,'Post','tags','2010-06-02 13:46:24'),(287,189,123,NULL,NULL,'Post','tags','2010-06-02 13:46:24'),(288,128,124,NULL,NULL,'Post','tags','2010-06-02 13:46:25'),(289,188,124,NULL,NULL,'Post','tags','2010-06-02 13:46:25'),(290,186,125,NULL,NULL,'Post','tags','2010-06-02 13:46:25'),(291,190,125,NULL,NULL,'Post','tags','2010-06-02 13:46:25'),(292,7,126,NULL,NULL,'Post','tags','2010-06-02 13:46:25'),(293,191,126,NULL,NULL,'Post','tags','2010-06-02 13:46:25'),(294,192,126,NULL,NULL,'Post','tags','2010-06-02 13:46:25'),(295,186,127,NULL,NULL,'Post','tags','2010-06-02 13:46:26'),(296,193,127,NULL,NULL,'Post','tags','2010-06-02 13:46:26'),(297,194,127,NULL,NULL,'Post','tags','2010-06-02 13:46:26'),(298,195,128,NULL,NULL,'Post','tags','2010-06-02 13:46:26'),(299,196,129,NULL,NULL,'Post','tags','2010-06-02 13:46:27'),(300,197,129,NULL,NULL,'Post','tags','2010-06-02 13:46:27'),(301,196,130,NULL,NULL,'Post','tags','2010-06-02 13:46:27'),(302,198,130,NULL,NULL,'Post','tags','2010-06-02 13:46:27'),(303,199,130,NULL,NULL,'Post','tags','2010-06-02 13:46:27'),(304,200,130,NULL,NULL,'Post','tags','2010-06-02 13:46:27'),(305,201,131,NULL,NULL,'Post','tags','2010-06-02 13:46:27'),(306,202,131,NULL,NULL,'Post','tags','2010-06-02 13:46:27'),(307,195,132,NULL,NULL,'Post','tags','2010-06-02 13:46:28'),(308,195,133,NULL,NULL,'Post','tags','2010-06-02 13:46:28'),(309,198,134,NULL,NULL,'Post','tags','2010-06-02 13:46:28'),(310,203,134,NULL,NULL,'Post','tags','2010-06-02 13:46:28'),(311,198,135,NULL,NULL,'Post','tags','2010-06-02 13:46:29'),(312,203,135,NULL,NULL,'Post','tags','2010-06-02 13:46:29'),(313,198,136,NULL,NULL,'Post','tags','2010-06-02 13:46:29'),(314,203,136,NULL,NULL,'Post','tags','2010-06-02 13:46:29'),(315,195,137,NULL,NULL,'Post','tags','2010-06-02 13:46:29'),(316,204,138,NULL,NULL,'Post','tags','2010-06-02 13:46:30'),(317,195,139,NULL,NULL,'Post','tags','2010-06-02 13:46:30'),(318,195,140,NULL,NULL,'Post','tags','2010-06-02 13:46:30'),(319,205,141,NULL,NULL,'Post','tags','2010-06-02 13:46:31'),(320,195,142,NULL,NULL,'Post','tags','2010-06-02 13:46:31'),(321,58,143,NULL,NULL,'Post','tags','2010-06-02 13:46:31'),(322,58,144,NULL,NULL,'Post','tags','2010-06-02 13:46:32'),(323,204,145,NULL,NULL,'Post','tags','2010-06-02 13:46:32'),(324,195,146,NULL,NULL,'Post','tags','2010-06-02 13:46:32'),(325,195,147,NULL,NULL,'Post','tags','2010-06-02 13:46:33'),(326,206,148,NULL,NULL,'Post','tags','2010-06-02 13:46:33'),(327,58,149,NULL,NULL,'Post','tags','2010-06-02 13:46:33'),(328,206,150,NULL,NULL,'Post','tags','2010-06-02 13:46:34'),(329,58,151,NULL,NULL,'Post','tags','2010-06-02 13:46:34'),(330,58,152,NULL,NULL,'Post','tags','2010-06-02 13:46:35'),(331,58,153,NULL,NULL,'Post','tags','2010-06-02 13:46:35'),(332,58,154,NULL,NULL,'Post','tags','2010-06-02 13:46:35'),(333,207,155,NULL,NULL,'Post','tags','2010-06-02 13:46:35'),(334,58,156,NULL,NULL,'Post','tags','2010-06-02 13:46:36'),(335,208,157,NULL,NULL,'Post','tags','2010-06-02 13:46:36'),(336,208,158,NULL,NULL,'Post','tags','2010-06-02 13:46:37'),(337,208,159,NULL,NULL,'Post','tags','2010-06-02 13:46:37'),(338,195,160,NULL,NULL,'Post','tags','2010-06-02 13:46:37'),(339,195,161,NULL,NULL,'Post','tags','2010-06-02 13:46:38'),(340,209,162,NULL,NULL,'Post','tags','2010-06-02 13:46:38'),(341,209,163,NULL,NULL,'Post','tags','2010-06-02 13:46:38'),(342,209,164,NULL,NULL,'Post','tags','2010-06-02 13:46:38'),(343,199,165,NULL,NULL,'Post','tags','2010-06-02 13:46:39'),(344,199,166,NULL,NULL,'Post','tags','2010-06-02 13:46:39'),(345,210,167,NULL,NULL,'Post','tags','2010-06-02 13:46:39'),(346,209,168,NULL,NULL,'Post','tags','2010-06-02 13:46:40'),(347,58,169,NULL,NULL,'Post','tags','2010-06-02 13:46:40'),(348,209,170,NULL,NULL,'Post','tags','2010-06-02 13:46:40'),(349,211,171,NULL,NULL,'Post','tags','2010-06-02 13:46:41'),(350,122,172,NULL,NULL,'Post','tags','2010-06-02 13:46:41'),(351,211,172,NULL,NULL,'Post','tags','2010-06-02 13:46:41'),(352,212,172,NULL,NULL,'Post','tags','2010-06-02 13:46:41'),(353,213,172,NULL,NULL,'Post','tags','2010-06-02 13:46:41'),(354,211,173,NULL,NULL,'Post','tags','2010-06-02 13:46:42'),(355,211,174,NULL,NULL,'Post','tags','2010-06-02 13:46:42'),(356,211,175,NULL,NULL,'Post','tags','2010-06-02 13:46:42'),(357,211,176,NULL,NULL,'Post','tags','2010-06-02 13:46:43'),(358,214,176,NULL,NULL,'Post','tags','2010-06-02 13:46:43'),(359,122,177,NULL,NULL,'Post','tags','2010-06-02 13:46:43'),(360,211,177,NULL,NULL,'Post','tags','2010-06-02 13:46:43'),(361,211,178,NULL,NULL,'Post','tags','2010-06-02 13:46:43'),(362,211,179,NULL,NULL,'Post','tags','2010-06-02 13:46:43'),(363,123,180,NULL,NULL,'Post','tags','2010-06-02 13:46:44'),(364,211,180,NULL,NULL,'Post','tags','2010-06-02 13:46:44'),(365,211,181,NULL,NULL,'Post','tags','2010-06-02 13:46:44'),(366,211,182,NULL,NULL,'Post','tags','2010-06-02 13:46:45'),(367,215,182,NULL,NULL,'Post','tags','2010-06-02 13:46:45'),(368,211,183,NULL,NULL,'Post','tags','2010-06-02 13:46:45'),(369,211,184,NULL,NULL,'Post','tags','2010-06-02 13:46:45'),(370,216,185,NULL,NULL,'Post','tags','2010-06-02 13:46:46'),(371,216,186,NULL,NULL,'Post','tags','2010-06-02 13:46:46'),(372,216,187,NULL,NULL,'Post','tags','2010-06-02 13:46:46'),(373,211,188,NULL,NULL,'Post','tags','2010-06-02 13:46:47'),(374,211,189,NULL,NULL,'Post','tags','2010-06-02 13:46:47'),(375,217,189,NULL,NULL,'Post','tags','2010-06-02 13:46:47'),(376,175,190,NULL,NULL,'Post','tags','2010-06-02 13:46:47'),(377,218,190,NULL,NULL,'Post','tags','2010-06-02 13:46:47'),(378,180,191,NULL,NULL,'Post','tags','2010-06-02 13:46:48'),(379,219,191,NULL,NULL,'Post','tags','2010-06-02 13:46:48'),(380,186,192,NULL,NULL,'Post','tags','2010-06-02 13:46:48'),(381,197,192,NULL,NULL,'Post','tags','2010-06-02 13:46:48'),(382,220,193,NULL,NULL,'Post','tags','2010-06-02 13:46:48'),(383,186,194,NULL,NULL,'Post','tags','2010-06-02 13:46:49'),(384,220,195,NULL,NULL,'Post','tags','2010-06-02 13:46:49'),(385,186,196,NULL,NULL,'Post','tags','2010-06-02 13:46:49'),(386,186,197,NULL,NULL,'Post','tags','2010-06-02 13:46:50'),(387,221,198,NULL,NULL,'Post','tags','2010-06-02 13:46:50'),(388,205,199,NULL,NULL,'Post','tags','2010-06-02 13:46:50'),(389,222,200,NULL,NULL,'Post','tags','2010-06-02 13:46:51'),(390,150,201,NULL,NULL,'Post','tags','2010-06-02 13:46:51'),(391,186,201,NULL,NULL,'Post','tags','2010-06-02 13:46:51'),(392,223,201,NULL,NULL,'Post','tags','2010-06-02 13:46:51'),(393,220,202,NULL,NULL,'Post','tags','2010-06-02 13:46:51'),(394,221,203,NULL,NULL,'Post','tags','2010-06-02 13:46:52'),(395,198,204,NULL,NULL,'Post','tags','2010-06-02 13:46:52'),(396,198,205,NULL,NULL,'Post','tags','2010-06-02 13:46:52'),(397,224,205,NULL,NULL,'Post','tags','2010-06-02 13:46:52'),(398,223,206,NULL,NULL,'Post','tags','2010-06-02 13:46:53'),(399,225,207,NULL,NULL,'Post','tags','2010-06-02 13:46:53'),(400,225,208,NULL,NULL,'Post','tags','2010-06-02 13:46:53'),(401,225,209,NULL,NULL,'Post','tags','2010-06-02 13:46:54'),(402,225,210,NULL,NULL,'Post','tags','2010-06-02 13:46:54'),(403,225,211,NULL,NULL,'Post','tags','2010-06-02 13:46:54'),(404,225,212,NULL,NULL,'Post','tags','2010-06-02 13:46:55'),(405,225,213,NULL,NULL,'Post','tags','2010-06-02 13:46:55'),(406,225,214,NULL,NULL,'Post','tags','2010-06-02 13:46:55'),(407,225,215,NULL,NULL,'Post','tags','2010-06-02 13:46:55'),(408,225,216,NULL,NULL,'Post','tags','2010-06-02 13:46:56'),(409,225,217,NULL,NULL,'Post','tags','2010-06-02 13:46:56'),(410,220,218,NULL,NULL,'Post','tags','2010-06-02 13:46:56'),(411,220,219,NULL,NULL,'Post','tags','2010-06-02 13:46:57'),(412,220,220,NULL,NULL,'Post','tags','2010-06-02 13:46:57'),(413,226,221,NULL,NULL,'Post','tags','2010-06-02 13:46:57'),(414,15,222,NULL,NULL,'Post','tags','2010-06-02 13:46:58'),(415,15,223,NULL,NULL,'Post','tags','2010-06-02 13:46:58'),(416,221,224,NULL,NULL,'Post','tags','2010-06-02 13:46:58'),(417,221,225,NULL,NULL,'Post','tags','2010-06-02 13:46:59'),(418,221,226,NULL,NULL,'Post','tags','2010-06-02 13:46:59'),(419,221,227,NULL,NULL,'Post','tags','2010-06-02 13:46:59'),(420,222,228,NULL,NULL,'Post','tags','2010-06-02 13:47:00'),(421,227,228,NULL,NULL,'Post','tags','2010-06-02 13:47:00'),(422,58,229,NULL,NULL,'Post','tags','2010-06-02 13:47:00'),(423,94,229,NULL,NULL,'Post','tags','2010-06-02 13:47:00'),(424,228,230,NULL,NULL,'Post','tags','2010-06-02 13:47:01'),(425,229,231,NULL,NULL,'Post','tags','2010-06-02 13:47:01'),(426,230,231,NULL,NULL,'Post','tags','2010-06-02 13:47:01'),(427,231,233,NULL,NULL,'Post','tags','2010-06-02 13:47:02'),(428,232,233,NULL,NULL,'Post','tags','2010-06-02 13:47:02'),(429,233,234,NULL,NULL,'Post','tags','2010-06-02 13:47:02'),(430,222,235,NULL,NULL,'Post','tags','2010-06-02 13:47:02'),(431,222,236,NULL,NULL,'Post','tags','2010-06-02 13:47:03'),(432,222,237,NULL,NULL,'Post','tags','2010-06-02 13:47:03'),(433,210,238,NULL,NULL,'Post','tags','2010-06-02 13:47:03'),(434,234,238,NULL,NULL,'Post','tags','2010-06-02 13:47:03'),(435,235,238,NULL,NULL,'Post','tags','2010-06-02 13:47:03'),(436,205,239,NULL,NULL,'Post','tags','2010-06-02 13:47:04'),(437,225,239,NULL,NULL,'Post','tags','2010-06-02 13:47:04'),(438,234,239,NULL,NULL,'Post','tags','2010-06-02 13:47:04'),(439,236,239,NULL,NULL,'Post','tags','2010-06-02 13:47:04'),(440,237,239,NULL,NULL,'Post','tags','2010-06-02 13:47:04'),(441,238,239,NULL,NULL,'Post','tags','2010-06-02 13:47:04'),(442,221,240,NULL,NULL,'Post','tags','2010-06-02 13:47:04'),(443,239,240,NULL,NULL,'Post','tags','2010-06-02 13:47:04'),(444,240,240,NULL,NULL,'Post','tags','2010-06-02 13:47:04'),(445,241,241,NULL,NULL,'Post','tags','2010-06-02 13:47:04'),(446,219,242,NULL,NULL,'Post','tags','2010-06-02 13:47:05'),(447,15,243,NULL,NULL,'Post','tags','2010-06-02 13:47:05'),(448,179,243,NULL,NULL,'Post','tags','2010-06-02 13:47:05'),(449,180,243,NULL,NULL,'Post','tags','2010-06-02 13:47:05'),(450,230,243,NULL,NULL,'Post','tags','2010-06-02 13:47:05'),(451,242,243,NULL,NULL,'Post','tags','2010-06-02 13:47:05'),(452,243,245,NULL,NULL,'Post','tags','2010-06-02 13:47:06'),(453,210,246,NULL,NULL,'Post','tags','2010-06-02 13:47:06'),(454,210,247,NULL,NULL,'Post','tags','2010-06-02 13:47:06'),(455,193,248,NULL,NULL,'Post','tags','2010-06-02 13:47:07'),(456,244,248,NULL,NULL,'Post','tags','2010-06-02 13:47:07'),(457,186,249,NULL,NULL,'Post','tags','2010-06-02 13:47:07'),(458,186,250,NULL,NULL,'Post','tags','2010-06-02 13:47:07'),(459,245,251,NULL,NULL,'Post','tags','2010-06-02 13:47:08'),(460,222,252,NULL,NULL,'Post','tags','2010-06-02 13:47:08'),(461,230,253,NULL,NULL,'Post','tags','2010-06-02 13:47:08'),(462,230,254,NULL,NULL,'Post','tags','2010-06-02 13:47:09'),(463,230,255,NULL,NULL,'Post','tags','2010-06-02 13:47:09'),(464,193,256,NULL,NULL,'Post','tags','2010-06-02 13:47:09'),(465,193,260,NULL,NULL,'Post','tags','2010-06-02 13:47:10'),(466,193,261,NULL,NULL,'Post','tags','2010-06-02 13:47:11'),(467,223,262,NULL,NULL,'Post','tags','2010-06-02 13:47:11'),(468,246,262,NULL,NULL,'Post','tags','2010-06-02 13:47:11'),(469,150,263,NULL,NULL,'Post','tags','2010-06-02 13:47:12'),(470,225,263,NULL,NULL,'Post','tags','2010-06-02 13:47:12'),(471,246,263,NULL,NULL,'Post','tags','2010-06-02 13:47:12'),(472,247,263,NULL,NULL,'Post','tags','2010-06-02 13:47:12'),(473,248,263,NULL,NULL,'Post','tags','2010-06-02 13:47:12'),(474,249,263,NULL,NULL,'Post','tags','2010-06-02 13:47:12'),(475,250,263,NULL,NULL,'Post','tags','2010-06-02 13:47:12'),(476,251,263,NULL,NULL,'Post','tags','2010-06-02 13:47:12'),(477,246,264,NULL,NULL,'Post','tags','2010-06-02 13:47:12'),(478,246,265,NULL,NULL,'Post','tags','2010-06-02 13:47:13'),(479,246,266,NULL,NULL,'Post','tags','2010-06-02 13:47:13'),(480,246,267,NULL,NULL,'Post','tags','2010-06-02 13:47:13'),(481,186,268,NULL,NULL,'Post','tags','2010-06-02 13:47:13'),(482,193,268,NULL,NULL,'Post','tags','2010-06-02 13:47:13'),(483,197,268,NULL,NULL,'Post','tags','2010-06-02 13:47:13'),(484,223,268,NULL,NULL,'Post','tags','2010-06-02 13:47:13'),(485,246,268,NULL,NULL,'Post','tags','2010-06-02 13:47:13'),(486,252,268,NULL,NULL,'Post','tags','2010-06-02 13:47:13'),(487,253,268,NULL,NULL,'Post','tags','2010-06-02 13:47:13'),(488,254,268,NULL,NULL,'Post','tags','2010-06-02 13:47:13'),(489,186,269,NULL,NULL,'Post','tags','2010-06-02 13:47:14'),(490,193,269,NULL,NULL,'Post','tags','2010-06-02 13:47:14'),(491,223,269,NULL,NULL,'Post','tags','2010-06-02 13:47:14'),(492,246,269,NULL,NULL,'Post','tags','2010-06-02 13:47:14'),(493,248,269,NULL,NULL,'Post','tags','2010-06-02 13:47:14'),(494,252,269,NULL,NULL,'Post','tags','2010-06-02 13:47:14'),(495,253,269,NULL,NULL,'Post','tags','2010-06-02 13:47:14'),(496,186,270,NULL,NULL,'Post','tags','2010-06-02 13:47:14'),(497,196,270,NULL,NULL,'Post','tags','2010-06-02 13:47:14'),(498,197,270,NULL,NULL,'Post','tags','2010-06-02 13:47:14'),(499,223,270,NULL,NULL,'Post','tags','2010-06-02 13:47:14'),(500,246,270,NULL,NULL,'Post','tags','2010-06-02 13:47:14'),(501,252,270,NULL,NULL,'Post','tags','2010-06-02 13:47:14'),(502,255,270,NULL,NULL,'Post','tags','2010-06-02 13:47:14'),(503,256,270,NULL,NULL,'Post','tags','2010-06-02 13:47:15'),(504,246,271,NULL,NULL,'Post','tags','2010-06-02 13:47:15'),(505,179,272,NULL,NULL,'Post','tags','2010-06-02 13:47:15'),(506,186,272,NULL,NULL,'Post','tags','2010-06-02 13:47:15'),(507,193,272,NULL,NULL,'Post','tags','2010-06-02 13:47:15'),(508,223,272,NULL,NULL,'Post','tags','2010-06-02 13:47:15'),(509,246,272,NULL,NULL,'Post','tags','2010-06-02 13:47:15'),(510,257,272,NULL,NULL,'Post','tags','2010-06-02 13:47:15'),(511,258,272,NULL,NULL,'Post','tags','2010-06-02 13:47:15'),(512,259,272,NULL,NULL,'Post','tags','2010-06-02 13:47:15'),(513,179,273,NULL,NULL,'Post','tags','2010-06-02 13:47:16'),(514,186,273,NULL,NULL,'Post','tags','2010-06-02 13:47:16'),(515,193,273,NULL,NULL,'Post','tags','2010-06-02 13:47:16'),(516,223,273,NULL,NULL,'Post','tags','2010-06-02 13:47:16'),(517,246,273,NULL,NULL,'Post','tags','2010-06-02 13:47:16'),(518,259,273,NULL,NULL,'Post','tags','2010-06-02 13:47:16'),(519,260,273,NULL,NULL,'Post','tags','2010-06-02 13:47:16'),(520,261,273,NULL,NULL,'Post','tags','2010-06-02 13:47:16'),(521,262,274,NULL,NULL,'Post','tags','2010-06-02 13:47:16'),(522,263,274,NULL,NULL,'Post','tags','2010-06-02 13:47:16'),(523,262,275,NULL,NULL,'Post','tags','2010-06-02 13:47:17'),(524,262,276,NULL,NULL,'Post','tags','2010-06-02 13:47:17'),(525,264,276,NULL,NULL,'Post','tags','2010-06-02 13:47:17'),(526,262,277,NULL,NULL,'Post','tags','2010-06-02 13:47:18'),(527,262,278,NULL,NULL,'Post','tags','2010-06-02 13:47:18'),(528,265,278,NULL,NULL,'Post','tags','2010-06-02 13:47:18'),(529,262,279,NULL,NULL,'Post','tags','2010-06-02 13:47:18'),(530,266,279,NULL,NULL,'Post','tags','2010-06-02 13:47:18'),(531,135,280,NULL,NULL,'Post','tags','2010-06-02 13:47:18'),(532,262,280,NULL,NULL,'Post','tags','2010-06-02 13:47:18'),(533,262,281,NULL,NULL,'Post','tags','2010-06-02 13:47:19'),(534,262,282,NULL,NULL,'Post','tags','2010-06-02 13:47:19'),(535,267,282,NULL,NULL,'Post','tags','2010-06-02 13:47:19'),(536,135,283,NULL,NULL,'Post','tags','2010-06-02 13:47:19'),(537,262,283,NULL,NULL,'Post','tags','2010-06-02 13:47:19'),(538,135,284,NULL,NULL,'Post','tags','2010-06-02 13:47:20'),(539,262,284,NULL,NULL,'Post','tags','2010-06-02 13:47:20'),(540,262,285,NULL,NULL,'Post','tags','2010-06-02 13:47:20'),(541,130,286,NULL,NULL,'Post','tags','2010-06-02 13:47:20'),(542,262,286,NULL,NULL,'Post','tags','2010-06-02 13:47:20'),(543,268,286,NULL,NULL,'Post','tags','2010-06-02 13:47:20'),(544,269,286,NULL,NULL,'Post','tags','2010-06-02 13:47:20'),(545,130,287,NULL,NULL,'Post','tags','2010-06-02 13:47:21'),(546,180,287,NULL,NULL,'Post','tags','2010-06-02 13:47:21'),(547,262,287,NULL,NULL,'Post','tags','2010-06-02 13:47:21'),(548,268,287,NULL,NULL,'Post','tags','2010-06-02 13:47:21'),(549,130,288,NULL,NULL,'Post','tags','2010-06-02 13:47:21'),(550,262,288,NULL,NULL,'Post','tags','2010-06-02 13:47:21'),(551,268,288,NULL,NULL,'Post','tags','2010-06-02 13:47:21'),(552,270,288,NULL,NULL,'Post','tags','2010-06-02 13:47:21'),(553,130,289,NULL,NULL,'Post','tags','2010-06-02 13:47:22'),(554,262,289,NULL,NULL,'Post','tags','2010-06-02 13:47:22'),(555,268,289,NULL,NULL,'Post','tags','2010-06-02 13:47:22'),(556,130,290,NULL,NULL,'Post','tags','2010-06-02 13:47:22'),(557,262,290,NULL,NULL,'Post','tags','2010-06-02 13:47:22'),(558,268,290,NULL,NULL,'Post','tags','2010-06-02 13:47:22'),(559,130,291,NULL,NULL,'Post','tags','2010-06-02 13:47:23'),(560,262,291,NULL,NULL,'Post','tags','2010-06-02 13:47:23'),(561,268,291,NULL,NULL,'Post','tags','2010-06-02 13:47:23'),(562,271,291,NULL,NULL,'Post','tags','2010-06-02 13:47:23'),(563,128,292,NULL,NULL,'Post','tags','2010-06-02 13:47:23'),(564,130,292,NULL,NULL,'Post','tags','2010-06-02 13:47:23'),(565,262,292,NULL,NULL,'Post','tags','2010-06-02 13:47:23'),(566,268,292,NULL,NULL,'Post','tags','2010-06-02 13:47:23'),(567,130,293,NULL,NULL,'Post','tags','2010-06-02 13:47:23'),(568,262,293,NULL,NULL,'Post','tags','2010-06-02 13:47:23'),(569,268,293,NULL,NULL,'Post','tags','2010-06-02 13:47:23'),(570,130,294,NULL,NULL,'Post','tags','2010-06-02 13:47:24'),(571,262,294,NULL,NULL,'Post','tags','2010-06-02 13:47:24'),(572,268,294,NULL,NULL,'Post','tags','2010-06-02 13:47:24'),(573,271,294,NULL,NULL,'Post','tags','2010-06-02 13:47:24'),(574,130,295,NULL,NULL,'Post','tags','2010-06-02 13:47:24'),(575,262,295,NULL,NULL,'Post','tags','2010-06-02 13:47:24'),(576,268,295,NULL,NULL,'Post','tags','2010-06-02 13:47:24'),(577,271,295,NULL,NULL,'Post','tags','2010-06-02 13:47:24'),(578,130,296,NULL,NULL,'Post','tags','2010-06-02 13:47:24'),(579,262,296,NULL,NULL,'Post','tags','2010-06-02 13:47:24'),(580,268,296,NULL,NULL,'Post','tags','2010-06-02 13:47:24'),(581,130,297,NULL,NULL,'Post','tags','2010-06-02 13:47:25'),(582,262,297,NULL,NULL,'Post','tags','2010-06-02 13:47:25'),(583,268,297,NULL,NULL,'Post','tags','2010-06-02 13:47:25'),(584,272,297,NULL,NULL,'Post','tags','2010-06-02 13:47:25'),(585,130,298,NULL,NULL,'Post','tags','2010-06-02 13:47:25'),(586,262,298,NULL,NULL,'Post','tags','2010-06-02 13:47:25'),(587,268,298,NULL,NULL,'Post','tags','2010-06-02 13:47:25'),(588,262,299,NULL,NULL,'Post','tags','2010-06-02 13:47:25'),(589,273,299,NULL,NULL,'Post','tags','2010-06-02 13:47:25'),(590,262,300,NULL,NULL,'Post','tags','2010-06-02 13:47:26'),(591,274,300,NULL,NULL,'Post','tags','2010-06-02 13:47:26'),(592,262,301,NULL,NULL,'Post','tags','2010-06-02 13:47:26'),(593,275,301,NULL,NULL,'Post','tags','2010-06-02 13:47:26'),(594,262,302,NULL,NULL,'Post','tags','2010-06-02 13:47:27'),(595,275,302,NULL,NULL,'Post','tags','2010-06-02 13:47:27'),(596,262,303,NULL,NULL,'Post','tags','2010-06-02 13:47:27'),(597,275,303,NULL,NULL,'Post','tags','2010-06-02 13:47:27'),(598,262,304,NULL,NULL,'Post','tags','2010-06-02 13:47:27'),(599,269,304,NULL,NULL,'Post','tags','2010-06-02 13:47:27'),(600,275,304,NULL,NULL,'Post','tags','2010-06-02 13:47:28'),(601,262,305,NULL,NULL,'Post','tags','2010-06-02 13:47:28'),(602,269,305,NULL,NULL,'Post','tags','2010-06-02 13:47:28'),(603,275,305,NULL,NULL,'Post','tags','2010-06-02 13:47:28'),(604,262,306,NULL,NULL,'Post','tags','2010-06-02 13:47:28'),(605,269,306,NULL,NULL,'Post','tags','2010-06-02 13:47:28'),(606,275,306,NULL,NULL,'Post','tags','2010-06-02 13:47:28'),(607,262,307,NULL,NULL,'Post','tags','2010-06-02 13:47:28'),(608,275,307,NULL,NULL,'Post','tags','2010-06-02 13:47:28'),(609,262,308,NULL,NULL,'Post','tags','2010-06-02 13:47:29'),(610,269,308,NULL,NULL,'Post','tags','2010-06-02 13:47:29'),(611,275,308,NULL,NULL,'Post','tags','2010-06-02 13:47:29'),(612,262,309,NULL,NULL,'Post','tags','2010-06-02 13:47:29'),(613,275,309,NULL,NULL,'Post','tags','2010-06-02 13:47:29'),(614,276,309,NULL,NULL,'Post','tags','2010-06-02 13:47:29'),(615,262,310,NULL,NULL,'Post','tags','2010-06-02 13:47:29'),(616,269,310,NULL,NULL,'Post','tags','2010-06-02 13:47:29'),(617,275,310,NULL,NULL,'Post','tags','2010-06-02 13:47:30'),(618,262,311,NULL,NULL,'Post','tags','2010-06-02 13:47:30'),(619,275,311,NULL,NULL,'Post','tags','2010-06-02 13:47:30'),(620,210,312,NULL,NULL,'Post','tags','2010-06-02 13:47:30'),(621,262,312,NULL,NULL,'Post','tags','2010-06-02 13:47:30'),(622,275,312,NULL,NULL,'Post','tags','2010-06-02 13:47:30'),(623,262,313,NULL,NULL,'Post','tags','2010-06-02 13:47:31'),(624,275,313,NULL,NULL,'Post','tags','2010-06-02 13:47:31'),(625,277,313,NULL,NULL,'Post','tags','2010-06-02 13:47:31'),(626,262,314,NULL,NULL,'Post','tags','2010-06-02 13:47:31'),(627,275,314,NULL,NULL,'Post','tags','2010-06-02 13:47:31'),(628,262,315,NULL,NULL,'Post','tags','2010-06-02 13:47:31'),(629,269,315,NULL,NULL,'Post','tags','2010-06-02 13:47:31'),(630,275,315,NULL,NULL,'Post','tags','2010-06-02 13:47:31'),(631,262,316,NULL,NULL,'Post','tags','2010-06-02 13:47:32'),(632,269,316,NULL,NULL,'Post','tags','2010-06-02 13:47:32'),(633,275,316,NULL,NULL,'Post','tags','2010-06-02 13:47:32'),(634,262,317,NULL,NULL,'Post','tags','2010-06-02 13:47:32'),(635,275,317,NULL,NULL,'Post','tags','2010-06-02 13:47:32'),(636,262,318,NULL,NULL,'Post','tags','2010-06-02 13:47:33'),(637,269,318,NULL,NULL,'Post','tags','2010-06-02 13:47:33'),(638,275,318,NULL,NULL,'Post','tags','2010-06-02 13:47:33'),(639,262,319,NULL,NULL,'Post','tags','2010-06-02 13:47:33'),(640,275,319,NULL,NULL,'Post','tags','2010-06-02 13:47:33'),(641,262,320,NULL,NULL,'Post','tags','2010-06-02 13:47:33'),(642,275,320,NULL,NULL,'Post','tags','2010-06-02 13:47:33'),(643,278,320,NULL,NULL,'Post','tags','2010-06-02 13:47:33'),(644,262,321,NULL,NULL,'Post','tags','2010-06-02 13:47:33'),(645,269,321,NULL,NULL,'Post','tags','2010-06-02 13:47:33'),(646,275,321,NULL,NULL,'Post','tags','2010-06-02 13:47:33'),(647,128,322,NULL,NULL,'Post','tags','2010-06-03 06:32:24'),(649,279,322,NULL,NULL,'Post','tags','2010-06-03 06:32:24'),(650,280,322,NULL,NULL,'Post','tags','2010-06-03 06:32:24'),(651,281,322,NULL,NULL,'Post','tags','2010-06-03 06:32:24'),(652,175,322,NULL,NULL,'Post','tags','2010-06-03 06:33:19'),(653,175,323,NULL,NULL,'Post','tags','2010-06-03 06:38:11'),(654,218,323,NULL,NULL,'Post','tags','2010-06-03 06:38:11'),(655,282,323,NULL,NULL,'Post','tags','2010-06-03 06:38:11'),(656,283,324,NULL,NULL,'Post','tags','2010-06-03 09:06:33');
/*!40000 ALTER TABLE `taggings` ENABLE KEYS */;
UNLOCK TABLES;

--
-- Table structure for table `tags`
--

DROP TABLE IF EXISTS `tags`;
/*!40101 SET @saved_cs_client     = @@character_set_client */;
/*!40101 SET character_set_client = utf8 */;
CREATE TABLE `tags` (
  `id` int(11) NOT NULL AUTO_INCREMENT,
  `name` varchar(255) COLLATE utf8_unicode_ci DEFAULT NULL,
  PRIMARY KEY (`id`)
) ENGINE=InnoDB AUTO_INCREMENT=284 DEFAULT CHARSET=utf8 COLLATE=utf8_unicode_ci;
/*!40101 SET character_set_client = @saved_cs_client */;

--
-- Dumping data for table `tags`
--

LOCK TABLES `tags` WRITE;
/*!40000 ALTER TABLE `tags` DISABLE KEYS */;
INSERT INTO `tags` VALUES (1,'rjs'),(2,'form_for'),(3,'formtastic'),(4,'semantic_form_for'),(5,'fields_for'),(6,'semantic_fields_for'),(7,'Москва'),(8,'Wi-Fi'),(9,'Yota'),(10,'Beeline'),(11,'Билайн'),(12,'Йота'),(13,'4G'),(14,'Твиттер'),(15,'Twitter'),(16,'геолокация'),(17,'geolocation'),(18,'mail'),(19,'shazam'),(20,'аудио'),(21,'audio'),(22,'распознавание'),(23,'Покер'),(24,'Pocker'),(25,'Texas Hold `Em'),(26,'ssh'),(27,'консольный клиент'),(28,'Linux'),(29,'радио'),(30,'Интернет'),(31,'музыка'),(32,'On-Line'),(33,'shoutcast'),(34,'winamp'),(35,'gps'),(36,'машина'),(37,'windows'),(38,'администрирование'),(39,'терминальный клиент'),(40,'удаленное управление'),(41,'vnc'),(42,'карты'),(43,'Яндекс'),(44,'social'),(45,'социальная сеть'),(46,'позиционирование'),(47,'новости'),(48,'популярное'),(49,'друзья'),(50,'знакомства'),(51,'фотохостинг'),(52,'фото'),(53,'фотографии'),(54,'дополненная реальность'),(55,'русская'),(56,'браузер'),(57,'заладки'),(58,'дочитать'),(59,'прочитать позже'),(60,'Delicio.us'),(61,'закладки'),(62,'электронный кошелек'),(63,'электронные деньги'),(64,'Webmoney'),(65,'бодибилдинг'),(66,'спорт'),(67,'PayPal'),(68,'черный список'),(69,'нежелательные звонки'),(70,'hack'),(71,'warez'),(72,'Appstore'),(73,'софт'),(74,'стартап'),(75,'vlc'),(76,'todo'),(77,'сделать'),(78,'startuppoint'),(79,'vi'),(80,'vim'),(81,'gvim'),(82,'заметки'),(83,'новый тег!'),(84,'гамно'),(85,'новейший тег'),(86,'другой тег'),(87,'еще одна проверка'),(88,'когда же я устроюсь на работу :)'),(89,'jkh|jhh|'),(90,'asdf'),(91,'тест'),(92,'f|a'),(93,'jkh'),(94,'проверка'),(95,'r аудио'),(96,'радиrо'),(97,'Интернетr'),(98,'аудиоо'),(99,'ароадио'),(100,'Интернетrоооа'),(101,'лароадио'),(102,'Интернетrоооалд'),(103,'Интернетrоооалдd'),(104,'аудиооf'),(105,'музыкаft'),(106,'музыкаftf'),(107,'музыкаftfrf'),(108,'воронка'),(109,'acts_as_paranoid'),(110,'asset-hosting-with-minimum-ssl'),(111,'cucumber'),(112,'email-spec'),(113,'localized_country_select'),(114,'mimetype-fu'),(115,'permalink_fu'),(116,'restful-authentication'),(117,'rspec-on-rails-matchers'),(118,'tabnav'),(119,'validates_email_format_of'),(120,'view_specify'),(121,'weakling'),(122,'1'),(123,'2'),(124,'flickr'),(125,'на третьем уровне'),(126,'flickr.com'),(127,'красивая'),(128,'javascript'),(129,'Google Chrome'),(130,'Firefox'),(131,'Technology'),(132,'News'),(133,'АИР'),(134,'конференция веб-разработчиков'),(135,'mysql'),(136,'monty'),(137,'mariadb'),(138,'open source'),(139,'инди-игры'),(140,'world of goo'),(141,'aquaria'),(142,'gish'),(143,'lugaru'),(144,'penumbra'),(145,'samorost'),(146,'gpl v2'),(147,'хостинг-провайдер'),(148,'хостинг'),(149,'woto'),(150,'blog'),(151,'weppos'),(152,'www'),(153,'tenderlove'),(154,'nokogiri'),(155,'mloughran'),(156,'api_cache'),(157,'ry'),(158,'node'),(159,'mreinsch'),(160,'auto_complete_jquery'),(161,'cainlevy'),(162,'components'),(163,'neocoin'),(164,'jrails'),(165,'inaturalist'),(166,'brentmc79'),(167,'extension'),(168,'darmok'),(169,'who'),(170,'sstephenson'),(171,'sprockets'),(172,'carlhuda'),(173,'bundler'),(174,'reinh'),(175,'jquery'),(176,'FooBarWidget'),(177,'money'),(178,'insoshi'),(179,'opensource'),(180,'php'),(181,'learning'),(182,'browser'),(183,'validate'),(184,'screenshot'),(185,'screenshots'),(186,'rails'),(187,'tips'),(188,'compressor'),(189,'yui'),(190,'ubuntu_10.04'),(191,'отдых'),(192,'развлечения'),(193,'rubyonrails'),(194,'russian'),(195,'посмотреть_ответ'),(196,'github'),(197,'api'),(198,'git'),(199,'iphone'),(200,'objective-c'),(201,'почитать'),(202,'блоки_в_руби'),(203,'покурить'),(204,'полезно'),(205,'freelance'),(206,'вкурить'),(207,'ассоциации_дочитать'),(208,'инициализация_дочитать'),(209,'места2'),(210,'Web2.0'),(211,'фотоопт'),(212,'2008'),(213,'90'),(214,'3'),(215,'5'),(216,'места'),(217,'4'),(218,'multiselect'),(219,'oauth'),(220,'rails3'),(221,'photoprint'),(222,'startuphelp'),(223,'ruby'),(224,'покуривать_время_от_времени'),(225,'seo'),(226,'python'),(227,'партнерство'),(228,'domain'),(229,'conference'),(230,'startup'),(231,'nlp'),(232,'java'),(233,'readthis!'),(234,'inspiration'),(235,'catalog'),(236,'ideas'),(237,'business'),(238,'work'),(239,'photo'),(240,'print'),(241,'webhosting'),(242,'statusnet'),(243,'досмотреть_и_удалить'),(244,'bayesian'),(245,'haml'),(246,'from_toshiba'),(247,'google'),(248,'tutorial'),(249,'оптимизация'),(250,'webdev'),(251,'сайт'),(252,'documentation'),(253,'reference'),(254,'rspec'),(255,'rdoc'),(256,'docs'),(257,'application'),(258,'gallery'),(259,'free'),(260,'apps'),(261,'ecommerce'),(262,'imported'),(263,'tv'),(264,'scalability'),(265,'search'),(266,'deliGoo'),(267,'storage'),(268,'from'),(269,'css'),(270,'slideshow'),(271,'WYSIWYG'),(272,'mootools'),(273,'MozillaFirefox'),(274,'firefox:toolbar'),(275,'firefox:bookmarks'),(276,'photoshop'),(277,'flash'),(278,'design'),(279,'букмарклет'),(280,'bookmarklet'),(281,'Blueprint'),(282,'plugin'),(283,'проверяемый');
/*!40000 ALTER TABLE `tags` ENABLE KEYS */;
UNLOCK TABLES;

--
-- Table structure for table `users`
--

DROP TABLE IF EXISTS `users`;
/*!40101 SET @saved_cs_client     = @@character_set_client */;
/*!40101 SET character_set_client = utf8 */;
CREATE TABLE `users` (
  `id` int(11) NOT NULL AUTO_INCREMENT,
  `created_at` datetime DEFAULT NULL,
  `updated_at` datetime DEFAULT NULL,
  `login` varchar(255) COLLATE utf8_unicode_ci NOT NULL,
  `crypted_password` varchar(255) COLLATE utf8_unicode_ci DEFAULT NULL,
  `password_salt` varchar(255) COLLATE utf8_unicode_ci DEFAULT NULL,
  `persistence_token` varchar(255) COLLATE utf8_unicode_ci NOT NULL,
  `perishable_token` varchar(255) COLLATE utf8_unicode_ci NOT NULL,
  `email` varchar(255) COLLATE utf8_unicode_ci DEFAULT NULL,
  PRIMARY KEY (`id`),
  KEY `index_users_on_login` (`login`),
  KEY `index_users_on_persistence_token` (`persistence_token`),
  KEY `index_users_on_perishable_token` (`perishable_token`),
  KEY `index_users_on_email` (`email`)
) ENGINE=InnoDB AUTO_INCREMENT=3 DEFAULT CHARSET=utf8 COLLATE=utf8_unicode_ci;
/*!40101 SET character_set_client = @saved_cs_client */;

--
-- Dumping data for table `users`
--

LOCK TABLES `users` WRITE;
/*!40000 ALTER TABLE `users` DISABLE KEYS */;
INSERT INTO `users` VALUES (1,'2010-05-25 22:01:11','2010-06-04 03:57:44','woto','e20fa35ce2f94a6b9ebc6ae1aa4b0c16c32162c4574e1b4f132a6dcb1667daac30328a5fb5bab35932e561a29eea13e6c75c640e4896cd513349cfee667bea36','MaVzIorMkJwWcROb_p15','a41c53753d1c04229ff055aa470393f18a2d620840e6e1c6c194e5535ae9132877dd08dcab1598243972cc42c77dfdd76c7292a588972b008303b18c18fc85ce','Uvcn_kTkZscFTp-1fSaZ','oganer@gmail.com'),(2,'2010-05-26 23:17:50','2010-05-26 23:18:31','woto2','0d6b1138b18c09c7dfaa93246def7fe21c1872a4afeea6a906f7d8b46ed03bf502a6f731a467b6b41aac03b1cddac66fabfde4bb7525a87554b176a5501e5753','Dtx6NGXCw3WC0-5M5GaX','a1e6c8164b75fdbf49779c9d59a13315a422895666f8e391e66f579275b3b272ff73efc3c0766e04b3c0c717e45d0dade0436773dfda6ebfe163b41165a1fa1d','GGHQ2sNg7SPMcEuXXmfq','woto@mail.ru');
/*!40000 ALTER TABLE `users` ENABLE KEYS */;
UNLOCK TABLES;
/*!40103 SET TIME_ZONE=@OLD_TIME_ZONE */;

/*!40101 SET SQL_MODE=@OLD_SQL_MODE */;
/*!40014 SET FOREIGN_KEY_CHECKS=@OLD_FOREIGN_KEY_CHECKS */;
/*!40014 SET UNIQUE_CHECKS=@OLD_UNIQUE_CHECKS */;
/*!40101 SET CHARACTER_SET_CLIENT=@OLD_CHARACTER_SET_CLIENT */;
/*!40101 SET CHARACTER_SET_RESULTS=@OLD_CHARACTER_SET_RESULTS */;
/*!40101 SET COLLATION_CONNECTION=@OLD_COLLATION_CONNECTION */;
/*!40111 SET SQL_NOTES=@OLD_SQL_NOTES */;

-- Dump completed on 2010-06-05 14:28:54
